5c382b
5c392c
5d392b
5d392b
5b362a
5c372a
5e392c
59362a
5c3a30
563428
57362a
523526
573c2a
563e2b
543d2a
583628
583c34
443330
2f211b
503c2f
6c503d
694933
694835
6e4b3b
6e4b3a
6d4c39
6e4c3a
6c4c38
6c4d38
6c4d38
6c4d38
6b4d39
6b4d39
6b4d39
6b4d39
6b4e39
6b4e39
6c4d39
6e4d3a
6e4d3a
6e4d3a
6e4d3a
6e4d3a
6e4d3a
6e4d3a
6f4d3a
704d3a
704d3a
6f4d3a
6d4c39
6f4e3b
6a4b37
6c4e3a
6a4f3b
6b503c
6b503c
6b503d
6b513c
6b503d
6b503c
6b503d
6b503e
6b503b
6a4f3b
6b4f3a
6a4e39
6a4f39
674d35
6c543b
6c543b
6e543c
6c523b
6b5039
6e513b
6d513a
6e513a
6f503b
6d4e39
6e4f39
6e5038
6e5037
6e5137
6d5236
72503a
744f3c
70513c
6f523c
724f3c
734f3c
6d533c
69593f
69553b
66523d
6c5d50
4c453f
23211f
30302e
434542
42433e
434942
3b403a
3e433d
3c413b
3a3f39
3e433d
3e433d
3e413d
3a3b39
383a37
3b3d3a
3b3d3a
3b3d3a
444642
3b3e3d
1e2528
25292b
303434
2b3438
2d3a3d
272d2d
454037
675545
6e523f
6a513d
664e3b
665344
635547
2f271d
332f26
453b32
483d31
4b3f31
4e4232
514534
544935
5a4e38
575239
535038
5d4f39
624531
704433
774432
7a422f
7b4430
7c4732
7a4732
794530
78442f
78442f
78442f
794530
784530
78462f
774730
794730
794730
79462f
7a462f
7b4530
7a4731
75432d
7c4631
7d412e
80412f
81412f
7f402f
7e412f
80422c
7f4328
7e4529
7f462b
7f472c
7e462b
7c4328
7d452b
7e472f
7d452e
7b402a
7d412b
7c3f2a
7e3e2a
7f3e2a
7e3e2d
81402f
7d3e2d
7e3f2e
7d3e2d
7d3e2d
824231
7f412f
794630
764630
764730
73462e
754931
73472e
6c422a
714a2f
6b472e
684331
6c4736
64432f
674a35
5a4236
34211c
433125
634e35
735736
86623f
855c40
7c5139
81583e
80593b
7f5739
815538
81553a
805e44
6e553d
3d210f
502e25
81553b
8a5432
8a5136
855439
785137
714f34
784f39
704c35
342a18
301f25
513a2a
664a2a
674337
674337
64442f
644430
5f402a
61422d
63442f
62432e
63442f
62432e
62432e
62432e
61422d
62432e
62432e
62432e
62432e
5e3f2a
61422d
60412c
60412c
60412c
60412c
60412c
5f402b
60412c
644530
5d3e29
60412c
62432f
61422e
624331
624331
624331
624232
624232
624232
614132
634334
5a3a2a
5c3c2e
614132
5b3c2a
5a3b29
5c3d2b
5c3d2b
5c3d2b
5c3d2b
5b3d2a
523c27
5a452f
59402b
5c412c
5d412c
5e3f2b
5f3d28
603d29
5f3f2b
5b3b27
5a3b27
5e402c
593d28
593d28
573b26
593d2a
593e2d
5a3e2d
54392a
513a2c
4f392c
513c32
4a3a2c
413c2b
3d3a31
2d2928
292624
3e3a30
4a4337
4b4138
494238
484438
484337
484236
463f34
473f34
484035
494035
454034
503a2a
513c2b
513b2b
513b2b
50392a
513b2b
523c2b
543e2f
5b4034
563c2f
563b2d
523828
563d2c
57402f
58402f
553c2b
503d33
39342d
232118
473d2c
63513b
5e4a32
644d38
6c4c3b
6a4b39
6b4b39
6e4b3a
6f4c39
6f4c38
704b37
6f4c39
6e4c39
6e4c39
6e4c39
6e4c39
6e4c39
6e4c39
6e4c39
6f4d3a
6f4c39
6f4d3a
6f4c39
6f4c39
6f4d3a
6f4c39
6f4c3a
6f4c3a
6e4c39
6e4d3a
6d4e3a
6f513c
6c4e3a
6c503b
6c503a
6c503b
6c503b
6c503b
6d513b
6d513c
6d513b
6d523e
6e5345
6c5143
6b4f41
684b3d
6d5040
6e4f3e
70513f
6e4f3e
6c4e3c
6f5240
6c4f3e
6d4f3f
6b503d
6b4e3d
6e513f
6a503a
6e553f
725841
6f543c
6b5038
70533a
6e5037
714f3a
734f3c
70523c
6f523c
724f3c
744f3c
6f533d
6a583e
6b563d
65523b
6a5c4e
4c453f
24211f
333331
424441
434540
414640
3b403a
3d423c
3c413b
3f443e
3d423c
383d37
3a3d39
393b38
363835
3a3c39
3c3e3b
3a3c39
434442
3d4040
1f2528
26292b
323535
2f373a
2d383b
262c2b
403b31
6a5747
6d5340
6d5340
664f3b
665343
5d4f41
2b2319
2f2b23
473f35
463c30
4d4133
514333
554535
5d4936
614b37
5b4832
5a4a32
5f4631
684331
704130
794332
76402e
794530
77432e
77422d
77422e
75412c
7a4631
7b4732
7a4631
794530
76442e
784731
794832
794831
77462f
74452d
774730
74452d
76472f
77452e
7b442f
7e4531
7e432f
7d4330
7e4631
7d432a
7e4429
80462b
81482d
7f472c
7e462b
7a4227
7b442a
7e4932
7c4730
77412a
7e4830
7d452e
7c412c
7d422e
7d412f
7e412f
7b3f2d
7e4330
7b422e
7d4532
79422e
79442f
754630
754630
74462f
70422b
72452e
71452d
6e442c
6d472c
69452d
694432
6a4736
654530
614630
5d4739
392520
402f22
675038
705231
7e5836
815539
7b4d37
795035
785332
795233
7e5235
7d5036
7c593f
695038
371e0b
4d2e24
80563e
845130
874e33
855237
764d33
6e4c31
704933
79553e
3a2f1c
311f26
543c2c
654827
684438
664236
62422c
644430
63432e
5f402b
60412c
62432e
644530
60412c
61422d
62432e
62432e
5b3c27
5f402b
5f402b
63442f
654631
60412c
60412c
60412c
60412c
60412c
5f402b
5f402b
5f402b
63442f
5b3c27
5d3e29
5d3e2a
5c3d29
5d3e2c
5d3e2c
5d3e2c
5d3d2e
5d3d2e
5d3d2e
5b3b2c
5a3a2b
5d3d2e
5d3c2d
5e3e2e
614230
614230
60412f
60412f
60412f
60412f
5f412e
5b412f
5c442f
5d412f
5d402d
5d412c
5f3f2b
60402a
60412c
603e2c
5d3d29
5a3b27
5f422d
5a3f2a
5d412c
5b402b
5c402d
5a3f2e
5d4231
553a2c
513a2c
4f392b
533f34
48382a
413c2a
3e3a31
2d2928
292523
3e382f
4a4337
4c4239
4a4238
494539
4b463a
494337
474034
473f34
473f34
493f35
494137
4a3b2a
4c3d2b
4c3d2b
4d3d2b
4c3d2c
4e3e2c
4d3f2c
4f3e2e
513d2f
503d2f
513d2f
4f3c2c
533f2f
543f2d
523d2b
523d2c
4d3e35
38352e
242119
4a3f30
5f4e39
63533b
5d4b36
694d3c
674a3a
694c39
6c4c3a
6f4b3a
704a38
714a38
704a39
6f4c39
704c3a
704b39
704c3a
704c3a
704b39
6f4c39
6e4c39
6d4c39
6d4c39
6e4d39
6e4c3a
6d4c38
6e4c39
6d4c39
6c4d39
6c4d39
6b4c38
6b4e39
6c503b
6d513c
684d38
6a4e38
6a4e37
6b4f39
6a4e38
6c5039
6c513a
6c5139
6b513b
6b523f
6c5240
6d523f
6f513e
6b4c39
6c4b37
6e4d39
6e4c3a
775544
6e503d
6f5441
6c513e
6e533f
6d523e
6f5340
6b5740
6a5740
6a543c
6a523b
6a4f39
6f533c
705239
704e39
72513c
6e523c
6e523c
724f3c
744e3c
70523d
6b583f
6d583e
66533d
695b4d
4b443f
252220
333331
424440
444641
434842
3c413b
3e433d
3b403a
454a44
3b403a
363b35
383b37
393b38
343633
383a37
3d3f3c
3a3c39
3e3f3c
3c3f3e
1f2428
292a2a
343534
32393c
2f393c
262b28
443d32
675644
6a543f
68503c
66503c
62503f
5b4c3e
2c2319
312a23
453f35
494135
4b3f32
564637
5b4536
664835
6b4634
6d4634
6e4835
6d4330
744331
784230
7c4532
7b4530
7f4b35
7d4833
7e4532
7e4732
7e4832
7e4732
7c4531
7b432f
78432e
77462f
75452f
7b4a34
774731
764830
71442c
73472e
71452d
71452c
784931
74452d
784630
76422c
7a4630
7e4c35
7c452b
7d432b
7f452d
80452d
80462e
80482f
7a452a
79472c
77462f
7e4c35
794730
76452d
78472f
78452e
7b4832
7d4934
77422e
7b4732
77432e
713d28
764630
70432c
70452d
72462f
70432d
6e412a
72452f
72452f
71442d
6e412a
6a442a
684630
684433
684434
63432f
614730
5b4635
322119
412f23
674f3b
725031
825535
89583d
794a31
784e2f
77522f
785233
794c2f
7b4f34
765138
654d34
38220f
492f23
704d34
7f5232
88533a
835038
70482f
704e33
714c34
7a573e
3d301e
311b23
553b2c
664728
694539
654235
61422b
644631
61422c
5f412c
5f402b
62432e
654631
60412c
60412c
62432e
60412c
583924
5d3e29
61422d
62432e
61422d
5f402b
60412c
60412c
60412c
5f402b
5f402b
5f402b
60412c
62432e
5c3d28
5d3e29
5d3e29
5d3e2a
5d3e2c
5d3e2c
5d3e2c
5d3e2d
5d3e2d
5d3e2d
5d3d2c
5d3e2d
5e3e2d
5a3b2a
5d3d2c
5e3f2d
5b3c2a
593a28
5a3b29
5a3b29
5a3b29
5a3b29
5b3f2e
5a3f2e
5d412f
5d4030
5e402d
5f3f2b
5f3e2b
5f3e2b
5f3e2b
5f3f2c
5d3f2b
5e402c
573c27
5a3e29
573c27
593c2a
573c2b
583d2b
54392b
4e3729
4e392b
554036
48382a
423c2a
3e3b31
2d2927
292524
3c382f
4a4337
4c4339
494136
484538
4d483c
4a4438
4b4439
4c4439
4b4438
4c4238
4d4339
4f3a2b
4f3a2b
4f3a2c
4f3a2c
533e30
533e30
523c2e
513e31
4e3c2f
4f3d2f
4f3d2f
4f3d2e
4e3c2d
503e2e
4d3a28
553d2f
554039
3d3130
2b1f1c
4e3a30
68503f
59442f
604c38
624a39
664c3c
664c3a
684c39
684937
6b4b39
6e4c3a
6b4b37
694c38
694b37
694b37
6a4c38
6c4d39
6a4c38
694d38
674b36
684c37
684c37
684d38
674c37
684c37
684b36
6a4d38
684c37
684d38
6a4f3a
6c503b
694e39
6c523d
68503a
6b533c
6b533c
6c533d
6b523c
6a523b
69513a
684f39
685038
6b563d
6c553d
6b543b
6d543b
6d553b
70563c
71583d
71553d
70553e
745c44
6d5940
6b583d
735c43
765a43
72533d
6c5540
6c5742
735b46
705641
70553f
6e513b
70513b
6f4e3a
71523c
6d533c
6d533c
72503c
754e3b
71523d
6c573e
6d593e
6b5741
6b5d4f
4b443e
22201e
2f302e
434541
42453f
424741
3c413b
3c413b
3b403a
414640
3b403a
353b34
323430
363935
333632
393b38
3c3e3b
3a3c39
3e403c
3b3d3b
1e2224
292929
3b3a39
343a3b
313a3e
242725
473e32
665643
66533c
6b5641
63513c
5e4e3d
56493b
2d241b
322b23
484138
463f33
4f4537
554837
5b4432
694734
6e402e
73412e
804a38
763f2d
7f4734
834936
804835
804834
7f4934
814934
814833
804833
7f4732
7d4630
7d452f
7e4530
7e4832
784730
71412a
74432c
76442d
77442e
7d4b35
7a4832
794831
75462e
71432b
764a31
75472f
754730
784730
76452f
7a452d
7c462d
7f4630
7e422c
7f442f
7d472f
76452b
77492f
7a4832
774430
75422e
72422c
75462f
73452d
75462e
71462e
6e442c
73442d
75422d
75432e
73442e
6b4229
6e462d
6f442f
6e442e
704530
704631
70442f
6e412c
6a3e29
674029
62402a
644030
634132
5e3f2b
614a31
584633
36251d
422f24
6a503b
724d2e
825130
8b553a
7f4e33
7f5432
795632
7a5536
774a2d
805338
79533b
644c35
36230f
453224
64482e
754f31
87563f
7e4d37
684128
724f35
6e4b32
785a3e
443422
30181f
57392b
674729
694238
644134
62442d
684a35
5d3e28
61422d
62432e
62432e
654631
62432e
61422d
60412c
5e3f2a
5b3c27
5b3c27
5f402b
60412c
5f402b
60412c
60412c
60412c
60412c
60412c
60412c
60412c
61422d
62432e
5c3d28
5b3c26
5b3c27
5d3e2b
5d3e2c
5d3e2c
5d3e2c
5d3e2c
5d3e2c
5d3e2c
5d3e2c
5e3f2c
5e402d
5d3f2c
5e3f2c
5d3e2c
5c3d2b
5b3c2a
5b3c2a
5b3c2a
5c3d2b
5c3c2b
5d3d2f
5d3f31
5e3f2f
5f3f2f
5f402e
5f3f2d
5f3e2c
5f3e2b
603f2c
603f2c
61422e
593c27
563b26
583c27
583d27
573b28
583d2b
583d2c
53382a
4c3527
4c3629
553f34
4a3a2c
433d2c
3e3a31
2c2829
292624
3c382e
484135
4b4138
494137
484538
4e493d
4b4538
4c453a
4c4439
4d4539
4f453b
4f443a
533d30
533e30
543e32
563f33
584234
574034
523d30
543d32
563f34
553f32
533f32
534032
554333
524231
514130
5a4335
5a4740
3f3333
2d201e
58443a
6e5745
64513c
624f3c
6b5746
695344
6b5443
6e5845
6e5744
6d5743
6c5642
6e5942
6a563e
6d5941
6a563e
705b44
6d5841
715d45
6d5942
6f5a43
6b563f
705c44
6c563f
6f5a42
6b563f
725e47
6d553f
785d48
6d523e
6d543e
6c533d
6d563f
69533c
6b5740
6a5642
695744
685440
675441
685541
66523f
675440
6a5542
6d5445
6b5244
675141
6b5644
61503a
5b4b36
5c4f38
53402d
4f3d2c
4c3e2b
473a27
493b28
543f2e
634538
674538
654637
6d503e
70513f
715340
765843
72523e
6c4d39
6f503b
6e523c
6c533c
6e533c
724f3b
764e3c
72513d
6d553e
6c573d
6b5741
6c5e50
4b433e
22201d
31312f
444643
3f423d
434842
3d423c
3a3f39
3d413b
434741
3b403a
343a33
353834
353634
353834
3b3d3a
3e403d
3c3e3b
3f403d
40413f
202425
282826
383634
333738
31373a
272926
463d2f
685844
61523b
665640
5c4b35
604f3e
574b3d
2d241b
312a22
474037
474034
4a4434
534b37
5e4b35
65452f
714430
77422c
7d432e
814733
7f4730
814934
804834
814935
804834
814933
824a33
824933
804831
814931
7d462e
7a412b
7b452e
73442d
774630
77452e
7b442f
7e4531
7f4532
824431
7f4631
7f4c36
74442d
774a32
74472e
754830
75452e
76442e
77462e
7b472e
7f452f
824430
7f422e
7c462f
7b4d33
75472e
76402c
77412d
7a4631
77442f
72422c
754730
73452e
6a452b
6b492e
6e432b
703e28
76422d
74422d
72452e
6e432b
6d4631
6d4531
6f4632
704632
734735
724431
6d402d
68412d
61412c
624031
624131
60442d
614a30
574532
35261a
433124
6b4f3b
744d2e
895535
8b5135
814c30
7f532f
78552e
775434
7c4f32
7e4e35
744e36
654d34
362711
403021
624c33
7b563b
855540
7b4c36
704930
6e4c31
6d4d34
715339
463322
301720
58382b
694729
694339
654235
5f422b
5e412c
5f402b
60412c
63442f
62432e
62432e
664732
62432e
5f402b
62432e
5d3e29
5c3d28
5f402b
61422d
5f402b
60412c
60412c
60412c
60412c
60412c
60412c
60412c
60412c
62432e
5b3c27
5b3c27
5b3c28
5d3e2a
5c3d2b
5c3d2b
5c3d2b
5c3d29
5c3d29
5c3d29
5c3d29
5c3d29
5c3d29
5d3e29
5d3e2b
5d3e2c
5d3e2c
5d3e2c
5c3d2b
5d3e2c
5d3e2c
5d3e2c
603d31
5f3d31
5f3e31
613f30
603f2f
5f3f2e
5e3f2d
5e3e2b
603f2c
60402c
62422e
593c27
573b26
583c27
583c27
573b28
583d2b
583d2d
54392a
4c3527
4c3629
543f35
4a392b
433e2c
3d3930
2a2626
272321
3c382f
484135
4b4138
4b4239
484438
4a4539
474135
453d32
443b31
463d32
473e33
443e32
3e281a
3f291c
402b1d
412b1f
432c22
412921
3f281f
412720
40241e
3f241d
3f271e
3b251a
342115
362618
362719
382617
37271b
2f231c
231811
36281e
3d2e23
3f3227
413529
3f3122
3f3223
443726
433625
443928
3f3523
3e3421
433723
453722
463822
453721
453621
453520
463721
463621
463723
453623
463523
463523
493625
473423
4a3525
432c1c
4b301f
482e1d
4f3523
4d3220
4c3120
4b2f1d
4e3221
472e1c
442d1c
442d1b
422b19
462d1a
432a18
452c1a
472d1c
472b1e
482d20
482e21
482d20
462d1f
40281a
412a1c
472e1e
462b1c
422817
462d1c
48301f
472e20
3a2218
462b24
5a3831
5c3b2e
684736
745542
725441
735744
705540
6e533c
70523d
72543e
6f503a
70503b
70513c
6f533c
6e563d
6d553c
69553f
6c5e50
4b443f
22211e
2f302e
444542
3f413c
464a45
3b413a
3c403a
40423d
454641
3e3f3a
3a3b36
383d39
363939
2e3231
343737
3e3f3e
3d3e3e
3f3f3f
3d3c3d
222427
28292a
2f3331
343a3c
32353a
2d2b2a
473c2e
625742
5f5440
665542
5f4d3a
5e4e3e
534c3b
292618
2e2d20
4a4538
494332
433f2c
4e4634
554634
57412f
694c3c
6d4532
79432b
7a442b
814d34
7c4831
7e4932
7f4936
804a36
824b31
834a2e
824a2f
81492e
7e462c
824a31
854b34
804832
75452f
744631
7b4a34
824c38
7e4330
824332
834532
7d432f
7f4935
77442e
774731
75462f
774731
76462f
78462f
76452e
79462f
7c4731
7d4531
7b442f
75442e
75462f
74452e
74402d
74412d
754430
774833
6f402c
734430
72432e
6d452e
67422b
6c422c
70432e
6e402c
6c3e2a
70432f
683f2a
6a452f
6c4732
6e4833
714833
704533
6f4433
704332
673e2a
643f2b
633f31
60412f
5f452e
5e4930
584734
38271d
422e22
6c4d3b
794d34
895436
885435
814f2f
7d4f2c
7e5732
7b5539
7b4d33
7c4c33
7f553d
6b4b36
3d2616
3f2c21
644d37
7d5a3f
80553c
7c5036
785336
755536
785439
7a583d
483625
351a23
573732
654429
674433
624133
5c402a
61452d
61422d
60412c
61422c
63452f
63432e
664631
64442f
60402b
61422d
5c3d28
5b3c27
5e3f2a
61422d
5f402b
61422d
60412c
61422d
61422d
61422d
61422d
61422d
60412c
62432e
5b3c27
5a3b27
5d3e2a
5c3d28
5c3d29
5c3d2b
5c3d2a
5c3b28
5c3b28
5c3b28
5b3b27
5c3b28
5c3b28
5b3a27
5c3c29
5c3d2b
5d3e2c
5e3f2d
5d3e2c
5d3e2b
5d3e2c
5d3e2c
603f30
603f2f
603f30
603f2f
603f2f
5f3f2e
5e3f2d
5f3f2d
5f3f2b
60402c
5d3e2a
5b3b27
5a3a27
5b3a29
593b29
5b3a2a
5c3c2e
573b2d
52392b
4a3527
4a3729
533f34
4a382b
463f2e
3e3732
2c2529
272222
3d382f
484034
4b4037
4a4239
464437
444136
403c31
433d34
443d35
453d35
463c35
463e34
6f4a3a
6d4838
654031
633e33
613c32
633d36
67413b
654037
633e31
623e31
5f3c2e
5f3d2e
5e3d2f
624333
5e3f2f
5c3d2a
583925
5c3f2e
5e4333
583e31
543b31
503932
4e372e
543828
513525
4f3323
503423
503524
4e3222
523526
503625
4f3724
4e3523
523825
503625
513624
513523
513624
4e3624
503624
503625
533626
583829
5a382a
5b3729
5c3829
603e2b
65412f
6a4532
6b4230
6f4532
704532
714533
704834
6f4a35
704935
704833
724835
724734
734835
724733
704830
714932
714934
744835
764938
754939
754838
754a37
7f543c
83553c
7d5238
7a553c
654935
382717
3e2d24
50302e
4f2f24
583924
644631
6e513f
755848
6c523a
6e553c
72543f
724f3a
724f39
6e5039
6c533a
6d563d
6f563d
6e553c
68543e
685d4f
4b463f
1f201c
30302f
444441
40423d
464944
3c413b
3c403a
42423d
454641
3e3d39
3b3a36
3e413e
323736
2e3230
353737
383939
3d3d3d
464546
434244
272427
292828
303534
323538
34323a
31282b
493b31
62523d
66503a
6e503d
6a4c3e
665345
51473a
2f2a1f
312b22
463f36
50473e
52473d
5b4b3e
665043
664d3f
684b3d
714e3d
794f37
7a4e38
784a36
7c4b38
7e4835
814838
804536
7d4730
7d4832
7d4834
7e4933
7e4932
804b35
824c38
7a412d
7e472f
76452b
704329
7f4d35
7c442f
804835
7c4c37
7a4835
7d4833
76422d
76432e
774530
764631
754730
754730
77462f
794730
75452d
74442e
774530
73442e
764733
794a35
71422f
724330
72442f
70432e
734530
72432f
724530
6e432e
6e442e
6f4530
6f4631
69432e
68422e
6a4330
6b4530
664129
6e4932
6c452e
69432e
6e4431
714736
6d4231
673d2a
66402b
633f2e
5e3f2e
604730
634e35
594735
3b2921
422b1e
724d3d
774832
875537
865735
7e532e
7a4a28
855539
7f563e
794f35
7e5036
7f543b
6f4a36
482b1e
422a22
664a37
7d573c
80563a
7e5535
76532f
735430
7a5334
775135
4c3a2a
351c22
543437
61412b
63422a
654636
5b4228
614729
60412a
62442c
62442c
63442d
64442d
64432d
63412c
654530
60412c
5e402a
5f402b
60422d
63442f
61422d
61422d
61422d
61422d
61422d
61422d
61422d
61422d
61422d
62432e
60412c
5a3b26
5d3e29
5e3f2a
5e3f2a
5e3f2a
5e3e29
5d3c29
5d3c29
5d3c29
5d3c29
5e3d2a
5f3d2a
5d3b29
5b3b28
5b3c28
5c3d29
5d3e2a
5d3e2a
5d3e2a
5d3e2a
5d3e2a
5e3f2b
5e3f2b
5f402c
5f402c
5f402c
5f402c
60402c
5e402c
5b402a
61432d
573824
5a3a26
5b3a28
5c3a29
5d3929
60392c
603e31
55392b
503a2a
493728
483829
534133
4a392a
473c2e
3f3532
2e2429
282224
3f3932
484035
4c4038
453c35
423f34
3e3c32
37362d
3a3931
3a3732
433a38
433a37
423932
7b4730
703c25
703d27
733f2b
703b29
723d2c
723d2e
75412c
754427
754329
78472b
79472c
7e4931
7c462f
7b442d
7a442d
7c4630
7c4830
7a4830
784730
764730
754731
764931
76482d
77492e
73452a
75462b
76472c
76472d
77482d
75452e
784732
784731
774731
754730
754731
754731
744831
73482d
74472d
74462b
76462d
78462c
7a462e
7e4932
7e4c31
7b4a2d
79482b
774527
7c482a
7a4527
814b2c
814a2c
804c31
7f4c32
804b32
804a30
804930
80482f
80482f
81482e
81472d
81472e
81482e
814830
7e472f
7f4830
804a31
794930
784c32
7b4d30
7b4f33
795338
6b4e3a
3c2a1c
3e2e25
563733
4b2c1f
50331d
563823
694937
73523f
77553a
715439
6e563c
6d513a
6e4f3b
70503b
70513c
6e553f
6c573f
6e553d
69553e
655a4c
4c4741
1e1e1b
2f312e
444541
444641
454943
3a403a
3f433d
3f403b
464742
3d3f3a
383934
3d3e3b
383837
2f302f
363635
3e3f3f
3a3a3a
444544
444344
242124
282724
2f312d
323336
323039
2c242a
4a3e3a
6b5c4a
725d46
78634e
635343
5a5548
4b4a40
3f3633
402f31
3d3437
413a3b
473a38
4c3b33
584134
694d3b
6e4c39
76543c
785a3f
7b5840
7d553e
81533d
83503a
86513d
87513b
84503e
835143
854f3f
844d3a
834a36
854e36
864c34
7a4128
80472a
7c4a2b
744a2a
774a2d
7d4831
7d4935
774833
784934
7c4a35
73402b
75442e
75442f
764730
754730
754730
76472f
76462f
784831
764730
75412d
76422e
784330
72412d
724530
72432f
72422e
73422e
73442f
71422e
70432f
734731
6f432d
6e432d
6f4630
6e4531
673f2b
67412d
6b4531
6b442c
734a32
6f452e
6e442f
6e442f
6f4432
724535
6b442e
63422a
62422f
60412e
5f432d
634b32
584332
38261e
422b1d
714e3c
784a34
875537
885b37
794e29
855533
815033
80563c
7a4e32
7c5135
7d573c
6c4b35
4f3726
3a2a1e
644732
82563c
86573c
7c4e2f
74502c
755431
7a5334
7d563b
513e2d
32181c
533435
62442e
624328
644636
5b4129
5e4427
60442c
60432b
64452e
614029
684630
6a4831
5d3c25
61422d
644530
62442e
62442f
62432e
644530
61422d
61422d
61422d
61422d
61422d
61422d
61422d
61422d
62432e
61422d
62432e
5e3f2a
60412c
5f402b
5f402b
5f402b
60402c
603f2c
603f2c
603f2c
61402d
5f3e2b
62412e
603f2c
5c3c28
5e3f2b
5d3e2a
5d3e2a
5e3f2b
5e3f2b
5c3d29
5c3d29
5c3d29
5d3e2a
5f402c
60412d
61422e
60412d
61412d
5e412d
5d422c
5d402b
5a3b27
5a3a28
5b3a29
5c3a29
5d392b
5f3b2d
5b392c
593b2e
523829
4a3627
4b382a
534032
473728
453b2b
3d342f
2c2428
292425
3e3831
453e34
50453e
564d47
434037
353429
2b2b22
272720
2d2923
302724
312725
2c2723
7d4626
7a4424
7d4627
7f482a
814a2d
7d4628
7f472c
804a2d
824e2d
855131
7d4829
804729
834a2e
80442b
82462d
854932
804430
81462f
844831
7b4129
80482e
80472c
7b4529
764829
784a2c
764829
76482a
784b2c
794b2c
784a2c
7d492a
80472a
7d4529
7c4629
7b492b
7b4a2b
7a4a2a
784a2b
784629
794629
7a4629
7b462a
7f492d
80492d
81482d
7d462b
7f492c
824d30
814c2d
804a2b
80492a
834c2d
844e2f
834f2c
824f2c
824e2c
834c2c
814b29
824b29
824b29
844b2a
874b2b
864c2c
864d2c
854d2c
86502f
824f2c
804d2b
7e502f
7c4f30
7e5030
784b2d
714a30
654734
3e291f
3e2d26
5f413a
593c2e
563b25
4c301c
58392a
6c4a3a
755037
735338
6f583e
6e593f
6e543d
714f3b
744e3c
6e523f
665840
6a553c
69553f
685c4e
4b4640
1e1e1b
2f302e
42423f
40413c
434742
414741
3c413b
3c403a
444842
41433e
373a35
373b37
353834
323532
363735
3d3f3c
3b3c3a
41423f
393c3a
212428
242929
363935
353637
342e36
2c1f26
372624
42332a
43372b
3c3023
2a2013
1c1705
2c200e
43251a
4d1c17
451a15
3b1310
3c1512
3b140e
37110a
3a150b
3b150c
3d180f
461f18
461d18
41170f
471e16
3f1a10
3d1d11
462a1c
483121
472f21
553525
693e30
794638
7e4636
854837
8f5343
7e4f40
764f3b
74533a
764d34
78452b
80472e
7e4429
774428
73452e
73452e
74462f
76462f
75472e
794a33
75462f
72432b
774930
74462f
764630
784732
75432e
74422e
71422e
6f4730
714630
754531
754330
764532
72432e
744631
734630
72452d
72452e
6e432c
704630
6f4632
6c432f
704833
71462e
73452e
744730
754833
71442f
714430
734632
6c472e
5f4026
63412e
613f2b
62402c
61442d
5e4636
3b241d
432e1c
6f4f39
784d33
865637
845833
815832
845635
835436
815537
7e5232
7c502f
785133
74543a
543f2b
342617
5c3e28
84573e
8d5b42
815233
754f2c
785634
7f5739
7e553a
57422e
32191a
4f312f
62462c
624429
654636
60432c
60472b
61492f
5e432a
684731
67432e
67422c
6b4832
5d3d26
5e3f2a
654530
5f412c
60412c
62422d
62432e
62432e
61422d
61422d
61422d
61422d
61422d
61422d
61422d
61422d
60412c
644530
5f402b
5f402b
60412c
60412c
60412c
60412c
603f2c
603f2c
603f2c
603f2c
5f3e2b
63422f
63422f
5b3b28
5c3d29
5c3d29
5c3d29
5c3d29
5d3e2a
5b3c28
5b3c28
5a3b27
5b3b28
5e3f2b
5f402c
60412d
60412d
60412d
5f422d
5e422d
5a3c29
5a3b28
5a3b29
5b3a2a
5d3a2c
5e392c
613d2f
5c392d
59392d
56392c
4f3628
4b3728
524032
493a2a
443b29
403831
2e262a
242120
3d3a32
464038
524b45
544e48
2f2b25
2b2a22
32332a
33332b
37332b
3b332c
3a322d
3a3631
88532f
885330
885430
86512d
824e2a
85522e
834f2b
82502d
83512e
814f2d
7f4d2d
875234
804a2f
814c31
824d35
844f36
7e462d
7d472d
804b31
824c32
824b31
80492f
824a30
854a31
7f442c
82462e
82462d
82472e
82472e
834830
80492c
7d4929
7d4a2a
7d4b2a
7c4a2a
7b4a29
7b4a29
7b4a2a
7c4a2e
7d4a2e
7d4a2e
7c492e
7b482d
7c492d
7d482d
824d33
824e33
844f35
7f4c30
835033
835032
804d2e
804e2e
7e4e2c
7d4f2a
7f4f2b
7f4e2b
7e4c29
7f4c29
7f4b28
804c2a
824f2d
824e2c
814f2d
814e2a
82502c
82512c
804f28
80532d
7f532e
835430
7a4e2c
744b32
634432
3b261d
3d2a26
5e3f32
5f422e
5b442d
503828
462d23
50332a
674536
795741
775a41
725f45
6e5740
724d3c
754b3c
6d5242
5d5a41
66543a
6d5843
685d4f
4d4841
20201d
30312f
494945
444540
464943
3f443d
3f453e
383e38
404740
404740
363d35
333f37
2f3d34
2f3b32
343c36
353d36
3b3f3b
40433e
3b3b3a
271f26
291d1d
36221c
3e1f1b
572a29
6c3633
793d31
7b3d2f
783931
7f3b31
833d2e
8c4832
9d5438
af543a
c2553f
c85744
c05342
ba5040
b44f41
ab4b3f
a84d43
a74e46
a94f47
b44f48
b24e47
b14c46
ad4d47
964138
80362a
6b291b
622a24
5a2424
521b1a
511b19
4b1b17
421d16
391f15
43291d
5a2b2b
59302b
5d3d32
6d4939
7a4b39
874f3b
854e35
7f4f33
7d5036
774b31
774a30
774930
74462d
72422a
75472e
73452d
774931
764930
72452e
734730
744a33
714832
6d4730
6e4a31
714731
754632
794532
7b4533
764531
724430
73462f
74472f
72452d
73462f
6f432c
6c422b
714833
724731
77482f
76462f
74442d
74462f
744630
734631
764934
6b432b
6f482f
6f4533
6e4232
6c442f
6d4b35
604534
3d261e
412e18
6d4f34
764c30
855734
855a34
805933
825434
835537
825535
815432
7d4f2e
7f5535
765238
5c402d
392315
563923
7f5a3e
885e41
805435
75512d
7b5936
7c5134
7e5237
5f462f
351b1b
4d312d
5f462a
604529
674838
62432c
5f492b
5e4b2f
5e432a
66442e
6e4732
6a442f
6a4730
604029
61422d
63442f
5f402b
61422d
61422d
61422d
62432e
62432e
61422d
61422d
61422d
61422d
61422d
61422d
61422d
61422d
62432e
5f402b
5f402b
60412c
60412c
60412c
60412c
603f2c
603f2c
603f2c
603f2c
5f3e2b
5f3e2b
5f3d2a
5c3c29
60412d
5f402c
60412d
5f402c
5f402c
60412d
60412d
5f402c
5d3e2a
5d3e2a
5e3f2b
5f402c
5f402d
60412d
5e402c
5e422e
5a3c2a
5a3a28
5a3a2a
5b3a2c
5d3a2e
5e3a2e
5f3d2f
59382c
5b382d
59382b
52352a
4d3729
534032
493c2a
483e2a
433a32
2c2626
23211f
393932
444139
44423c
393531
241f1b
272621
383830
35352b
353128
3f382f
423831
423a33
8a5231
895230
8a5230
8a5231
8a5230
88522f
88512d
88502b
865028
85502a
87512d
834e2c
7f4b2b
7c4a2b
7e4e2f
7f4b2b
824d2c
824e2d
834f30
824d2e
864f31
854f31
854f31
854e30
844c2e
844c2e
854c2e
844d2e
854d2f
864d30
824d2f
814d31
814d31
834d31
834d31
844c31
844c30
854c30
834c2e
834d2e
834c2e
834d2e
834d2e
834d2e
834d2f
834e2f
844b2f
834b2d
844d2f
814b2c
814c2b
814b2b
824d2d
814e2d
7f4e2d
804d2d
814e2e
814c2d
814c2d
814b2d
814c2d
7f4d2e
814d2f
814c2d
824d2d
834c2e
864f2e
824a28
824f2b
7e5129
7e502b
7a4e2d
724930
624231
37211b
3e2a25
5e3e2d
593c27
5d4832
523f32
3a2720
3c2420
5d413a
724f3f
7b5941
736046
6e5840
714b3b
774b3f
6d5545
595a43
6b5a41
6d5742
675c4e
4d4842
21211e
333431
474745
484945
484946
3d413d
3c423d
3f463f
3b423b
3a443c
38433b
2e4237
2a4336
394c43
3f4e46
333c35
282c25
212019
2c1f1c
501f25
6f3532
763226
943f31
be584b
cd5c4a
d85e42
de6644
d96343
de6243
dc5f3d
d8623b
d35f35
d65c32
dc5a32
de562f
dd552f
d8522c
d7522d
da5733
d85633
d65533
d55431
d6542c
d9532d
db5230
db5335
d75638
d95f41
d36143
d06148
d0624a
ce624d
c25946
aa4a37
994732
86422b
73321e
702624
5c1b1a
4f1d15
451a10
451a13
4f251d
532e27
674331
7a5137
7a5239
81593f
81553d
805139
7b492f
7e492f
7a4832
774732
74462e
724830
704c32
6c4b31
65492c
6b5034
6c4b34
704833
744432
774231
784432
754532
744632
75472f
76482f
784a33
70432b
73462f
724730
724830
71452d
79472f
794630
794732
774730
774731
7c4d37
754732
71432c
74442f
764536
764334
72432f
6f4730
674937
392317
443019
6f5034
784d2d
875a36
865c35
7d542f
825534
7e5031
825735
7f522f
825331
865737
7b5237
64412f
3f2316
523a23
735639
7d5839
7f5837
795531
7d5937
7b4f32
7e5236
5e452c
341c17
4d342f
5d4228
5f4529
664938
62412c
5e4428
5c482d
5e4027
6c4832
6e4330
69422d
6f4a34
65432d
654631
62422d
62422d
62432e
60412c
60422d
61432e
62432e
61422d
61422d
61422d
61422d
61422d
61422d
61422d
61422d
62432e
5f402b
5f402b
60412c
60412c
60412c
60412c
62402e
62412e
62402d
62402d
61412e
61402d
62412e
61412c
60422d
61422e
61422e
61422e
61422e
60412d
61422e
61422e
5f402c
5f402c
60412d
5f402c
5f402c
60412d
5e402d
5e412f
5a3c2b
59392a
5b3a2b
5d3b2d
5c392e
5d382d
5c3a2c
5b382c
5e3a2e
5a382c
54362a
4d3629
513f31
483928
463b28
443a32
2c2828
2f2e2c
3b3d37
41423a
30302a
24201d
2c2723
363530
35352e
292920
2a261d
3b342b
40362d
47382c
88502c
88502c
88502c
88502c
89502c
894f2b
89502b
89502b
8a4f2b
894f2e
894f2e
874e2e
84492c
834a2c
824b2d
844c2d
7d4725
824c2c
885132
814b2b
834c2d
814a2b
834c2d
804c2d
804d2d
824f2f
7f4b2b
824f2f
814d2e
804d2d
814d2d
834d2f
824d2e
834e2e
824d2f
834c2e
824c2e
824c2d
844b2e
844b2e
844b2e
844b2e
844a2d
834a2d
854c2f
844b2e
844d2f
824b2d
834c2e
824b2d
824b2d
824a2c
824b2d
824d2d
804d2d
7f4c2c
814c2d
834c2d
834d2c
834b2d
834c2e
834e2f
834e2f
844e2e
844e2e
844e2f
854f2f
854e2f
834f2f
83522f
845433
784a2e
714a34
624533
332317
3c2f26
573d2f
583d2b
5b3f2c
573a2b
4d3025
3f261b
4d392e
6c5446
775b46
715c43
70573e
704d37
764d3c
6f513f
685543
6a563e
6b5844
695e50
4f4c45
262723
30332f
454742
4d4d4a
484648
404443
414644
444743
454741
41453f
3d4840
364a3f
35493f
262f30
212024
281e1e
3d2319
613624
92513c
b9513f
cb5a47
cd5a42
d45a3f
d55238
d74f30
d94c2b
d74c27
d75029
d74e28
d9502a
d85229
d8532a
d8532a
d95229
da4f29
db5029
db4f28
db4f28
dc5029
d74c24
d64b23
d74c26
d64c26
d64a26
d64a26
d54a29
d74e2e
d54d2f
d0492a
ce4a27
d14b28
d34e2c
d44f30
df5d3f
df6143
de6545
d66145
ca5a4b
c05646
b85643
ab5140
974a3d
7f3f37
55221e
451812
41180e
3d1811
391a14
472720
613b2e
6c3e29
7b462d
7a4e37
704630
774c36
764935
744b35
6d472e
6a472c
684a31
644633
6d4a38
6f4734
6f4532
6f4832
6f4632
704530
774831
794730
7a4a34
72442c
754830
6e442c
70462e
70472f
724431
754332
794534
7d4634
794231
774432
7a4734
77462f
74432e
724333
754534
76422f
794832
6b4836
3c2317
4a3322
745239
7b4d2b
8a5835
8b5b3a
7f5331
845534
845534
815635
7f5431
845533
895335
814e37
694431
422d1d
4d3725
74553d
7f5a3a
825834
855635
84573a
815535
795233
634a36
2d1f15
49372f
5f3e30
61462f
664d30
654329
703f2e
734835
6b3f2c
714533
724633
6e4430
704b35
66432d
62452f
66472f
67432f
654430
5e442f
5d452f
614431
634230
61422e
61422e
61422e
61422e
61422e
61422e
61422e
61422e
63442f
5e3f2a
5e3f2a
60412c
60412c
60412c
61412c
64402c
64402c
63402c
62402b
61412c
62412c
62412a
61422c
60412d
60412d
60412d
60412d
60412d
60412d
60412d
60412d
60412d
60412d
60412d
60412d
60412d
60412d
60402d
60412f
5b3b29
5b3a29
5d3a2a
5e3a2a
5e3b2b
5e392b
5d3a29
5d3929
61382c
5a372a
503728
483829
503e30
4c382a
45382a
463d35
302c29
2f2f2e
414341
343630
1f2119
26251d
3b3630
393731
34342f
292822
2d261f
3c3229
44382f
473a29
88502b
88502b
88502b
88502b
88502b
88502b
88502b
89512d
884f2e
8c5332
874d2e
83492b
854b2d
874c30
854b2f
885134
834c2d
854e2f
844d2e
885132
864f30
864f30
874f30
834e2f
854f31
7f4a2b
804b2c
804b2c
804b2c
804b2c
804b2c
804b2c
804c2c
804b2c
804b2c
804b2c
824c2d
814d2e
834b2e
834c2e
834b2e
834b2e
81492c
81492b
824a2d
844d2f
834c2e
834c2e
834c2e
834c2e
824b2d
824b2d
824b2e
804c2c
7e4d2c
7f4e2c
824d2d
834e2e
844d2e
844d2e
844d2e
834e2e
834e2e
824e2e
834f2e
844f2f
844f2f
844f30
824f2e
824f2e
835232
784a2f
704a35
604535
322416
362e22
553f31
5a3f2d
5a3b29
5b3827
624132
53372a
3c271b
513a2d
725043
715341
72523f
704d3a
6e4f3a
64543b
5f5b3e
6e5f46
6c5a45
6d6356
595750
1f221d
343733
4a4b46
4a4a44
474b42
41463f
44473f
494842
4a4440
4d4341
4b4240
292922
29241e
3b1f20
5d2c2f
8e4d4d
b46259
c76152
cd5743
d5563e
cf4f35
d35235
d55132
d95232
dc5330
d9502c
da512c
da502b
da502b
da502c
da502b
d94f2b
da502b
da502b
dd4f2c
dd4f2b
dc4e2a
dc4e2b
dc4e2a
d94b27
d84a26
da4b28
dc4a2b
da4a29
d84827
da4d2c
da4e2e
d94c2e
d74b2d
d64a2b
d64a2a
d54b2b
d44b2d
d0492a
ce492b
cd492b
cc4b2c
c54b2d
c94f2f
ce5232
d25536
d66143
d1654e
ca6351
ba5b4e
a45046
8c4038
773730
632e28
4a1e15
3a140b
3e1c0f
4a301c
5b422b
61442f
664330
774b3a
7c493b
84493c
824639
72432c
714d33
6c4a2f
744a32
784430
794632
744c34
744731
7b4a34
774831
75462f
754a32
714930
795339
6e462f
6f4333
724332
744231
7b4636
7c4533
7d4835
774631
774830
75452f
734635
734635
774631
764530
694230
402619
4a3022
77533b
7d4d2b
875431
8d5c3c
825433
885735
885633
845335
835533
895736
885033
824b36
714b38
3e2c1b
4d3728
76553f
805c3a
805431
855434
87593d
805232
7f5737
6d4c3d
302015
4c392f
633c34
5d432b
644d2d
654529
784231
7b4736
72402e
794a38
6f432f
6b422d
6f4933
65422b
5e422b
66462f
68432f
66442f
5f452f
5c462f
60432f
61402e
60402c
5f402b
5f402b
5f402b
5f402b
5f402b
5f402b
61422d
63442f
5f402b
60412c
60412c
60412c
60412c
61412c
63402a
64402a
63402a
61412a
61412a
62442c
5e3f26
5c3e28
61422e
60412d
60412d
60412d
60412d
60412d
60412d
60412d
60412d
60412d
60412d
60412d
60412d
60412d
5f402d
60412f
5b3b2a
5b3a29
5c3a29
5d3929
5f3b2b
5f3b2a
5d3b28
5e3a28
62392b
593728
4e3828
4a3c2c
4d3c2d
4e3b2d
473a2e
433a30
2d2924
353533
353635
1e201a
25271f
333128
39362d
393731
393834
2a2722
2c261f
3b3229
473930
473a2b
88502b
88502b
88502b
88502b
88502b
88502b
88502b
874f2b
88502e
8a5331
854d2c
864e2f
874e30
864d30
874f32
824c2d
864f30
8b5435
864f30
824b2c
834c2d
875031
875031
885334
855031
875233
865132
855031
865132
875233
875233
875233
875233
875233
865132
865132
875132
865132
864f31
864f31
864f31
854e30
814a2c
80492b
80492b
824b2d
834c2e
834c2e
834c2e
824b2d
824b2d
824b2d
824b2d
7f4b2b
7e4d2b
804e2d
824d2d
844f2f
854e2f
854e2f
854e2f
834e2e
834e2e
824e2e
834f2e
844f2f
844f2f
844f2f
824e2d
824f2e
7d4c2c
7b4c31
724c36
5e4534
332517
372d22
573e31
5b3d2e
5f402e
5f3c2b
5f3e2d
5c3e2f
4d3225
3f2519
52382d
6d5145
725446
714f3e
6b4f3a
5f583b
555e3c
665940
665644
6e6759
54524a
1e201c
343631
4d4d48
4c4c44
45493c
44453b
45443f
4e4e49
4c4946
392f2e
301d1e
492624
7b443f
a6554f
cb635b
d25d4f
d25342
dd5341
df513e
d85339
d85539
d85234
da5234
dd5333
dc512e
dd522e
da4f2a
d84e29
d94f2a
da502b
da4f2b
d94f2a
d94f2a
d84e29
dc4f2b
dd4f2b
db4d29
da4c28
d94b27
d94b27
d94b27
d94b27
da4b28
d84b26
d84a26
d74a27
d64a28
d84b2b
dc4f2f
d94c2b
d74b27
d64a29
d74929
d7492a
d74a2d
d8492d
d74a2c
d14e2c
d44e2b
d54c26
d84c25
db4f27
d94f2a
d7502d
d35532
d15934
d15832
d45c36
ce5938
c3573d
ab4837
973c32
84322c
712921
581c0f
491c0a
502c19
593725
613c2f
6b4939
6e513a
714e3a
714b37
6d4a34
6b4a2f
724a2e
78462b
7a4932
754932
734730
764b33
734a32
6e472e
755036
724d35
6d4430
774a36
744633
784734
7a4a35
7c4c36
774932
74452e
72442e
714834
6f4634
764630
774931
6b4532
422619
523528
754f39
7e502f
8e5d38
8a5c3a
845636
895634
8a5433
875235
875435
8a5636
8e5639
7d4831
724b38
43301e
442a1c
77543f
7c5736
825733
885a39
87593c
845536
875b3c
724c3b
3a2518
4c352b
643931
5e4229
634c2d
66462d
73402f
794833
784733
774934
764a34
683f29
724a33
6e4931
5d4229
66462f
6a422e
67422e
60452e
5e462e
62452f
63432d
61422c
61422d
61422d
61422d
61422d
61422d
61422d
61422d
62442e
60412c
61422d
60412c
60412c
60412c
61412c
63402a
63402a
61412a
62422b
604029
61442c
61432b
5e402a
61422e
60412d
60412d
60412d
60412d
60412d
60412d
60412d
60412d
60412d
60412d
60412d
60412d
60412d
5f402d
60412f
5b3b2a
5b3a29
5c3a29
5e3929
5f3b2b
5e3a2a
5d3b28
5e3a28
61382a
5a382a
513b2a
483a29
4a3a2b
4d3a2c
48392c
41372d
312b26
2c2b2a
262525
20211f
2c2e27
36352d
3b3832
383733
34332f
282622
2b2520
3b302a
46382f
47392c
88502b
88502b
88502b
88502b
88502b
88502b
88502b
88512c
87522f
8a5432
86502e
875030
824b2c
824b2d
80492b
824b2c
7d4627
824b2c
854e2f
875031
875031
814a2b
864f30
855031
7d4829
7e492a
7c4728
7f4a2b
7f4a2b
804b2c
804b2c
7f4a2b
7f4a2b
7f4a2b
7f4a2b
7f4a2b
7f4a2b
7f4a2a
7f492a
7f492a
7f492b
7f482a
80492b
814b2c
814b2d
824c2d
834c2e
834c2e
834c2e
824b2d
824b2d
824b2d
824b2d
804c2c
7f4d2c
804d2c
824d2d
844f2f
854e2f
864f30
854f2f
834e2e
834e2e
834e2e
834e2e
844f2f
844f2f
844f2f
824f2e
814e2e
815030
7a4b30
714c35
5d4331
352619
362a20
5c4034
5d3e30
604030
603e2b
613e2b
5e3c2b
5b3a2c
4a3224
362a1a
4b3f2f
635142
705447
6a4b3d
66523b
63593d
675740
665746
6c6458
504f47
232420
333430
504e47
4c493f
494641
514645
524547
3c3837
292823
20130e
442220
a25950
ce6457
d35849
d9503b
db5136
d75131
db5332
dd5334
dd5335
dc5335
db5132
dc5131
de5330
de512e
df512d
dc4f2b
d84c29
d94e29
da4e2a
da4e2a
db4f2b
db4f2b
d94d29
db4d29
dc4e2a
db4d29
d94b27
da4c28
d84a26
da4b28
d74a25
d54a23
d64925
d64b26
d64925
d74826
d94a29
db4b2b
da4b28
d94a25
d94a27
d94928
dc492a
dc492a
dc4829
db482a
dd492d
da462a
d84525
d94a26
da4d27
d84f28
d55127
d24f2b
d34e2e
d54a26
d74821
d84821
dc4f2d
d95338
d3513c
d8553b
d1563a
c15b3d
a25337
7c402c
5b2c22
431a1e
2f1013
332018
4a352e
5c473f
655242
644e35
6c4d2d
744f2a
724b2f
704833
724a34
714932
6f4831
6d4831
6c462f
724d36
734e37
754e38
764a35
784a34
764932
71462e
714930
74472e
71462d
6c4731
6f4a33
70462b
784a31
6e4632
4e2d21
543628
714a34
7b4e2c
83542e
7e5330
7e5231
855130
8b5333
8c593a
815231
855534
865335
7e4c35
724b39
4c3626
422418
734d39
85603f
805630
855736
86553a
825233
835436
6d4734
422d1e
493328
643c2f
5e4128
634a2c
67472d
74412f
74452f
70422b
774932
70442d
683f27
734a32
704931
5c4029
694833
704532
6f4633
65452e
61472e
63482f
66472f
65472f
65472f
65472f
65472f
654730
654730
664830
64452f
63442f
62432f
61422d
61422d
61422d
61422d
61422d
62422b
62422b
62432b
62442c
61432b
60432b
60442b
60422c
60412d
60412d
60412d
60412d
60412d
60412d
60412d
60412d
60412d
60412d
60412d
60412d
60412d
60412d
5f402d
60412f
5b3b2a
5b3a29
5b3928
5d3929
5d3929
5d3929
5f3c29
5e3a28
62392b
5b392b
4f3929
473928
4b3a2b
4d392b
493c2b
42382d
362f2b
292627
272527
272726
2f2f2b
383430
35302d
363430
343431
282422
29221f
392f2b
463831
473a2d
88502b
88502b
88502b
88502b
88502b
88502b
88502b
88512c
86512e
885230
885130
864f2f
854d2e
834c2e
7d4629
8b5435
834c2d
854e2f
854e2f
875031
885032
854e2f
844d2f
814c2d
7f4b2c
804b2c
804a2c
7f4a2b
804a2c
804b2c
814b2c
814c2d
814c2d
814c2d
814c2d
814c2d
814c2d
814c2d
804b2c
804b2c
804b2c
814c2d
824d2e
804b2c
824d2e
834d2e
814a2c
824b2d
824b2d
824b2d
824b2d
824b2d
824c2d
804d2c
7f4d2c
804d2c
824d2d
834d2e
844d2e
854d2f
854d2f
834e2e
834e2e
834e2e
844e2e
854f30
844f2f
854f30
824f2d
81502d
804e2e
7a4b30
724c36
5e4432
342519
372b22
593b30
5b3a2d
5c3c2b
5d3b28
5f3a26
5d3925
613c2c
5f3e2f
4d3829
302615
413b2a
615344
6a5147
6b4f42
6c5240
6e5b48
665748
6a6257
504f49
22231e
34352f
524e46
4d483d
504b44
584442
422828
291611
351f12
693a29
a75648
cd5e44
d14f2f
dd5036
e15135
de5131
d9522d
df542d
df512b
db4e2d
da4e2c
dc4f2d
db4d2c
d94c28
dc4d29
de4f2b
dc4e2a
da4c29
d94c27
d84b27
d84b27
d94c28
d94c28
d74a26
da4c28
db4d29
d94b27
d74925
d94b27
d74925
d84a27
d54925
d44a22
d54b23
d64b25
d74a26
d84926
da4a28
db4b2a
db4a26
db4a25
db4a25
db4a25
db4a27
db4a27
db4a28
db4928
dd4826
dc4826
d94925
d94b28
d84c29
d94f2b
d8502b
d94e2f
d94b34
d74b34
d54a30
d44c32
d04c32
cd4c33
cc4c34
ce4d2f
ce4e2c
d65634
dd6340
d96849
c76048
b75947
964136
6d2c26
481a12
37180f
3e2316
573929
674e35
645531
664b2e
714b36
68432d
6a452d
6b4730
6c4831
6c4732
6e4a33
6f4d34
6e4b33
714a32
754c33
744b32
744b32
714b30
73492e
74492f
6d4a32
6f4d35
704b2d
744a2e
734b36
553225
57372a
704a33
7b4f2d
7d512b
845b36
805331
895432
8d5837
835939
79532e
7d5631
7f5233
84553e
7b5442
503327
422115
774f3b
7f5839
865c36
805432
8f5c42
875436
8b5a3c
6d4f35
3b2f1a
423323
643e30
5a4125
5f4628
68462c
74422f
72452e
6d402a
7b4d37
734830
683e26
70462e
6e462e
5a3f28
6d4c37
724532
6e422f
66432a
61472a
63482c
65472d
65472f
66482e
66482e
66482e
65472e
65472e
65472e
644630
664732
654631
61422d
61422d
61422d
61422d
61422d
62432c
62432c
62442c
61442c
60442c
5d422a
61452d
5e402a
60412d
60412d
60412d
60412d
60412d
60412d
60412d
60412d
60412d
60412d
60412d
60412d
60412d
61422d
5f402d
60422f
5b3b29
5b3a29
5c3929
5d3929
5d3929
5d3929
5e3a27
5e3a28
5f3628
5b392a
513a2a
473a29
4a3a2b
4c392a
4c3c2b
44382c
37302a
2b2627
272529
282628
2c2928
322d2b
322c29
363432
30302e
292523
2c2321
3a2f2c
483a34
47392e
88502b
88502b
88502b
88502b
88502b
88502b
89502b
89522e
86502c
87502d
88522f
854e2c
854d2c
834c2c
885031
864f2f
895233
885131
875131
885131
885131
864f30
875031
875132
875232
865232
865232
855131
855232
855232
865334
865334
885334
885334
875334
875334
885434
885434
865233
865233
855132
885434
865232
804b2c
824e2e
804a2b
824b2d
824b2c
824b2d
834d2e
824b2d
824b2d
80492a
804c2c
7e4d2b
804e2d
824e2d
824e2d
824e2e
824e2d
834e2e
824e2e
824d2d
834e2e
834e2e
834f2f
834f2f
83502f
834f2e
824f2f
814f30
794a2f
724a35
634735
312317
342d22
583b2e
5c392a
5e3a29
5e3927
5d3926
5e3826
5e3625
613528
633d31
523b2c
332719
463a2d
625144
695346
664f41
685545
675b4c
696357
515148
201e18
36342f
4f4d46
4c4d47
3a3933
2f1610
3b1108
64341f
9f6242
c26948
cf5739
d7522d
d95229
de502d
de4f2e
db4d2c
db4d29
e14f27
e34e26
dc4c2a
dc4c2a
dc4e2a
dd4e2a
dd4e29
dc4d2a
dc4c29
db4c29
db4d28
da4c28
d94b27
da4c28
d94b27
d84a26
db4d29
da4c28
da4c28
d94b27
d74925
d94b27
d74925
d84a26
d64924
d44924
d44925
d64a26
d64725
d94a27
db4b29
db4a29
dd4a27
dd4a25
dc4a25
db4a25
d94b27
d84b27
d74b27
da4b28
da4b23
da4c23
d84a23
db4c27
dd4d2a
db4a28
db4a28
dc4c28
db4d27
d94c28
d84b2b
d84b2e
d8492e
dd4930
db472d
d24b2a
d44c28
d84b26
d54621
d54928
cd472e
c84935
d35d4a
da705a
ca6854
a95946
834d3a
4c2f1a
2f200c
392f1a
5d4832
6b4c36
71533b
6e4e37
6d4c35
704c37
6c4735
6c4835
68482d
694a2c
6f5033
6b4b2d
6f4d2f
724e32
724c2f
754930
754932
6e4d36
6d4d35
724b33
794d36
724736
552f23
523522
744f37
825132
82512f
835936
7e5331
8d5637
905638
815738
7d5b38
7d5c37
7e5131
814e34
815743
513727
3e1e13
754d3b
7f5737
875b37
845836
895b3f
8a5738
8b5a3c
6f5136
3e3019
463626
5f3c2d
5e4025
624326
67442e
6d402b
6f4329
7a4e36
7a4d34
73482f
693d25
70452e
6f462e
623f2a
6e4735
724532
70422e
6a432c
65432a
654329
65442a
65462c
64462c
64462c
65472d
65472d
65472d
65462d
654730
684733
674732
64442f
61412d
62412c
61422c
61422c
62412a
62422a
61422a
60422a
60422a
5e4229
62472c
5e422b
5f432e
61432f
5f422d
5e422d
60412d
5f402c
61412e
60412d
60412d
60412d
60402c
61412d
60402d
61412d
60402d
5f412d
5b3b28
5b3a28
5b3b29
5c3928
5d3a29
5d3a29
5d3927
5e3a28
5d3627
5a382a
533b2b
4a3929
49392a
4a392b
483a2a
43372c
372e29
2c2625
292628
282728
2b2927
312d2a
312e29
342f2b
322d2c
272424
2a2323
3a2f2d
4b3a32
48382d
88502b
88502b
88502b
88502b
88502b
89502b
89512c
874f2b
88502b
88502b
88502c
89512d
88502b
88502c
88502c
864f2c
854f2d
864f2d
864f2d
87512f
87512f
864f2d
86502e
875231
86512f
85512f
83512e
81512e
82532f
82532f
835331
835331
845332
835232
835231
825130
855433
845333
845332
845332
835231
845332
875635
865534
81502f
814e2d
824c2d
804b2b
834e2e
855030
814d2d
814c2c
844e2f
7f4d2b
7d4d29
804f2c
7d4d29
7f4f2b
80502c
81512d
82512f
844e2f
824c2d
814c2c
7f4e2d
804e2e
825130
815130
855032
834e32
7f5231
784b2d
72472f
644431
33251a
2e2d1f
57402d
5d3b28
613928
623829
5f3b29
5d3b28
613827
64382b
61392e
5f3d30
53382b
3c281a
4e3f2f
635243
645244
645643
645b47
6b6457
525148
292b25
2f2f2c
3a3a35
302929
351d22
61302b
9b523c
c26642
c96235
cf5d30
d0512a
db512b
db4d25
dc4e26
dc4e27
dc4e27
dd4e26
dc4e25
dd4d26
dd4d2a
dd4c2a
dd4d2a
dc4c29
dc4c29
dd4c29
de4d2a
dc4d29
da4c28
da4c28
da4c28
d94b27
da4c28
da4c28
da4c28
da4c28
da4c28
da4c28
da4c28
d94b27
d84a26
d84a26
d74a26
d44826
d64926
d74826
d54624
d94927
db4c29
da4827
dc4a27
db4a25
da4a25
da4a27
d94b27
d94b28
d74b28
d84b29
d94b28
d84a27
d74926
d54623
d74725
d84927
d84927
d84a29
d94a28
d94a28
d94a29
d94a29
da4a2a
db4a2a
d94728
d84729
d74828
db4e2b
d74e2b
d64e32
b52f1e
a11c12
9c1a14
9c2219
a63227
ac453b
a04d42
8a534d
5d393a
372127
2f1f1f
382922
412e24
5c4534
654834
714d3b
754c3d
774c3d
764b3a
77503e
6f4e39
694c32
715337
78583d
6f4a2f
6e4a30
6b4c32
6a4e32
6d4d30
754d33
774d37
6c4a35
4b351e
524124
755236
864c33
895033
835a35
815b35
8a5636
915135
8b5537
815939
7f5b38
885634
8d5132
86563e
563f2b
3e2417
6d4935
795132
825733
845d3a
81583a
855435
8b593b
6f4c34
492e1b
54392a
5f3f2c
653d25
683e26
684330
6b432d
72462b
774b31
764a31
774a32
71432e
71452f
734632
683b2a
734533
734634
6f4230
6f432f
6e422d
6e412d
6c422c
6a442d
69452d
69452d
69452d
69452d
69452d
69452d
6b4431
6b4231
6a412f
6a402f
6a412f
6b4130
6a4230
6a422f
6b402b
6a402a
69412a
68412a
67412a
674129
654028
62412a
5e422d
61442e
61442f
5e412c
5f412c
60412d
62422e
61402d
61402d
61402d
61402d
61402d
61402d
60402d
61412d
63442f
5b3c27
5a3b26
5b3d27
5a3c27
5c3c27
5c3d28
5c3b27
5d3a29
5c3929
5a3a2b
543a2b
4b3829
463829
483d2e
3e362a
40362d
332c26
2a2522
2a2824
2b2b27
2c2c27
2b2c27
2e2c27
362f29
352d2a
272428
232125
3b312d
4c3a2f
4a382c
874f2a
874f2a
874f2a
874f2a
874f2a
874f2a
874f2a
874f2a
88502b
874f2a
874f2a
88502b
88502b
88502b
884f2b
89512f
895030
895030
895130
89502f
88502f
88502e
87502f
875330
86512f
86512f
84512e
83512e
83522f
83522f
845430
855531
855431
855431
865532
855431
845431
845431
845330
865432
865633
865532
804e2c
804f2c
81502d
84512f
85502f
824e2c
814c2b
844f2e
834e2d
834e2d
8a5735
845430
83532f
83532f
865733
845430
845430
845430
845331
875132
855030
855130
845231
835131
855433
804f2e
865133
865235
7e5030
784b2e
70432b
644330
342619
322f21
513d28
5f3e2a
613828
603827
5f3c29
5d3b29
623a28
62372a
60392d
59362a
583a2d
422a1c
483626
594738
615041
655b3f
5a4c36
4c3c37
545254
303d3d
232c28
30251f
3e110d
893831
c05d4f
ca563c
d35632
da5933
d7522b
d94c2c
dd4e2b
dd4f28
dc4e27
dc4e27
dc4e27
dc4e27
dc4e27
db4e27
db4c29
db4c28
db4d29
dc4d29
dc4d2a
dc4d29
db4c29
db4d29
db4d29
db4d29
db4d29
db4d29
db4d29
db4d29
db4d29
db4d29
db4d29
db4d29
db4d29
da4c28
d94b28
d94b27
d84b27
d64a27
d74927
d84927
d94927
d94927
da4b29
da4927
dc4826
db4a25
da4a25
da4a27
d94a28
d94a28
d74b29
d74b28
d94a27
d74825
d64826
d64725
d84927
d84928
dc4d2b
d94a29
d84929
d84929
d74828
d8492a
d74929
d84a2a
d94a2a
d8482b
da492a
d74a27
d74c29
d64d2c
cb452a
cb4532
c13c2c
bb392d
af3122
a52e1f
972b1b
8c3224
81352c
692521
531e1f
461a1c
451817
411811
3a1109
3f190f
441d13
401c14
3f231c
472823
4a261f
4c241c
5c3529
694433
75533e
74523b
79563c
765437
6e482a
673e21
6a462a
5d4c2c
3a3817
4d3a1f
7a513a
874e36
92583b
845730
825b31
8a5933
915632
915932
895c34
885d36
8a562f
915533
8a583d
60402d
4f2f21
6d4632
7a4f2f
794c27
835a37
845a3c
865536
875336
704b34
553724
604434
6b4834
6d422a
70442b
6c4530
6e4732
72452d
73462e
73462f
72452e
73462f
754833
734631
6c3f2b
6f422e
724530
714430
6f422d
6f422d
6e412e
70402d
70412d
71412d
71412d
71412d
71412d
71412d
71412d
744030
754131
744031
744030
754131
754132
754131
754131
75412e
75402e
73412e
73422e
72422e
72422f
71412c
6d412d
69412f
68422f
67412e
613d2a
5f3d29
61422d
5f422d
61402d
61402d
61402d
62412e
603f2c
61402d
603f2c
61402c
64442f
61412c
60412c
60412c
5d3e29
5c3d28
5b3c27
5b3926
5d3a29
5b3928
593b2b
553a2b
4a3526
483a2a
473d2f
3d362b
40372f
302b25
282321
2a2726
2e2c2a
2c2c27
282924
2c2b26
322b26
312a29
262428
242226
3a302b
4d3b30
4d3b2d
88502b
88502b
88502b
88502b
88502b
88502b
88502b
88502b
88502b
88502b
88502b
88502b
88502b
88502b
88502b
89502e
8a4f2e
8a4f2e
8a4f2e
8a4f2d
894f2d
894e2d
89502e
89532f
8b5531
88522f
85512d
86522e
86532e
84522d
855430
855431
845531
855531
855531
855531
7e4e2a
7b4a26
7e4b29
7f4c2a
814f2c
804e2b
804d2b
824f2c
7e4b28
7e4a28
814c2a
814b2a
7f4a28
824c2b
86512f
844e2d
85512f
804e29
81512b
855530
84542e
83532d
84542e
85552f
865531
885332
875232
855231
845231
855332
855433
81512f
875335
835133
7c4e2e
784a2d
72442d
6c4836
3c2a1f
2c271a
4c3923
61402c
603929
603928
5d3b28
5d3c29
613a29
623a2b
613a2e
5d392b
5a382b
553729
4c3222
4b3627
52402f
5c5131
52412b
442f2f
3a3239
282d2f
241d15
471d11
923f2e
cd5139
da5338
e05232
df522d
db512c
dd5230
e14e31
de4c2b
da4d27
dc4e29
db4d28
dc4e28
dd4e29
de502a
df512d
db4e2a
db4e29
db4d29
db4d29
da4d29
db4e2a
db4e2a
db4d29
da4c28
da4c29
db4d29
da4c28
da4c28
db4d29
d94b27
db4d29
db4d29
dc4e2a
db4d29
db4d29
da4c28
d94a26
d84a27
d64a27
d84a27
d94927
d94a28
d94927
d84927
db4827
db4725
da4926
d94a27
da4a27
d94928
d94929
d74a2a
d74b2a
d94a28
d94a28
d64725
d74827
d84927
d84927
da4b29
d84928
d84929
d84929
d84929
d84929
d74828
d84929
d84a2a
d9492c
db482a
d74726
d54825
d84c28
d74d2b
d54c2e
d95032
dd5432
d9512c
df5833
df5d36
d75b34
d05b37
ce5e3c
c9563d
c04f3b
b8503c
a94d3b
944436
823f32
773d33
743e32
773c2b
733224
6f261d
6d261e
5e1f16
511f13
4c2919
4c2114
522016
5b3a28
5b402a
573927
6b4838
745044
5a3a2f
4f3223
785040
85513d
8b563a
895933
895c32
8b5c31
905b2e
935e2e
8c5c2f
8c5c30
915e31
8f582f
895538
6f4532
522c1c
734932
815230
794c25
835836
7f5537
7b4a2b
844e32
714932
543320
614230
734d39
74462e
75462d
6e442f
6f4630
72452e
72452e
72452e
72452e
73462f
72452e
72452e
73462f
70432c
6e412a
6e412b
70432e
6e412c
6d402d
6f402c
70412d
71412d
71412d
71412d
71412d
71412d
71412d
71402f
73402f
73402f
72402f
72402e
723f2e
713f2d
713f2e
713f2d
71402c
70402c
70402c
70422e
6f422d
6f422d
6c3e2b
6a3b2b
6b3c2c
6e4030
6c402f
65402c
60402a
5e422b
61412d
61402d
61402d
61402d
61402d
603f2c
61402d
5f3e2b
60412c
60412b
60422c
61422d
5f402b
5c3d28
593a25
5a3a27
5c3c29
5b3929
5a3b2b
563a2c
4c3728
4b3b2b
473b2e
3f352c
3f352f
2e2824
292322
2b2829
2c2b2a
2c2c28
2a2c27
2a2a25
312b25
302a28
272629
222224
3b342f
4c3b2f
523f30
88502b
88502b
88502b
88502b
88502b
88502b
88502b
88502b
88502b
88502b
88502b
88502b
88502b
88502b
88502b
8b502d
8c502d
8c502d
8c502d
8b4f2c
8b4f2c
8a4f2c
8c512e
8a522e
8c5430
89522d
89542e
88532d
86522c
86532c
84532e
855530
855530
855530
855530
83522d
83532e
7f4f2a
7f4b27
824e2a
814c29
7f4a27
814c29
834e2b
834f2b
834f2c
834e2b
824d2a
834f2c
7f4a27
84502c
885431
895330
87562f
84542d
83522c
83532c
84542d
84542d
84552d
85542f
875232
875232
865332
855332
845332
865534
825130
835032
825133
7b4f2e
784a2d
73432d
795141
493429
281f14
483620
60422c
613c2a
603a28
5b3a27
5b3d29
603b29
603a2a
603b2b
5f3a2b
5e392a
5c3a2c
513226
51382a
4f3a2a
553f2b
5d4c3b
544640
352322
361211
6a2c1f
ac5b3f
c55b38
d7512d
e0512f
e35431
de542f
d9542f
dc5330
e24e31
de4d2c
dc4e2a
dd4f2b
df512d
dc4e2a
dc4e2a
db4d28
da4c28
d94d29
d94d28
d94d29
d94d29
d94d29
d94d29
d94d29
d94c28
da4c28
db4e29
dd4f2b
dc4e2a
dc4e2a
dd4f2b
db4d29
da4c28
da4c28
da4c28
da4c28
dc4e2a
d94b27
d74925
d64a25
d64a27
d74a27
d84927
d84927
d94826
d74725
da4827
dc4827
da4927
d84926
d84827
d84929
d7492a
d6492c
d6492a
da4b2a
db4c2b
d94a28
d94a29
d84928
d84a28
d94b28
d84a28
d84929
d94a2a
d84a29
d84929
d84929
d84929
d84828
db4a2c
da492b
d94929
d94827
d64726
d54826
d44726
d54929
d84b2e
d84c2d
da4d2d
d54828
d44928
d94e2e
da5131
dc5436
dd5538
d75237
d8573c
d75a3e
d85f42
d76143
d55f3f
d7563a
de5842
e15a47
dd594a
cb5143
bb4f42
ac4f40
9d3c37
8b3030
632419
421b0a
412512
432a1c
3a241b
3e2c25
4a3129
66473b
7b5443
83553c
83502f
8a5a33
8b5c30
8d5f2f
926030
925e33
925f32
8f5f2e
8c5c2e
8b5b37
754530
5a2f1d
754930
82512e
805228
7e5430
825839
815233
7f4d2f
71482f
573420
654230
724a36
73432a
74452a
71452f
714532
734631
734630
72452e
72452e
72452d
72462d
72462d
72462b
72462c
6e4229
6d4128
6f422c
6f412d
6e412f
6e412d
6e422d
6e422d
6e432d
6e422d
6e432d
6e432c
6e422d
6f422e
6f412d
6f422d
6f412d
6f422d
6f422d
6f422d
6f422d
70422d
6f422d
6e422d
6e432d
6d442d
6b422c
6d442e
6b412d
6f402e
6e3d2c
6b3928
6a3b29
6d432f
66452e
5f422a
60412d
61402d
61402d
61402d
61402d
61402d
61402d
60402c
5e3f2a
60402b
5e402b
60412c
60412c
60412c
61412c
5b3d29
593b28
5b3c2b
5a3c2c
553b2c
4f382a
4d3b2c
47392c
40372e
3d352f
2f2724
292325
2c292b
2b2929
2c2b2b
2b2d29
2b2c26
2f2b25
2e2a27
28282b
222326
39332e
4d3f31
4d3c2c
88502b
88502b
88502b
88502b
88502b
88502b
88502b
88502b
88502b
88502b
88502b
88502b
88502b
88502b
88502b
8b502c
8c502c
8c502c
8c502c
8b4f2b
8c4f2b
8b4e2b
8d522d
8c532e
8b532e
8b532e
8c5630
8a542e
88552e
89542d
86552e
855530
865630
865530
84542e
855530
84542e
85542f
87532e
87522d
85512c
87532e
834f2a
84502b
834f2a
844f2a
844f2a
824e28
814d27
824e29
88542f
8a5630
88542f
88572f
86562d
85562d
86562d
85552d
84542d
84542c
84532d
875232
875232
865232
855332
845332
865635
7b4a29
7c492a
865437
7e5031
7a4c2f
73422c
774e3f
513a30
281f14
493723
60422e
613b28
5f3927
5c3d2a
5b3e29
5e3b28
5e3827
5d3929
5e3929
5e392a
5d3729
583627
543829
543a2a
5f413c
53423a
352d1e
401e11
8a372c
d05d46
d86239
d1592b
dd5531
df5332
e35636
de5433
da5532
de5030
e74d30
e34f2d
dc4f2a
dd4f2b
db4d29
dc4e2a
db4e2a
dc4e2a
db4d2a
d94d29
d84e29
d84e29
d94e29
d94e2a
d94e29
d84e29
da4d29
db4c29
da4c28
d94b27
d94b28
da4c28
da4c28
d94b27
d94b27
d94b28
d94b27
d94b27
dc4e2a
d94b27
d74925
d74a26
d64a27
d84927
d84927
d84927
da4a28
d64624
da4726
dd4828
da4726
da4927
db4829
d84828
d8492b
d6492b
d54829
da4b29
d84826
d84826
da4a29
d94927
d84827
dd4d2c
d84928
d9492a
d94b2a
d84a29
d94929
da4a2a
d94929
d94a2a
dc492a
db4729
d7462a
d74528
d8472a
d8472a
d8472a
d94b2c
d84b2e
d84c2d
d94c2e
dc4f31
da4e2f
d7492a
d64828
d54c28
d14928
d54c2f
d64b31
d44932
da4e35
d6492f
d84c30
dd5235
d84e31
d74a2d
dd4c30
dd4b2f
e25336
e05132
d94e36
dc5947
cd5541
bb4c39
a84533
833223
622d1b
492b18
2f1713
361d18
5e4336
805b45
86573a
8e5c36
87572c
8c6131
8e6133
8f5d33
8f5d32
8b5f2f
845b2a
815730
78472d
60341e
7a4d32
86542f
805227
885d39
815637
815235
845234
70442b
5d3924
65422f
704732
76452b
77452b
734630
724633
734632
734631
72452e
72452e
72462d
72462c
72462c
72462a
724628
6e4227
6d4128
6f422b
6f412c
6e402e
6f412e
71412d
71412d
70412d
71412d
70412d
70412d
71412d
71412c
71412c
71412c
71412c
71412c
70412c
71412c
71412c
70412d
70412d
70412d
70422d
70422d
6c422c
6f442e
6a3f2a
6b402b
70402d
6f3f2c
6d3d2a
673b26
64412a
61432a
61412d
613e2d
62412e
61402d
61402d
61402d
61402d
603f2c
61422d
60412c
62432e
60412c
61422d
61422d
60422d
5f422d
563927
563927
593c2c
553a2c
50382b
4e3a2c
47382c
40372f
3d3531
2e2726
282325
2c292c
2b292b
2c2b2b
2b2d29
2a2c26
2e2c25
2e2b28
26262a
222426
332d28
4d3f32
493827
88502b
88502b
88502b
88502b
88502b
88502b
88502b
88502b
88502b
88502b
88502b
88502b
88502b
88512b
89512c
8b502c
8c512c
8d512d
8b502b
8b4f2b
8b502b
8a502b
8c522d
8b542e
8b552e
8c562f
8c562f
8b562f
8c5730
8c572f
8a562f
86532e
8b5832
88542f
86532d
87542e
86532d
86532d
8a532f
89522e
88522e
8a5430
89522f
895432
895432
895530
895730
88552e
88552e
89562f
87542c
87532d
87552f
85552d
85552d
84542c
84542c
84542c
84542c
84542c
84532b
86522f
875331
875432
875534
875533
875534
814f2d
895333
7d492a
7e5031
7a4e31
74472d
76513b
544032
322821
48372c
604233
633a29
613828
5e3c2c
5c3c2b
5e3b27
633826
5e3727
543d2c
5a3b2f
5f392a
5b3c27
563a25
593626
5b4341
361b17
501c10
9e4936
d8644a
dd5838
d54d26
dc572e
dd5230
db4f2e
dc502e
dd5231
dd5331
de512e
e04e2d
e14f2d
dd4d2a
dc4d29
dd4f2b
da4e2a
d94d29
d84d29
d84d29
d94d2b
d94d2b
d84c2a
d84c2a
d94d2b
d84c2a
d74b29
d84b2a
d94c29
da4e2b
d84b28
d64a27
d94d2a
db4e2b
d74b28
d84927
da4b29
da4b28
d94a28
dc4d2b
da4b29
d74826
d94827
dc4827
db4827
da4827
da4827
dc4827
da4726
db4827
dd4728
dc4627
da4625
d84525
d84728
d9492b
da4b2f
d84a2e
da492b
db4928
db4926
da4924
dc4a28
db462a
e34d38
dc4631
d64329
cf4122
d84824
de4822
df4724
dd4928
da4b2c
dc4a2a
dc492a
db4a2b
db4b2b
dd4c2d
db4a2c
db492b
d94a2b
d74b2b
d84b2b
d74a2b
d84c2c
d94b2c
d8492a
d64728
d84926
d94928
da4b2d
d94b30
d64a32
d74b34
d54b37
d64c35
d94d31
d84e30
d34929
d64b2a
da4f2d
d64c27
dc512b
d84f2a
d9512e
d94f2f
dc4d32
e1523e
d34e3d
cb5643
c15b47
974f40
5e2d1e
301304
3e2e19
5c4a2f
866645
9f7048
8a572a
7b4c1a
966230
925a2a
905d31
855932
865b37
80512f
653a21
794e33
885831
815027
905e3c
835438
825539
805434
694326
573620
664531
6e4831
74452c
76452e
734533
714634
724630
734630
73462f
734730
734630
74462f
74472f
74462e
73452c
70422a
6e4029
70422b
70422b
6f412c
70412d
73402c
72402c
72402c
72402c
72402c
72402d
72402d
73402c
72402d
72402d
72402d
71412d
71412d
70412d
70412c
71412d
71412d
70412d
71412d
71412d
70412d
71412d
6f402b
6f402b
71402c
6e3f2b
71422d
693d27
673f28
653e27
67432f
643f2d
633f2d
623e2a
623f2c
613f2d
62402f
61412e
5e412b
60412c
5e402b
5f412b
5c3e29
60402c
60412c
5c422c
5c3f2c
5e3c2a
5b3b2b
543b2b
4a3929
4e3c2d
4c3b2e
40362d
3c332e
2c2825
272523
2c292a
2d292a
2f2929
2c2b28
2b2a25
2f2a25
2d2928
25272d
212227
312b28
4a3a2f
493727
88502b
88502b
88502b
88502b
88502b
88502b
88502b
88502b
88502b
88502b
88502b
88502b
88502c
88502c
89512c
8b512c
8c522c
8c522c
8b512b
8a502a
8a502a
8b502a
8b532c
8a552d
8b562e
8c572f
8c572f
8b562e
8c572f
8b562e
8a562e
8b5630
87532c
89552e
88542d
87532b
87532c
88532c
8b532e
8b532e
8a542f
89532d
88532e
875230
875130
87542f
85542d
85542c
85542c
84542b
85542c
85542c
86552d
84542b
82522a
82522a
82522a
82522a
82522a
82532a
83532b
85532f
85552f
875530
885633
865432
895736
804e2d
824d2a
85502f
7e4f31
784c2e
714528
775339
5f4839
352924
47352e
5e4032
653c2a
613626
603a2e
5d3c2e
5e3c29
653729
5f372b
533e2d
573729
5c3121
583a25
553f2c
613e34
44241c
521d13
9f4537
dd674f
d85634
d44d29
d94f2b
e05230
dd502d
df512e
e0512f
df512f
df532f
df522f
df5230
da4a28
dd4d2a
dc4d2a
da4b28
d84c28
d84c29
d84d29
d84d28
d84c2b
d84c2b
d84c2b
d74b2a
d44827
d64929
d74a2a
d64a28
d94d29
d84c29
d94d2a
dc502d
d84c29
d94d2a
d84c29
d84a28
da4b29
da4b29
db4c2a
de4f2e
d64725
d94a28
d74826
d94928
d94927
d84927
d74927
d94827
d94927
d84927
d7492b
d7492b
d5492b
d4482a
d4492a
d64d2c
d54e2d
d64b2e
d8482f
d8482c
d84928
d94a28
d9482a
dd4b34
cc392b
c62f25
d94638
dc503a
d64a2b
d74524
dd4728
db482c
d74a2f
da4b2c
db4b2a
db4b29
db4b29
db4b29
db4a28
db4a29
da4b28
d84a28
d84a28
d84a27
d84b28
d84a27
d74827
db4c29
da492a
d9482c
d8482a
d8482b
d64a2c
d74a2f
d74b30
d84c30
d84b2b
d24625
d54928
d44827
d64a29
dc5130
d94d2c
d84e2b
d84e2a
d74b29
d74c2d
d74b30
d44b30
ce4a2f
d04f35
d15c41
c36148
a05a45
562b19
311807
432a1a
6e4d40
89624c
8e5f39
8e582d
8f5227
94572e
905b36
8c5d3a
7c532f
643c22
81563b
85562f
89562e
915d3e
8a593d
855a3c
764e2e
6a4427
57351d
674532
6e4732
74442c
75452d
734633
714733
72462f
73462f
73462f
74472f
754730
754630
764730
754630
72452e
70422b
6f412a
70422b
70422b
70422b
70422b
71412b
71412b
71412b
71412b
71412b
71412b
71412b
72412c
71412d
71412d
71412d
70412d
70412d
6f422d
6e422d
70412d
70412d
70412d
70412d
70412d
70412d
70412d
71412d
70402c
6e3f2b
6f3f2c
6c3e29
6d412c
6d412b
6c422c
663d28
68412d
67422f
623d2a
603c29
674331
654130
62402c
64432f
613f2b
61412c
63432e
62422d
5d402b
5f422c
5d442d
60412d
613b2a
5e3b2b
533c29
4a3b28
4b3b2a
4b3b2b
40362c
3b342d
2b2925
242422
2b2827
2e2929
302927
2e2a27
2c2927
2e2925
2b2928
26272c
212127
352c2a
4e3b32
483626
88502b
88502b
88502b
88502b
88502b
88502b
88502b
88502b
88502b
88502b
88502b
88502b
88502b
88502c
89512c
8c522c
8d532d
8d542e
8c522c
8a502a
89502a
8a502a
8b532c
8a552d
8a552d
8c572f
8c572f
8b562e
8c572f
8c572e
8a552e
8a542f
89542c
89542c
88532c
88532b
88532b
88522c
8b532d
8b532d
8c552e
8b552f
8b5631
8b5632
8b5632
88562f
85552d
85542c
85542c
85542c
85542c
85542c
86552d
86552c
85552c
85542c
85542b
85552c
85552c
85552c
85552c
86552e
86552d
86552e
84522e
865430
875533
7f4d2b
84502c
824f2b
815334
794b2c
754727
795034
664a3a
392821
46322c
5d3f32
613927
653b2b
603c2d
5f3e2e
5f3d2a
62382c
5d3831
583d2a
572e1a
592819
5d4030
514031
442019
541608
a14a36
cf5e47
d65234
d84e2b
d74b28
dc4d2b
de4d2d
e35432
e0512f
dd4d2b
dd4d2b
da4b29
e0512f
dd4e2c
da4b28
dc4c29
da4c28
db4d29
da4e2a
d94d29
d64b26
d74c27
d74a29
d64a29
d84c2b
d84c2b
d74b2a
d84b2b
d84b2a
d84c29
d94e2a
d64926
d94d2a
db4f2c
d84c29
da4e2b
d94d2a
da4a29
da4b29
d94a28
d94a28
d94a28
d84927
d84826
d74a27
d54a27
d74927
d64927
d74a27
d84927
da4927
d94927
d9492a
da482c
d8492c
d84b2e
d94c2d
d74929
da4b28
dc4c29
d94a2c
d84b2d
da4d2c
d94c29
da4d2e
d84b30
c0331c
b11f12
b1221c
c84333
d2523a
d04930
d7462d
da482f
d9492f
db4b2b
dc4b28
db4b29
da4b29
dc4c2a
dc4c2a
da4b29
db4a28
da4a28
da4a28
da4a28
d94927
d84927
d84a28
d84b28
da4929
d9482a
d8482a
d7492b
d6492d
d74b2f
d74c2f
d74b2f
d74b2c
d54928
d74b2a
d14524
d04423
d64929
da4e2d
d64b2a
d84c2a
da4c2c
dc4d2d
db4c2b
d94b2b
d74a2b
d6492a
d14425
d24b2c
d35a3d
c76049
994e3d
5a2821
331715
402823
775846
8c684f
8a5d3c
8d572c
895225
916038
805635
643f24
82573a
8c5d36
89582f
915f3e
865539
83593c
7a5233
6f432b
5a321f
674331
724734
77452d
79462d
734631
714532
73472f
73462f
73462f
75452e
76442f
77442f
77442f
75462f
72452e
70422b
6f412a
70422b
70422b
70422b
70412b
71412b
71412b
71412b
71412b
71412b
71412b
71412b
72412c
71412d
71412d
71412d
70412d
70412d
6e432d
6f422d
70412d
70412d
70412d
70412d
70412d
70412d
70412d
70412d
6f402c
6e3f2b
6d3e2a
70412d
6d412c
6c3f2a
6c3f2a
6f432e
6e412f
6a3f2c
6a422f
694230
653e2d
633d2c
663f2d
663d2c
653c2b
694230
613c29
5f3e29
60412c
5f412b
5e402a
623f2c
663d2d
613b2c
593f2e
4a3a28
463525
4c3a2b
3f352b
3a322d
2d2924
242322
292826
2d2b2a
2f2b29
2d2b28
2b2926
2f2a27
2b2927
252629
232126
382c28
523d32
533e2e
88502b
88502b
88502b
88502b
88502b
88502b
88502b
88502b
874f2a
88502b
89512c
89512c
89512c
89512c
8a522d
8d532d
8d532d
8d532d
8b512b
8a502a
8a512b
8a4f29
8b532c
8a552d
8d5830
8c572f
8a552d
8b562e
8c572f
8d572f
8c572f
8c572f
8a552d
8b562d
8b562d
8a552c
8a552c
8a552c
8b542c
8b542d
8a542c
89542e
89532d
89552f
895530
87552f
86552d
86552d
86552d
86552d
86552d
86552d
86552d
87552d
87562b
87552c
87562c
87562c
88562c
88562c
87562d
87562d
87562d
87562d
85542d
85542e
82502d
865531
85512c
82512d
7f5332
7d4e2e
7e4d2c
7d5032
704f3b
3f291d
422f28
5e4031
5e3523
643a2b
603b2e
5e3d2e
5e3c29
5e372b
5d3b33
5b3c26
5e2f1c
69372f
5b3d34
3e2117
571d13
a94b31
cf5c3e
d64f32
dc4d2c
e0512c
df512d
e55434
df4b2c
de4e2c
db4c2a
db4b29
db4b2a
da4a28
db4b29
de4e2c
dd4d2b
e0502d
d94b27
d94b27
d84c27
d84d28
d64c27
d94e2a
d64a29
d64b29
d84c2b
d94d2d
d64b2a
d74b2a
d84c2b
d94d2b
d74c29
d74c29
d84c29
d84d2a
d74b28
d64a28
d54926
d74826
d54624
d94a28
dd4e2c
dc4d2b
d54624
d74927
d94927
db4928
dc4928
db4928
db4827
db4727
dc4928
dd4829
de4526
de4325
d84428
d2442a
cf442b
cf452a
ce4326
cc4223
c2401f
c24321
c54623
bf411e
bf4220
bc4120
c14726
b73b26
9e281d
871e11
a5402a
c4543a
ce4c32
d94b2f
db482b
db4a29
db4b29
db4b29
db4b29
db4b29
db4b2a
db4b29
dc4a28
dc4828
dc4928
db4928
db4a28
d94a28
d84a28
d64b28
d84927
d94827
d84828
d84929
d6492b
d74a2d
d84d2f
d84c2e
db4f2f
d84c2a
d84c2b
df5332
d94c2b
d74b2a
d64b29
d8492a
d94a2a
d94a2a
d94a28
db4b28
db4b28
dc4928
dd4827
d84929
d94a29
d94928
d34928
cf593c
c1674f
9f5c49
5a2d1d
2c1508
453424
7b634a
8c633e
875224
966037
87563a
623922
7d5537
90643d
85542c
8c5a38
7f5033
7e5638
734d2e
734831
583220
623f2d
6c4430
704428
704227
6c442c
6f4831
724a31
70462e
71452e
75462f
784530
77442f
77442f
75462f
72452e
70422b
6f412a
70422b
70422b
70422b
70412b
71412b
71412b
71412b
71412b
71412b
71412b
71412b
72412c
71412d
71412d
71412d
70412d
70412d
6f422d
6f422d
70412d
70412d
70412d
70412d
70412d
70412d
70412d
6e3f2b
6e3f2b
71442f
6c3f2a
6e3e2b
6e402c
6f412c
6f3f2c
6c3e29
70412d
70412e
6d402d
6f4231
6b3f2e
683e2d
693c2c
6b3b2c
6b3c2c
683b2b
693f2d
653f2c
623d29
63402c
5f3c28
663e2d
683b2c
633a2c
5b3f2e
4f3c2b
483626
4f3c2e
43362d
3f3531
2f2926
252321
282826
2d2d2b
2e2c29
2b2a27
2c2a27
2f2a26
33302e
2b2b2e
282628
3c2f2a
5a4235
5d4332
88502b
88502b
88502b
88502b
88502b
88502b
88502b
88502b
88502b
88512c
89512c
89512c
89512c
89512c
8a522d
8d532d
8d532d
8d532d
8b512b
8a502a
8b512b
8b512b
89502a
8a562e
8c572f
8d572f
8b562e
8b562e
8b562e
8b562e
8c562e
8d562e
8c552c
8b552c
8b542b
8a532a
8a542a
8a542a
8b542b
8b542c
89542b
89532c
88542c
89552e
89552f
87552e
86552d
86552e
86552d
86552d
86552d
86552d
86552d
8a562d
8b572b
8b572c
8a572c
8a572c
8a572b
8a572b
8a582d
8a5930
89582e
88572d
87562e
8a5832
875530
85542f
8b5731
865632
7e5130
7d4d2a
7f4a28
7e4e2e
734d38
42271c
412c26
593b2d
613826
64392a
5f3a2d
5a3a2b
5d3a26
633c2e
5f3c2e
58381f
683c2b
643736
442624
47160b
993d26
cc5635
d3512f
df4e2e
e04c2a
e0512b
dd532c
dd4f2b
df4d2b
dc4c2a
dc4b29
db4b29
dc4b29
db4a29
dc4c2a
de4e2c
dd4d2b
dc4c29
df512d
db4d29
d84b27
da4e2b
d84e29
d54b26
d64b2a
da4e2d
da4e2c
d94c2b
d84b2b
d94c2b
da4d2d
d64a28
d74b27
d84a28
d84b28
d74b28
d74a27
d74b28
d84a28
d64725
d64725
da4a28
e05130
dd4e2c
d94a29
d84927
d94827
dc4929
dc4a29
db4b29
da4d29
d84b28
d34a25
d14822
cb4822
c54b2a
c8573d
cd6a55
cb7261
c57263
c26f5f
cc7a68
d18271
d08371
d38776
db917f
da927f
d8927e
d9967f
d68f7c
db9786
955f4e
471100
843d28
c55f4a
d05239
d54b2e
db4c2b
da4a27
db4c29
db4b29
db4b29
dc4a29
db4b29
dc4a29
dd4728
dd4828
dd4928
db4a28
da4a29
d84b29
d74b28
da4b29
db4b29
d94a27
d94927
d94d2b
d84d2c
d64b2b
d74c2d
d84b2b
db4f2e
d94d2c
dd5130
dd5130
da4e2d
d64a29
d94a2a
dd492b
da4a2b
d84c2a
d84b2a
da4b2b
db492b
db492b
d84a2e
d84a2c
da4a2a
db4a28
d24927
c84a2a
c75235
bc5a42
6c2c22
3b130f
4c3128
765239
8b5730
925a33
855437
633b23
775132
91673e
895b31
855431
7b4e31
7c5536
74502f
6b482f
553624
5a402d
674931
664424
694625
65492c
64462a
674529
6d492f
6d462d
6f442c
72442d
74442e
76442f
75462f
72452e
71422b
6f412a
70422b
70422b
70422b
70412b
71412b
71412b
71412b
71412b
71412b
71412b
71412b
72412c
71412d
71412d
71412d
70412d
70412d
6f422d
6f422d
70412d
70412d
70412d
70412d
70412d
70412d
70412d
70432e
6d432d
6e422d
71432f
6c3d29
70412c
70412d
71412d
73412b
73402c
73402d
73422f
714130
71422f
6b3d2d
6c3d2d
6f4030
6c3d2d
6b3c2c
6b3d2d
6a3c2c
693c2c
6a3e2d
69412f
663c2b
673528
683d30
5c3f2e
513d2c
4f3e2d
4f3c2f
473830
413631
2f2825
262422
2d2d2b
282826
2a2a26
2c2c29
2e2b2b
2c2822
36322f
2d2c2e
282423
403029
5e4233
5e4430
88502b
88502b
88502b
88502b
88502b
88502b
88502b
88502b
88502b
89512c
89512c
8a512c
8a522d
8a522d
8c532d
8d522d
8e532d
8d532d
8c522c
8b512a
8b512a
8c512c
884f29
8b552d
8a552d
8b562d
8c5730
8b552e
8a552d
8a532e
8c552f
8d562f
8c552e
8c552e
8c552e
8c552e
8c552d
8b542c
8a542c
8b552d
8a552d
89532c
88542c
89552e
89542e
88542d
86552d
86552d
86552d
86552d
86552d
86552d
86552d
8a552c
8a562d
8a552d
8a552d
8a562d
8a562d
89572d
8a572e
8b5830
89562f
87552c
86542d
88562e
875630
814f28
84542e
85542e
845431
794a29
7c4826
814c2b
754b35
42291c
412e26
583a2d
623a2a
63392a
5c382a
5b3a2b
5b3926
623a2a
5f3d2a
573d24
5f3b2e
4e2124
4a1a1a
7e3422
c55332
d04d2b
d64e2d
e15031
dc4b29
df522e
dc502b
dd4f2b
de4c29
dd4a26
dd4b29
db4a2c
dc4d2e
da4b29
de4c2a
df4c2b
dd4c2a
d94d2a
d74c2a
d84c2a
da4e2a
d74926
d74b29
d64b2a
d9492c
de4f33
d3482c
d44c2f
d14d2e
c84524
ca4726
ce4928
cd4826
cd4927
cc4826
cc4826
cb4926
cc4a27
ca4826
cb4622
cd4721
d34926
da4e2b
df522f
da4f2a
d94f2a
d64a27
d64926
d24824
ca4824
c64c26
c14f2c
c55938
d87051
db8a6d
e1a189
ecb7a3
ecc3b6
edd1c8
efd9d2
f1ded7
f4e0da
f5dddd
f4dcdc
f6e1e0
fbe7e6
fce9e7
fbe9e7
f7e9e4
fae4dd
f5dbcf
f0e3d4
b5a799
5a3b35
69251b
b65242
d65d4a
d94e32
da4a29
db4a27
dc4b29
db4b2a
dc492b
dd4929
de4828
df4727
dd4828
dc4827
dc4b29
d84927
d94a28
d84b28
db4b2a
dc4a2a
da4a29
d84a29
da4c2a
d84b2a
d94c2b
d64a2b
da4d2d
d84b2b
d94d2c
d84b2a
d94c2b
d84c2a
d74a2a
d94a29
de4a2c
da4a2b
d84c2c
d94e2e
d84b2d
d94a2f
d9492e
db482d
db4a2d
d94a2d
d84a2d
d84d2f
d84c31
d84b2f
d44d36
c55043
7d2624
480d11
683933
8a5c3d
8c5f36
7f5238
56331e
674223
8e6339
895d35
794e2e
7d5031
774c2d
795336
6d5138
46341e
50402a
694f36
624424
624724
5f4829
604427
634026
69452b
6b442a
6a4028
70462e
744831
72442d
744730
72442d
70422b
6f412a
70422b
70422b
70422b
70412b
71412b
71412b
71412b
71412b
71412b
71412b
71412b
72412c
71412d
71412d
71412d
70412d
70412d
70412d
70412d
70412d
70412d
70412d
70412d
70412d
70412d
71412d
6e402c
6c402b
6f422d
6e412c
6f402c
6f402c
70412d
71412c
74412c
74412c
723f2b
73412d
72412f
724230
6f402d
6d3d2c
6d3e2e
6d3f2e
6c3d2d
6d3c2d
6b3b2b
6d3c2d
6d3c2d
683c2b
673a29
6a3a2c
663b2c
5c3f2e
543e2e
524131
513f31
4d3e36
473c37
2f2927
262424
2d2c2b
2c2c2a
292925
2e2f2b
2f2e2c
302a24
342e2a
2f2b2b
272120
423028
604332
5f4430
87512b
86522b
87512b
87512b
88502b
88512c
8b512c
8b512c
8b522d
8c522d
8c522d
8d532e
8e542f
8e542f
8f542f
8f522d
8e532b
8e532b
8e532b
8d532a
8d532b
8b542b
8b542b
8a532a
885329
88552c
86542c
87532c
89522d
8c5230
8c512e
8a522c
8a522d
8b532e
8a522d
8b532e
8d5530
8d5631
86542c
89552e
87542d
89542d
89532d
88512b
8a522d
8a542d
87552b
87552a
87552b
87552b
87552b
87552b
87542b
8a532d
8a542e
8a542e
8a542e
89552e
88562e
88552e
88552e
8a5430
8b5430
8a552f
8a562e
88552d
8a592f
855428
7d512b
835229
8b542b
7a4c2e
784c2d
844e27
784f31
3b2d20
3d3124
553c2f
5d3a2d
5f3a29
5a3a28
583b27
5b3a28
5d3925
5b3b27
543c30
472824
4b110c
873020
c95e41
c8532d
d44f2e
db5132
e15536
d54827
d74827
da4928
dc4928
e14c29
de4b21
de4e2e
d64a30
d64d2f
dc512e
de4f2c
e04d2d
df4d2b
da502b
d34f2d
d24f2c
cd4922
cd4823
c5482a
c24830
c8462c
c44a30
ce5f4a
ca6552
c86b57
ca715a
d2785f
d38266
d58d6f
d99174
d69071
d49071
d29071
cd8d6d
c68665
d0805a
cb724d
c86645
ca5d3d
c65234
c45031
c55433
bc4d2d
ca5f3e
d06f4b
d8825f
dd9876
e5af94
ecc0b1
fad7d0
f8e0dc
f7e5e2
fbe9e7
f7e9e8
f2e9e6
f0e9e6
eee9e5
ece8e4
eceae6
ece9e6
ebe9e6
ebe8e5
ebe9e5
ebe9e5
eae9e5
eee8e4
f0e8e4
ebebe7
f5f8f3
eee2de
987571
5e1d16
8e362f
cc5d48
d45536
d44925
da4825
dc492a
db482c
de4729
df4626
dc4826
db4826
db4926
d94926
dc4b29
d84825
d94c28
dc492a
dc482c
dc482c
da482a
db4b2b
da4a28
dc4d2a
da4c2a
db4d29
dc4d2b
db4c28
db4d29
da4c28
d84a26
d94a27
da4b2a
da4a2b
dc4d2d
dc4e2d
df4f2f
d94a2a
d94a2b
da4b2d
db4a2a
db4a2a
da4b2c
da4b2c
da4b2e
db4c2d
e15132
d4492b
cf4e2d
cb5539
882726
55121e
6f4635
88643f
7c4d38
4a2d20
5b3c1d
93673b
7d5d38
795c3f
7f5531
7f4d2b
794d35
72543d
423920
4e3f2c
694630
684325
624828
67482e
70452f
72442d
72462e
754730
6f442c
6c422a
6f462e
70472f
73462e
73452e
71432c
70422b
70422b
70422b
70422b
70412b
71412b
71412b
71412b
71412b
71412b
71412b
71412b
72412b
71412b
71412b
71412b
71412b
71412b
71412b
71412c
70412d
70412d
70412d
70412d
70412d
70412d
70412d
70412d
70412d
70412d
70412d
70412d
70412d
70412d
70412d
70412d
70412d
70412d
71412d
71422e
6e3f2b
71422e
70402d
6b3e2b
6d402e
683b28
6a3d2a
6a3d2a
6b3d2a
6b3c2a
683b2a
673c2b
6a4030
643d2f
5e3d2c
543c2b
544230
504230
493d35
443b37
2e2828
282628
2d2a2c
2d2c29
2d2c25
2c2c25
353631
3a332b
3e3732
302c2a
2b2322
422e25
614331
5d412e
87512b
87512b
87502b
88502b
88502b
8a512c
8b512c
8b512c
8d532e
8d532e
8e542f
8d532e
8d532e
8d532e
8d522e
90522d
8f522c
8e522c
8e522c
8e542d
8e532c
8c552c
8b542d
8b532c
88532a
88562d
85542b
85542b
89532d
8b522e
8a512c
88522b
89522c
8a522d
89522c
88512c
88522c
89532d
88552d
88542d
8b552f
88512b
89512c
88502c
8c532f
8a542c
89562b
89562b
89562b
8a562b
8a562b
8a562b
8a572b
8b542d
8b532e
8b532e
8a542e
89542e
89552e
89552e
89552e
8a542e
8b542f
8a562f
8a562e
88552d
8b5a30
845327
80542e
835229
8d562c
774b2d
74492c
804d25
754e2f
382d20
3c3124
553d2f
5c3a2d
603a2a
5b3b26
593b27
5b3828
5c3821
62412b
5b3638
49161c
74291b
bc5633
d45a34
d04e30
d84e31
da5030
da502f
da4e2d
da4b2b
db4b29
dc4b29
de4c2b
d94d2c
de4f34
df4d32
dc4c29
e2542b
db4f29
d44a2a
d74825
d84c28
c74a2a
c55734
ca6840
c87148
cf8563
d99b7f
e5a488
edb197
f2c0ad
f4cabf
f5cfc9
f9d4d0
ffdbd7
fde0d9
f9e5dd
fce7de
f7e4dc
f6e6dc
f4e6dc
f2e6db
efe2d6
f0deca
f4dcc6
f1ccbb
edbbad
dea297
b6756a
c38174
d69b8f
e4bbab
f6d6c2
fadfca
fcecd5
f5eedd
f0f1e8
e8ede8
eae9e6
ede7e3
eee6e3
ece6e3
ede8e3
ece8e3
ece8e3
ece9e4
ebeae6
ebeae6
ebeae6
ebeae6
eaeae6
ebeae6
ebeae7
eaebe5
e7ebe5
e6ece7
e5e9e6
ede9e7
fff4f0
d6b8b2
633830
672919
c0684d
d65f3d
d44624
e14b2d
df492f
df492d
de482a
dc4a27
dc4927
db4a27
da4a27
dc4b29
dd4e2a
d94b27
dd482a
dc472c
dc482c
dc482a
dc4a2a
dc4c2a
da4b29
dc4d2a
dd4f2a
d94c27
dc4e2a
da4c28
d94b27
d84a26
d94b27
db4c2a
db4c2c
db4d2c
d94a2a
db4c2b
da4b2c
da4b2b
db4c2c
d94a2a
d84a29
d84928
da4b2b
dd4e2e
dd4e2e
da4b2b
da4c2f
d34b2a
d35628
c15539
721e1f
561c1a
7e5340
80523a
412718
4f2f15
885a31
856443
7e6044
855936
865231
7e5038
784f3b
524029
58412e
734735
754b30
6a4d2d
6d4b32
754833
774932
764831
744730
744931
70472f
6c442b
70462e
6f422b
73452e
72442d
72442d
6f412a
6f412a
6f412a
6f412a
71412b
71412b
71412b
71412b
71412b
71412b
71412b
71412b
71412b
71412b
71412b
71412b
71412b
71412b
71412b
70412d
70412d
70412d
70412d
70412d
70412d
70412d
70412d
70412d
70412d
70412d
70412d
70412d
70412d
70412d
70412d
70412d
70412d
70412d
70412d
6f402c
71412d
71422f
6b3e2b
6b3e2b
6a3d2a
6b3e2b
693c29
6b3e2b
693c29
673b2b
693d2d
683d2e
663f30
664433
523a29
53402e
4e3f2e
453a31
403933
292523
242224
2a292a
2c2b27
2d2b25
31312a
373733
433c35
443f39
302d2a
2c2522
463229
614231
5c402e
87502b
88502b
884f2b
8a502b
8a502b
8b502b
8b512c
8a502b
8a502b
8b512c
8b512c
8b512c
8b512c
8b512c
8b512d
90512c
8e512d
8d512d
8d512d
8c522c
8c512c
8a522c
89512c
8a542d
8a562e
85542b
85572c
86562d
88542c
88522b
89522b
88532c
89532d
89532d
89532e
89532e
89532d
8a532e
89542d
88542c
88532b
8b542e
8a522c
8e5630
8b512c
8b512b
8b562b
8b562c
8b562c
8a552b
8b552b
8a552b
8a552b
8d532d
8c542e
8c542d
8b542d
8b552d
8a552d
8a552d
8a552e
8a542e
8b552d
8b562f
8a552e
88552d
8a5930
845229
825530
84522b
8e572e
774c2e
6f4629
7f4d27
745032
382f22
3e3225
553b2f
5e3a2e
5f392a
5b3a27
5a3b27
5d3b2a
613f27
664130
59222a
64151c
a84730
ce5a2a
d55125
dc4b35
da4e31
d84e2c
d94e2d
db4f2e
db4f2e
de4e2e
de4f2f
dc4f2e
d84b2d
dd4c30
e44f30
e35027
d84f1f
d05126
ce5736
cf5f41
c76347
cc7b63
d5967d
e8b599
eec5aa
f3d8c1
f6e4d4
f7e4d4
f9e8db
f4e7de
f0e8e2
efe7e4
ede6e4
efe4e3
eee4e4
ede2e7
f0e5e9
f0e5ea
eee6e9
ede5e8
eee7e9
eee7ea
eaeae9
ecebe8
f0e8e7
efe0e0
e8d6d6
dac6c7
e1cecc
efddde
f2e4e7
f3e5e5
f2e8e2
efe9e2
ece9e2
ebebe6
eae9e6
eaebe7
eaebe5
eaebe5
ebebe5
ebeae4
eae9e4
eae9e4
ece9e5
eae9e5
eae9e5
eae9e5
eae9e5
ebe9e5
eae9e5
eae9e6
e9eae5
e8ebe5
eaeae6
ede9e9
eee6e9
ede3e4
faf2ee
e9e2dd
78605a
521d0e
bc5f47
df6147
d6472f
d9452f
db4831
db492d
dd4929
dd4a29
dd4b29
db4b29
da4a28
da4b29
dc4d2a
dc4829
dd482b
dc4728
dd4828
de4a29
dd4b2a
da4a27
dc4c28
dd4e2a
d94b27
dc4e2a
da4c28
d94b27
d94b27
d94b27
da4b29
db4c2b
d94a29
da4b2a
db4c2a
da4b29
da4b29
db4c2a
da4b29
d94a28
dc4d2b
da4b29
d94a28
dd4e2c
da4b29
db492d
db4a2c
d14c18
cb5522
c05a45
68171b
5c2120
795138
463020
54331f
81502c
876044
826048
845434
8a5636
83543e
80503b
624631
694b38
7a4937
76482d
6f5031
6e4830
754733
71442d
70442d
744730
72452e
72472f
72472f
70442c
72442d
72442d
73452e
754730
71432c
6f412a
6f412a
6f412a
71412b
71412b
71412b
71412b
71412b
71412b
71412b
71412b
71412b
71412b
71412b
71412b
71412b
71412b
71412b
70412d
70412d
70412d
70412d
70412d
70412d
70412d
70412d
70412d
70412d
70412d
70412d
70412d
70412d
70412d
70412d
70412d
70412d
70412d
70412d
70412d
71412d
6f412d
6e412e
6b3e2b
6a3d2a
6b3e2b
6b3e2b
683b28
6b3e2b
6d402f
6a3b2c
683d2d
694031
624130
553a29
54402f
524231
473c2e
3b332b
2b2623
252224
292827
2c2b27
2e2c26
30312c
3c3b36
423c34
433e36
33322e
28241e
45342b
5d4132
5d412e
88502b
8a502b
8a502b
8a502b
8b502b
8b4f2b
8c4e2b
8b502b
8a502b
8a502b
8a502b
8a502b
8a502b
89502b
8a4f2b
8e4f2c
8c502c
8c502c
8c502c
8b512c
8b512c
89512c
8a522d
88522d
834e28
86562d
84552b
85552b
85532a
875229
88532b
88522c
87522c
87532c
87522c
87522c
88532d
89532d
8a552d
8a542b
8a542d
8b542d
8c532c
8b512a
8e532c
8f542c
8e532b
8d532b
8d532b
8c522a
8c522a
8c512a
8c522a
8f532c
8f542d
8d532c
8d532c
8c552d
8c562d
8b562d
8b562d
8b562d
8b562e
8b562e
8a552d
88552d
895830
86542c
815431
86542e
8e552e
794c30
6c4428
7e4e2a
725234
383225
3e3024
563b30
5f382e
603829
5f3c2a
5a3926
613d2c
6b4939
593025
5c1410
9b382a
c65334
d05226
dc522b
e14a33
da4d2e
da512c
da4f2d
da4f2f
da4f2e
da4f2f
da4e30
db502e
de532f
da5032
d34f34
cf5735
cc643d
d47b58
db8a72
e7a995
e8bead
f1d5cb
f4e2da
f4e3d9
f7e7de
f4e9e4
efe7e6
f2e8e6
f1e8e6
f1eae8
efebe7
ede8e1
ece9de
ebe8dc
e9e9e1
e7eae5
e7eae4
e7eae4
e7e9e3
e6eae3
e6eae3
e6e9e3
eee6e8
f0e4e9
ebe1e5
e7dfe1
e4dfde
e5e4e0
e8e9e5
e7e9e7
e8e7e8
e9e7e5
e9e8e4
eaeae4
eaece3
ebece2
ecece4
ebebe5
ebebe6
ecece6
ebebe6
eaebe5
eaebe5
e9ece5
eaebe5
eae9e5
eae9e5
eae9e5
eae9e5
eae9e5
eae9e5
eae9e5
ece9e5
eee7e4
f0e7e5
f0e6e7
efe5e8
eee8e8
eae7e6
eeeeeb
f9f3f2
a68a88
61261d
8c382b
cb6355
cf5748
ce4832
d8472b
dc482a
dc4828
dd492a
dd4c2b
de4d2e
db4b2b
da4b2a
dd4729
df482a
de4728
dc4727
dd4928
dd4a27
dc4b27
db4b26
db4d29
db4d29
db4d29
d94b27
d94b27
d94b27
d94b27
da4b28
da4b28
da4c29
da4b28
da4b28
da4c29
da4c29
da4c29
da4c29
dc4d2a
da4c29
dd4f2c
da4b28
dd4e2b
dc4e2b
da4829
dd4729
dc4f27
d2501c
d35b33
97332c
561318
5e3e2c
433327
523020
875434
8b624b
7f5a45
815032
875434
84553e
7b4a33
6d5037
664632
794532
77452b
714c2f
724932
794a37
734a31
6f452d
70462e
71442d
72452e
73452e
73452e
754730
74462f
73452e
754730
74462f
6f422a
70432b
71422b
71412b
71412b
71412b
71412b
71412b
71412b
71412b
71412b
71412b
71412b
71412b
72422c
72422c
72422c
72422c
70412d
70412d
70412d
70412d
70412d
70412d
70412d
70412d
70412d
70412d
70412d
70412d
70412d
70412d
70412d
70412d
70412d
70412d
70412d
70412d
70412d
70412c
72422f
714330
6b3e2b
6a3d2a
6b3e2b
6b3e2b
6a3d2a
6c3f2c
6e4030
6a3b2c
693c2c
694031
644030
573a2b
533e2d
4d3c2b
443a29
3f382c
2a2620
242322
2a2929
2d2c29
2f2d27
302e2d
3d3b39
403c32
403d31
303129
25261e
3f3328
5a4232
5d422f
884e29
8a4d29
894e29
894e2a
8b4f2b
8c4f2b
8d4e2b
8b4f2b
8a502b
8a502b
8a502b
8a502b
8a502b
8a502b
8a502b
8c4e2c
8b4f2b
8b4f2b
8b4f2b
8b512c
8b512c
8a512c
89522d
87532e
84512c
84542c
83552c
825329
825026
885528
89552d
86522c
87532c
87532c
87532c
86522b
86522b
87532c
8a542c
8c542c
8b542b
8c532c
8e532b
8e532b
8e522b
8d522a
8e522a
8d522b
8d522a
8d522a
8d522a
8d522a
8d522a
8e532b
8f542c
8e532b
8d532b
8d542c
8c552c
8c552c
8b552b
8b562b
8b562c
8b562e
89552d
88562e
8a5832
85532d
815332
87522e
8f5731
774b30
6f472d
7a4c28
705234
363124
3e3024
573b30
5f382e
613829
5d3927
5b3927
6c4735
58352f
471a15
8f3d24
c85731
d2532f
d04b2f
da4e32
de4b2a
dd512e
db512d
de5430
dd5330
d94e2d
d84e2f
d84e30
da5131
d65533
ca5640
d37466
da9383
e0ad9b
f0caba
f6d7d0
f9dfd8
f6e5de
ede6e7
e7e7e9
ece6e3
f1e4e0
f3e6e4
f2e8e7
edebe3
edece3
eeece5
edebe7
ebeae5
ebeae6
e8e9e7
e9eae9
ebeae8
ebeae7
ebeae7
ebe9e8
ede9e9
ede9e9
ede9e9
ece9e9
ece9e9
eae7e7
e6e6e3
e6e7e2
e8e9e5
e8eae4
e8ebe5
e8e8e4
e7e9e4
e9e9e5
eaeae6
e9ebe6
eaece6
ecece7
eceae4
ede9e5
ede9e5
eae9e4
eaebe5
e9ece5
e9ece5
e9ece5
eae9e5
eae9e5
eae9e5
eae9e5
eae9e5
eae9e5
eae9e5
eee8e5
efe7e5
ede7e5
eae9e5
e8eae5
e9eae5
ece9e7
eae8e5
eae9e9
fef8f7
decfca
755a56
4c1e19
9d5346
d1684f
d04d2e
d84628
dc492b
dc482a
db492b
da4a2b
db4b2b
dc4c2d
de482a
de4627
de4728
de4827
dc4726
dc4925
de4b26
df4d29
dc4e2a
d84a26
db4d29
db4d29
d94b27
d94a27
d94b27
da4c28
da4c28
da4c28
da4c28
da4c28
da4c28
da4c28
db4d29
da4c28
da4c28
d94b27
d74925
da4c28
db4d29
dc4f2b
dd4c27
df492a
d94832
d64c24
d7551f
c6593e
6b2626
381f18
322520
563225
946043
875b44
7f5744
8a563a
8c583a
81533c
7b5035
6a5336
664932
76422d
76442a
724b2e
724430
754432
724b32
70462e
6e452d
6f432c
73452f
73442e
73442e
73462e
74462f
74462f
74462f
70422b
70422b
70422c
72422c
71412b
71402b
71412b
70402a
71412b
71412b
71412b
71402b
71412b
71412b
71412b
70402a
70402a
71412b
71412b
70412d
70412d
70412d
70412d
70412d
70412d
70412d
70412d
70412d
70412d
70412d
70412d
70412d
70412d
70412e
70412d
70412d
70412d
70412d
70412d
70412d
70412d
70412e
6e402e
6c3f2c
6b3e2b
6b3e2b
6b3e2b
6a3d2a
6c3f2c
6e402f
6c3c2c
6a3d2e
693f30
643f30
583a2a
543e2d
4d3c2a
483e2b
453e30
2c2921
242320
2c2b2a
2d2d2a
2e2b25
2e2b2a
363333
373229
403e30
313329
27261f
3b3227
564033
5e4231
8d532d
8d532d
8d532e
8c522d
8d522d
8d512d
8d502c
8d502c
8d502b
8d512b
8d502b
8d502b
8d502b
8d502b
8d502b
8f502c
8f502d
8f502d
8e502d
8e4f2c
8c502b
8c4f2b
8b502c
87552e
87562f
87572e
85552c
83542b
86552c
87562c
8c582e
8c572d
89542a
88532a
87512a
88522c
8a532d
8a542d
8b532c
8c522d
8d522d
8c522c
8b512b
8d512c
8c512d
8d522d
8d522c
8d522c
8d532b
8d532a
8d5228
8d5227
8d5227
8d522b
8e532d
8e522d
8d532d
8d532d
8d532d
8e542e
8d552e
8b562c
8c562e
8a552e
8d5831
88552e
86542f
875530
885632
85502c
865432
764a2d
734729
774d29
6b5032
3e3321
462e21
54362c
5e3a30
623629
5f3322
6a4431
674436
3e211d
4c1917
a5422a
cf512c
cd4c2b
d44b37
d94a35
da4d2e
d85130
d5502e
d9522d
dd522e
d94b2a
d84d2f
cf4d30
cc553b
c76752
e6a391
f0c7bd
f0d4cf
fbe4e3
f5e6e4
edeae6
eee7e1
f2e7e2
ede8e5
ece8e6
efe9e6
f1e8e4
f2e8e6
f1eae7
eaebe3
eaebe3
eaebe3
ebeae8
eaeae9
eaeaed
e9eaef
eaeaed
ebe9eb
ece9eb
ebe9eb
ebe9eb
ebe9eb
ebe9eb
ebe9eb
e9eaeb
e8eae9
e8e9e6
e6e7e5
e5e6e4
e8e7e6
e9e9e5
eceae7
ece8e6
ebe8e7
ece8e7
ece9e8
ede9e8
ede9e8
eeeae9
ece9e6
ebe7e5
ebe7e5
eae8e5
eae9e6
e9eae6
eaeae6
eaeae7
e9e8e6
e9e8e6
e9e8e6
e9e8e6
e9e8e6
e9e8e6
e9e8e6
eae9e6
ece9e6
eaeae6
e9ebe6
e8ebe7
e9ebe7
eaeae8
ebeae8
eeeaeb
e6e4e3
f2f6ef
fbfdf6
afa49e
512c25
733329
c1644f
d85937
dc4b2d
df4527
dc4a28
d64c28
d64c28
db4a2a
df4929
dc4929
dd4a28
dc4828
dc4928
dd4929
dd4a2a
dd4c2b
da4b29
d94a28
d94a28
da4b29
d94a28
da4b29
da4b29
dc4a29
dd4a29
dd4a29
dc4b29
dc4b29
db4b29
db4b29
da4b29
dc4d2b
db4c2a
d94a28
d94a28
d94a28
d94a28
da4c2a
db4822
df4824
dc4d37
da4e33
d94d25
d75b39
8c3d31
3a1f1e
311f1f
6d3e34
a4684c
865b36
7e5739
8d543d
89523a
82593e
764d33
704e33
6b452d
71402a
794630
774830
784531
74442e
72482f
73462f
71442d
72432d
75452f
77452f
784530
754630
744531
744531
734430
71422e
72432f
744531
754630
75462f
75462f
75452f
75452f
764630
73442e
71422b
72422d
71412e
73432e
70412c
71412d
71412d
6e3e2a
6f3f2b
6e422c
6f422c
6f402c
6f402c
6e3e2a
70402c
71412d
71402f
71402f
734230
744332
734331
724230
72412f
71402f
71412e
71422e
71422e
70412d
70412d
70422e
71422d
6d422d
6b442f
6b3f2b
6e3e2c
6e3d2b
6f3e2c
6d3e2b
6c402c
6d3e2e
6c3c2e
6b402f
6b4130
64402e
5b3d2b
553b2b
564231
4c402f
494134
332e28
2a2925
2f2e2c
2c2c28
2c2a23
2d2c29
2e2c2d
32302b
36332b
332f28
2c261f
392e25
4f3d33
563f30
8e542e
8e542e
8e542e
8d532d
8a502a
8b512b
8c522c
8d512c
8e522a
8e522a
8e522a
8e522a
8e522a
8e522a
8e522a
8e512c
8f512e
8e512d
8f512e
90522f
8a4d29
8c4e2b
8a4f2a
845028
87522b
8b562d
89542c
86522a
8b562e
87522b
8b552b
8c5528
895126
8a5128
89512a
8a512b
8a512b
8a522c
8a502b
8a502c
8b512c
8b512c
8b502c
8b512c
8a502c
8b512b
8d532d
8d532c
8d532b
8b5329
8b5327
8b5327
8b5326
8c522b
8c522d
8c522c
8c522c
8b512c
8c532c
8d522d
8d522d
8b512b
8b522b
8a522c
8a532d
864f2a
8a5530
87512d
8b552e
86522d
7c4c2d
79492a
794727
794d2d
6c4d32
47331f
453022
54392d
59392b
613a28
603825
674537
544137
2a150d
66271b
bf4737
d5492e
d24b2c
d64a33
d94a32
d44f32
d34d2f
d44e2d
d1502a
d3502a
d24e2c
d15a3b
d16e4f
d2846b
e2b0a1
f5e2d1
ebecdd
eceae5
f5e6e7
f6e4e5
eee9e3
edeae2
eee9e4
efe9e4
efe9e5
efeae7
efeae7
f0e9e9
efe9e9
ebeae6
ebeae6
ebeae7
ebeae9
ebe9ea
ebe9eb
ebe9ec
ebeae9
ebeae8
ebeae8
ebeae8
ebeae8
ebeae8
ebeae8
ebeae8
eceae9
ebeae8
eae9e6
eae8e7
e9e7e5
e9e8e6
eae9e7
ebe8e8
eae8e7
e9e9e7
e9e9e6
eae9e7
ebeae8
ebeae8
ecebe9
ebeae8
e9e9e7
e9e9e7
eae9e7
eae9e8
eae9e8
eae9e8
eae9e8
eae9e7
eae9e7
eae9e7
eae9e7
eae9e7
eae9e7
eae9e7
eaeae6
eaebe6
eaebe7
eaeae8
eaeae9
eaeaea
eaeaea
eaeaeb
ece9ea
ebe9ea
e7e9e5
e9e9e2
fff8f1
ecdbd5
654746
471108
b6523b
dc5844
e0462f
dd4728
d54c26
d54d29
dd492c
dd4929
db4b27
db4b28
db4b2a
dc4c2b
db4a2b
db4a2d
dc4b2d
dc4d2c
d74825
da4b29
d94a28
da4b29
da4b29
d94c29
dc4a29
de4929
de4929
dd4a29
dd4a29
db4b29
da4b29
da4b29
da4b29
dc4d2b
dc4d2b
dc4c2b
da4b29
d94a29
d94b29
df4c28
e04a25
d44a2c
da4f35
e04b2f
d84b2b
b5523c
572420
321818
683c34
864c32
7b5027
815834
8a4e3a
864f3a
7d593c
78533a
704730
6c412b
6f432c
6a3a25
774430
794431
764630
74462e
75462f
72442d
73442d
76452e
774730
784731
744530
734430
72432f
72432f
744531
71422f
70412d
70412c
71432d
71432d
71432d
70412c
72432e
71432d
6f402b
70412d
71422f
6e3f2c
70412e
6f402d
6d3e2b
6e402d
6d402b
6c402c
6e402c
6e402c
6d3e2c
6e3e2b
6e3d2b
713e2c
713f2f
703f2f
6e3e2d
6e3e2d
6f3e2e
6f3e2e
703f2f
703f2f
70402e
70402e
70402e
70402e
70402e
70402e
71402d
6c412b
6a462f
6b3f2b
6f3e2c
713c2b
723d2c
6e3e2c
6b402b
6c3d2f
6b3a2d
6e4132
69412d
684732
5a3d28
58402f
564131
4d4030
473e32
332e26
2a2827
2c2d2c
2a2b26
292922
292925
2b2b29
292925
342f2c
37312a
302620
392b24
4b3a34
513d31
8e542e
8e542e
8e542f
8e542e
8c522c
8d532d
8c532d
8d522c
8e512c
8e512b
8d512c
8d512c
8c512b
8d512b
8c502b
8b502c
8c512d
8d512d
8c502c
8b502c
8c502b
8b502c
8b502b
8a502a
884d28
8b4f2b
8b502b
8d532d
8b512b
8a4f2a
8b5029
8a5027
8c5129
8b502a
8a502b
8a502b
8a4f2b
894f2a
8a502b
8a4f2a
8a502b
8b502b
8a502b
8a502b
8a502c
8a502a
8b512a
8b5129
8b5129
8b5129
8a5128
8b5129
8b5128
8d532d
8c522d
8b512b
8a502b
8a502b
894f2a
894f2a
884d28
894d29
894d28
894d29
884d2a
874d2b
89512f
864e2d
844d28
824e29
7b492a
7b492a
80492b
804a2d
754a34
4e3123
44342b
523b2d
5f3d29
623d27
634331
503a30
2c2221
2e1d0d
814626
c45338
cf4929
d24828
d7442c
d6432c
cc4a2d
c74f32
cf5f40
c55e3c
c05f3e
c3684c
cd8269
e0aa92
f6d2be
f9e3da
ebe8de
e4ede3
e7ebe7
f0e7e8
f5e4e7
f1e7e4
eeeae5
efeae7
eeeae7
eeeae7
eeeae7
eeeae7
eeeae8
eeeae8
ebeae8
ebeae8
ebeae8
ebeae9
ebe9e9
ebe9ea
ebe9ea
ebe9ea
ebeae8
ebeae8
ebeae8
ebeae8
ebeae8
ebeae8
ebeae8
ebeae8
ecebe9
ecebe9
ecebe9
e9e8e6
e9e8e6
e9e8e6
e9e8e6
e9e8e6
e9e8e6
e9e8e6
eae9e7
ebeae8
ebeae8
ecebe9
ecebe9
eae9e7
eae9e7
ebeae8
ecebe9
ecebe9
ecebe9
ecebe9
ebeae8
ebeae8
ebeae8
ebeae8
ebeae8
ebeae8
ebeae8
eaeae8
eaeae8
eaeae8
eaeaea
eaeaea
eaeaea
eaeaeb
eaeaec
e9eaec
e9eaea
ebeae8
ede7e4
efe5e2
f7ece7
f6ece6
9f857f
742d2a
c25952
df5948
de4d2f
d64823
d94b26
dc4929
dc4929
da4b28
da4a28
da4928
dc4a29
db4b2a
db4b2b
dc4c2d
db4c2a
d84927
da4b29
da4b29
da4b29
da4b29
d94c29
dc4a29
dd4a29
dd4a29
dc4a29
db4b29
da4b29
da4b29
da4b29
d94a28
d84927
da4b29
dc4d2b
da4b29
da4b29
d94a28
d94825
dc4b27
d94f31
da4b2e
e4482a
e04626
d1553b
9a4333
39140e
3f251c
7f5742
916649
855438
864c37
84533c
77573a
725238
66452c
6b4730
69422c
6b3f2a
734430
764432
72402b
774530
774530
754630
73452e
74462f
744730
744931
754631
754632
734430
70412d
6f402c
70412d
70412d
71412e
70432e
70432e
70432e
724430
70422e
71432f
6c3f2a
6b3e2b
6d3f2d
6d3f2d
6d402d
6a3c2a
693c2a
6b3e2c
6c3f2d
6d3e2c
6e3f2d
703f2f
703f2f
6b3a29
6f3d2d
713e2e
703f30
6e3d2f
6f3d2f
6d3d2e
6e3d2e
6d3c2d
6c3b2d
6b3a2c
6c3b2b
6c3b2b
6c3b2a
6c3c2b
6d3c2b
6c3b2a
6d3b2b
6a3c2a
673e2a
6b3d2b
6d3c2b
713d2d
703d2c
6e3d2c
6b3f2d
6e3d2f
6c3b2d
6d3f30
6c4631
654731
583f29
533f2c
544231
4d3f2f
473e31
312b24
272523
292928
2a2c26
292922
292723
292926
2b2824
2d2a25
342d28
302822
30251f
41342e
4c3931
8c522c
8c522c
8c522c
8c522c
8a502a
8b512b
8a502a
8b502b
8d512d
8d512c
8d512c
8d522d
8d512c
8b4f2a
894f2b
8e532f
894e2a
874c28
874b27
884d29
854a26
8b502c
8b502b
8f502b
8e4f2c
8d4e2a
8e502b
884a25
8f512b
8d4f2a
8d502a
8d512b
8c502a
8b502b
8c502c
8c502d
8a4e2b
8a4f2c
894f2a
894f2a
8a502b
894f2a
894f2a
894f2a
894f2a
8a4f2a
895028
8a5028
8a5129
8a502a
8c522c
8a502a
8a502a
8c512e
8c512d
8a502d
8a502c
8b502c
894f2b
884e2a
884c29
884b28
884b28
884d2a
874b2a
864a2a
874d2d
844b2d
87502b
814d29
7e4b2e
7d472a
824629
84492e
7f4e38
533024
3e2b26
56382b
623822
603825
5e3f36
4c3231
2a1112
5f3823
ac613a
be5237
c65337
c75b3c
d15f45
d86b56
c57259
ce947c
e3b19c
dfb19b
dcae9c
d7a79c
eac3bd
fae4de
f6e4e0
f8e2e4
f2e5e8
eeeaeb
ede9ea
efe8ea
efe9e8
eeebe5
eeebe8
eee9ea
eeeaea
eeeae9
eeeae8
eeeae7
eeeae7
eeeae7
ebe9ea
ebe9e9
ebeae9
ebeae8
ebeae8
ebeae8
ebe9e8
ebe9e8
ebeae8
ebeae8
ebeae8
ebeae8
ebeae8
ebeae8
ebeae8
ebeae8
ebeae8
ebeae8
ebeae8
ebeae8
ebeae8
eae9e7
eae9e7
eaeae7
eae9e7
eae9e7
ebeae8
ebeae8
ecebe9
ebeae8
e9e8e6
ebeae8
ecebe9
ecebe9
ebeae8
ebeae8
ebeae8
ebeae8
ebeae8
ebeae8
ebeae8
ebeae8
ebeae8
ebeae8
ebeae8
eaeae8
eaeae8
eaeae9
eaeaea
eaeaea
eaeaeb
eaeaed
eaeaed
e8eaed
e9eaeb
ece9e9
f0e9e9
f0e9e8
ede9e5
eaebe5
fffffb
c2a6a1
51120f
a34330
dd6546
d95632
d34a21
da4c24
dc4c29
db4b2a
dc4c29
dc4c2a
da4b29
db4b29
db4b29
db4b29
d94a28
da4a28
d94a28
da4b29
d94a28
da4b29
d94a28
d94b28
dc4a29
dc4a29
db4b29
da4b29
d94b29
d94b29
d84c29
d94a28
da4b29
da4b29
d94a28
db4c2a
d94a28
d74826
d94926
d84b27
d94e2d
dd4b2b
e44728
e54728
d54728
cb5438
622316
33180e
674b3b
7d5541
87523b
865138
82533c
7e5840
71533b
654830
614029
65402a
6a412e
734734
754734
744330
764430
764532
744531
754631
734832
724932
734933
744632
71422e
744531
734430
6f402c
734430
72432f
71432f
6e422f
6f432f
714431
6d412e
6e422e
6e412e
6c402c
6d4130
6a3e2d
6d4131
6d4030
6c3f2f
704232
6a3e2e
6c3f2f
6f402f
6e3f2f
714131
6d3f2f
704130
6d3e2e
6b3e2d
683a2a
6d3e30
69392b
6c3c2e
6b3b2d
6c3c2e
6b3b2d
693a2c
6b3d2d
6c3f2e
6b3e2d
6b3e2e
6b3e2d
6b3d2d
6a3d2c
693e2c
693d2d
6c3d2d
6a3b2b
6a3c2c
6a3c2c
6a3e2d
693f2d
6b3c2e
6c3b2e
693d2d
643f2a
61432e
573f29
503c29
4e3d2b
4d3f2f
463d30
322d25
252322
262625
2b2c27
2b2b24
2b2a24
2a2823
2d2924
2f2a26
36302a
322a24
2d241f
372c27
4d3d36
8c522c
8c522c
8c522c
8b512b
8a502a
8a502a
8a5029
894f2a
8a502b
8a502a
894f2a
8b512d
8b512c
8b502c
8f5530
884e29
864c27
834924
884e29
854b26
864c27
824924
8b502b
8c4e29
91522d
90522c
8a4c26
8e502b
8a4d28
92532e
8f512c
884d28
8b4f2a
8e522d
8b4f2b
8b4f2c
8b4f2d
894d2b
8a502c
894f2a
8a502b
894f2b
8a502b
8a502b
8b512d
8b512b
8e542b
8c5229
894e27
8a502a
884e28
8a502c
8b502e
894e2d
8a4f2e
8b502f
8b512f
884d2b
884d2b
884c2b
874c2a
864d2a
874c29
864c2a
864d2c
844c2b
854d2d
814a2b
834c27
824c27
7d492b
7f482c
85482c
834b2f
7c4f37
523224
3e2c21
563826
5e3921
5d3d2f
594142
4c2c2e
58231d
9b5037
ba583a
c65f51
d18172
d8a488
e8b79b
f6d2bc
efe4d1
f1e8df
f1ebe5
f1ece6
e3d7d5
ecd7d9
fde7ec
f0e5e8
eee6e8
f2e5e9
f3e6e9
f3e8ea
f3e9ec
eeebea
edecea
efebea
edeaeb
eceaec
edeaec
edeaea
edebe9
edebe7
edebe7
edebe8
ebe9eb
ebe9eb
ebe9ea
ebe9e9
ebeae7
ebeae6
ebeae6
ebeae7
ebeae8
ebeae8
ebeae8
ebeae8
ebeae8
ebeae8
ebeae8
ebeae8
ebeae8
ebeae8
ebeae8
ebeae8
ebeae8
ebeae8
ebeae8
ebeae8
ebeae8
ebeae8
e9e8e6
e4e3e1
e8e7e5
e9e8e6
e8e7e5
e9e8e6
ebeae8
eae9e7
eae9e7
eae9e7
eae9e7
eae9e7
ebeae8
ebeae8
ebeae8
ebeae8
ebeae8
ebeae8
ebeae8
eaeae9
eaeae9
eaeaea
eaeaeb
eaeaec
eae9ed
eae9ee
eae9ee
ebe9eb
ebeaec
ebeaec
ebeaea
ebebeb
ebebea
ecebea
e9e6e2
f8f1e6
c0a69b
592518
832f1e
c4553e
da5939
d95129
db4c2a
db492c
db4b2a
db4b29
db4b29
da4b28
db4b28
db4b28
d94a28
d94a28
d94a28
d94a28
d94a28
d94a28
d94a28
da4a28
db4b29
da4b29
da4b29
d94c29
d84c29
d84c29
d84d29
da4b29
da4b29
da4b29
d94a28
dc4d2b
dc4d2b
db4c2a
dd4f2d
d74c29
d94c29
dd4c29
e24a2b
de452a
db4a2b
d7512e
9e3c2a
4e1c11
482d1d
613a2a
824d38
87583a
81543c
855546
6f4a37
633f2b
603c28
603c28
684431
694330
6d4633
734835
754634
754735
754733
734633
724631
744833
744834
70422e
6e3f2b
6d3f2a
6f412d
6d3e2a
683a26
6b3d29
693c28
663b2a
663c2a
693e2d
663c2a
643a28
643a28
663b28
623726
683d2c
643928
603524
613625
633827
623726
613626
623524
633626
623726
613625
5f3524
5e3624
5d3724
5e3725
623928
5f3626
603827
603827
613828
603828
603827
603a28
603a28
613a27
613b28
603a28
603a27
5f3927
603927
623927
633827
613826
603927
613a27
603a28
5f3b28
63392a
62382a
603927
5f3c26
5e402b
553b25
583f2e
523d2d
4b3f2f
473f32
312c25
262523
292827
2e2e2a
2a2b23
292820
302b27
2e2a25
2d2824
332c28
342c28
2e2622
322824
4b4037
8c522c
8c522c
8c522d
8d512c
8a502a
894f29
8b512b
8a512d
89512d
89512c
89512c
89512c
89512c
874e29
864d28
884f2b
854d2a
864e2a
854d29
874f2c
89512d
854e29
89502c
8a4f2b
894e2b
8a4f2b
8a4f2b
894e2a
894e2a
884c29
8a4e2c
894b2b
8c4e2e
8d4f30
894b2b
894a2b
8f5031
874a2a
8c522d
874d28
894f29
8b512b
894f29
8a502b
894f29
8b522b
874f29
854c26
874f29
894e2b
894e2d
894e2f
894c2e
8a4d2b
8a4d2a
894c2a
884b28
874b28
874b28
874b27
874b28
844e2a
844e2a
844e2b
834e2c
814d2d
824e2e
7d4929
844d2d
834d2c
814c2f
80492c
80472a
804d2f
744b34
503524
3f321f
4f3b24
543e27
52453a
403a37
37201b
723725
a86145
b26f58
e2a69c
eeccc3
ede2cf
faebd9
fbece4
ebeaea
eae9ea
e9e8ea
e7e9ea
e9e6e8
f0e6e9
f3e7e8
ece6e5
e8ebe6
e5eee7
eaece7
efebe9
efece9
ededea
eeedeb
f2ebec
efe9ec
ece9ed
eceaed
eceaeb
ecebe9
ecebe8
ecebe8
ecebe8
ebe9eb
ebe9ec
ebe9e9
ebe9e9
ebeae7
ebeae6
ebeae5
ebeae7
ebeae9
ebeae8
ebeae8
ebeae8
ebeae8
ebeae8
ebeae8
ebeae8
ebeae8
ebeae8
ebeae8
ebeae8
ebeae8
ebeae8
ebeae8
ebeae8
ebeae8
ebeae8
e9e8e6
e1e0de
e3e2e0
e1e0de
e7e6e4
eae9e7
eae9e7
e9e8e5
e9e8e5
e8e7e5
e9e8e6
eae9e6
ebeae8
ebeae8
ebeae8
ebeae8
ebeae8
ebeae8
ebeae8
eaeae9
eaeaea
eaeaeb
eaeaec
eaeaec
eae9ed
eae9ee
eae9ee
eee8eb
ece8ec
e9eaeb
e8ebec
e9ebed
eaebea
eeebec
f0ebea
e9eae1
fcf9f0
ddc9c7
713e3d
6b130e
c55141
d9533a
d44c2d
d74b2d
dd482b
dd492a
da4a28
dc4c29
de4b26
dc4a26
da4a29
d94a28
d94a29
d94a28
d94a28
d94a28
d94a28
d94b28
da4b29
d94b29
d94c29
d94c29
d84c29
d84c29
d84d29
db4c2a
da4b2a
d84a28
d84a27
d94a27
db4b29
dc4d2b
d94b2a
da4d29
d94a26
dc4e29
db492b
dd4a31
da4b2d
d64c27
cf533e
6d2516
3e2011
563023
7e4934
865a39
805439
824c3f
6d4130
613826
5e3422
5d3523
623a27
5f3925
613c29
663e2a
693c28
693d29
683c27
693c28
6b3b28
693a27
693a27
663723
673522
6c3a27
673421
663421
683622
693624
693726
633525
643626
663827
653727
623423
653726
633525
623626
633828
633828
633828
5f3525
613626
613626
603525
613424
623827
613826
5f3826
5d3926
5c3926
5c3a26
5c3925
5b3824
5c3824
5d3926
5b3824
5c3824
5d3a26
5e3a27
5a3a25
5a3926
5a3926
5b3a26
5a3a26
5a3925
593824
5c3925
603826
5e3725
5d3825
5e3926
5f3b28
5b3925
5d3926
5b3624
5b3825
5e3a26
5c3921
5b3a25
5a3b27
5a3b29
583c2c
503f2f
4c3f34
362e29
252320
2b2b2a
343530
34342c
2f2b23
302925
362f2a
332d28
322a25
372e2a
2f2623
332a25
463e33
8e5229
8c5129
8d542c
884e28
844b25
8a522c
864f2a
87502b
86512b
87502b
86502b
89522c
854d25
8c532b
894f27
844b27
864f2b
834c28
814a26
864e2a
864f2b
864f2a
864e2a
88502d
884f2d
874f2d
87502e
854d2b
88512e
864f2e
89502f
894d2e
884b2b
8a4e2c
894d29
8a4e29
874b27
8a4e2a
8b4f2d
884d2b
8a4e2d
894e2c
8a4f2c
894f29
884e27
884e29
864f2a
884f2a
89502d
8b4e2f
8c4d2e
8c4d31
8d4c30
8b4c2f
8b4d30
894b2d
894b2b
884a29
884b29
894c28
894d28
864c28
854d29
844d29
834d2b
844e2e
844e2e
7d4829
834c31
824b2f
83482b
85482a
83492b
804b30
744834
553120
442e1c
523b2e
4e3c33
424037
22281c
181203
815e4b
d9afa0
e3c3bc
f7ded9
f5ebe5
ecebe3
ebe9e4
ece8e5
ebe8e9
ebeae8
ebece8
ebebe8
ebebe8
ebebe7
ebeae6
eaeae6
eaece6
eaece7
ebece7
ecede9
ecede7
ecede8
ecede8
edece8
edece9
edebeb
edebeb
edecea
edeceb
edecea
edecea
edecea
ecebe8
ecebe8
ecebe7
ecebe7
ecebe7
ecebe7
ecebe7
ecebe8
ecebe9
ecebe9
ecebe9
ecebe9
ecebe9
ecebe9
ecebe9
ecebe9
ecebe9
ecebe9
ecebe9
ecebe9
ecebe9
ecebe9
ecebe9
ecebe9
ecebe9
ecebe9
eae9e7
e9e8e6
e2e1df
d1d0ce
c8c7c5
dad9d7
e7e6e4
ecebe7
edece8
eeede9
eae9e5
eae9e5
eae9e4
eae9e5
eae9e5
eae9e5
ebeae6
eae9e7
ebeae8
eaeae9
e9ebea
e9ebe9
e9ebea
e9ebea
e9ebe9
e9eaeb
e9eaea
ebe9ea
eae9ea
eaeaea
e9eaeb
ebebec
ecebeb
ecebec
edeceb
ebede8
e8ece8
f8f9f5
f2e1dd
8c5c58
74221b
b5483e
c8583e
d24b2f
e6432e
df462b
d54c28
dd4d29
e34623
e24724
db492a
d9492a
da492a
da4a28
da4a27
da4a27
da4a27
da4b27
da4c28
da4c28
da4c28
da4c28
da4c28
da4c28
da4c29
d84c29
d74c29
d94c28
da4c28
da4c28
da4a27
da4a27
db4a28
dc4b28
db4a27
dc4c29
db4c2b
da4b2c
da4d2d
d94e2b
d14e31
8f3723
4c1f18
522823
6f3d2a
734926
6e4627
6f3f2d
6d402f
633726
5e3321
663a29
663a28
683c2a
6d3f2e
693c2b
683b28
683c29
673b28
673d29
673c28
663b27
6b3f2c
6d3b2b
6e3a2c
743f30
743e30
713a2c
6f372a
71392c
733c2e
713b2c
713b2d
6f3c2d
6f3c2c
6d3b2b
6e3d2d
6e3d2d
673b2a
643a2a
663c2c
653b2c
673d2f
663c30
663c30
673b2e
6a3929
683928
673a29
643b2a
613c2a
603d2a
5f3e2c
5f3d2a
5f3d2a
603e2a
603d2a
5f3d29
5e3c28
603e2a
603e2a
5f3b2b
603a2c
603a2c
613b2b
623b2d
613b2c
613a2b
613a2b
613b2c
613b2c
5f3c2c
613d2e
633d2e
623d2e
633c2e
613d2c
603e2a
62402d
613e29
5f3d29
603d2b
613f2c
603e2d
593b30
553e36
392a29
282121
2d2b2b
33312e
37332d
38322d
372f2d
342c2a
322926
352c28
3b302c
312621
362d25
463b33
914f32
8f4f30
8b4c2e
88492c
884b2d
8c5031
844828
834928
834929
83482a
834829
864a2c
874a2c
894c2d
894a2c
874b25
874d23
864b22
854a21
894e25
874c23
8b5026
8b5028
8a4f2c
854a27
894e2a
874c28
8a4f2c
884d29
8b502d
8c4f2b
8e4e2b
894c28
864925
864b27
874c28
854c28
874c2a
8b4f2f
874a2c
8a4d2e
8b4e2e
894c2b
8a4e29
8a4e29
8a4c27
8d4d25
8d4d27
8d4e27
8c4c27
8c4b27
8b4b28
8c4d2a
844b2b
864f31
834b2b
834b2c
814a2c
81492b
814a2c
824a29
874a27
864b28
864b2a
844c2b
844c2a
854d2e
854e2f
864d30
874a2d
8a4a2b
8b4928
824524
8b5234
804d35
5c301a
4f2a1a
56352b
543b36
352b26
413e38
83796f
dec2b8
fbdfd8
f8e5e2
f3e7e0
eeebe3
ebece4
eaece7
ebeae8
edebe8
ebece7
eaece7
ebece6
ebece7
eaebe6
eaebe6
eaebe6
eaebe7
eaece7
ebece7
ecede8
ecede8
ecede8
eceee9
ebede7
ecece9
edecea
edecea
edecea
edecea
edecea
edecea
edecea
ecebe7
ecebe7
ecebe7
ecebe7
ecebe7
ecebe7
ecebe7
ecebe8
ecebe9
ecebe9
ecebe9
ecebe9
edecea
ecebe9
ecebe9
ecebe9
ecebea
ecebea
ecebea
edecea
edecea
ecebea
ecebe9
ecebe9
ecebe9
ecebe9
eeedeb
f0efed
edecea
dcdbd9
c3c2c0
bebdbb
c6c5c3
cbcac6
d9d8d4
e3e2de
e9e8e3
ecebe6
edece7
edece7
edece8
eeede9
eeede9
eeedeb
edecea
ebebea
e9ebea
eaecea
eaebea
e9ebea
e9ebea
e9ebea
e9ebea
eaebea
eaeaea
eaeaea
ebebeb
ececeb
ededed
eeeeee
eeeeeb
ecece7
e5e7e3
e1e3df
e7e5df
ecddd5
7b5b50
390e00
973d2f
d94c44
e44439
da4b2e
d4542a
d94a23
e44725
e24829
db482a
da492a
da492a
da4a28
da4a27
da4a27
da4a27
db4b27
da4c28
da4c28
da4c28
da4c28
da4c28
da4c28
da4c28
d84c28
d94c28
da4c28
da4c28
db4c29
dd4b28
dc4a28
dc4927
dc4a28
dc4c29
dd4c2a
dc4c2a
dc4c2b
d94c2c
d74b2a
d24c2f
b44938
64221f
43211e
604334
6e4731
724938
69463b
623e32
573327
573327
5b362a
5e3a2e
603c30
643e32
5e3c33
5d3d35
5c3d35
5c3e35
5a3c35
583d34
593d34
563b31
5b3c2f
5d3c2f
5c3a2e
603e32
603d31
603c30
613d31
603d31
603c30
603c2f
5f3c30
5d3b2e
5d3e30
5b3c2f
5e4132
5a3a2d
5a392e
5c3b30
5a3a2f
5a3930
5b3931
5b3933
5b3831
5c382c
5c382c
5b382d
5a392e
59392e
583b30
583b30
53382e
50352c
4f352c
4e342a
50352c
50362d
4f342b
4e342b
51332d
51332d
50332d
51332d
52342e
51332e
51332d
51332e
51352f
51352f
51352f
52352e
51332d
53332f
51322c
51352c
4e3529
4c3227
51372a
51362b
4e3328
50362a
50332a
52302c
482c2a
352326
281d23
2b262a
312e2e
302c28
2e2b28
2c2828
2b2827
2c2726
2f2928
302b28
2e2723
2f2623
3d322b
8d5232
894f2f
854b2a
874d2a
86502a
855028
834e25
865025
844f26
844f27
844f28
814b27
834c2a
844d2b
87502e
844e2e
824b2b
844e2d
854e2e
824c2c
864f2f
8c5635
824b2a
854d2d
814a29
834b2b
844b2c
884f2f
874f2f
854d2c
8a4e2e
894e2d
834a29
814b2a
814c2d
814e31
7f4d31
7f4e30
86502b
87512b
875229
87532a
875229
885229
8a552b
8a522c
8c5030
8b5031
8a5231
895433
885532
895835
845631
8d5a32
8a552c
86522b
89542f
895333
8b5336
8d5539
8e593e
87573e
84563c
83553c
82543c
82543c
7f533a
80553b
7d523a
7c5038
7d4e33
7f5135
794c30
775034
755138
6c4a34
63412e
5a3b2e
523e37
837a77
c9c4c2
f2e9e7
fae9e7
f6eae6
f2ece6
efede6
ebede5
eaede5
eaece7
ecebe7
eeeae7
ecebe7
ebece7
ebece7
ebece7
eaebe6
eaebe6
eaebe6
ebece7
ebece7
ebece7
ecede8
ebece7
eaebe6
ebece7
eeefea
efeeec
edecea
edece9
edece9
ecebe9
ecebe9
ecebe9
edecea
ecebe7
edece8
eeede9
edece8
edece8
edece8
edece8
edece9
edecea
edecea
edecea
edecea
ecebe9
edecea
ecebe9
edece9
edebea
edecea
ecebe9
ecebe8
ebeae8
edece9
f0efed
f0efed
efeeec
eeedeb
e4e3e1
d9d8d6
cfcecc
cbcac8
dcdbd9
e5e4e2
e2e1df
d8d7d3
d2d1cd
d1d0cc
d3d2cd
cdccc7
d4d3ce
d6d5d0
d6d5d1
d6d5d1
dddcd9
e3e2e0
e3e2e0
e6e5e3
e9e8e7
e6e7e5
e8e8e6
e9e9e7
eaeae8
eaeae8
eaeae9
e9e9e8
ebebe9
eaeae8
e7e7e5
e4e4e2
dddddc
d9d8d7
d1d2ce
c7cbc4
c4c5c3
cccac8
d2d0cd
e0dcd7
edeae1
918e81
451a13
89282a
db5b55
d24f36
d34c28
e14928
e4482b
dc4c2d
d94929
d94829
db492b
da4a28
da4a27
da4a27
da4a27
d94a27
d84a26
da4c28
d94b27
da4c28
da4c28
da4c28
da4c28
da4c28
da4c28
da4c28
db4b28
dd4c29
dd4c29
de4a28
de4a28
dc4b28
da4a27
dc4c29
dc4e2b
db4c2b
d84b2b
d94d2c
d64b2f
d15141
8f3631
3e2017
392e23
492924
4d2826
412c2a
402723
3d231f
3a221d
3c241f
3c231e
3c2520
3d2621
3c2824
3c2824
3d2824
3d2724
3c2824
3e2a25
3b2925
392b24
372921
37271f
33231c
392820
3d2a23
3d2923
3c2821
3a251f
38241d
38241d
38251e
37251e
37261f
372820
382821
3b2a22
38261f
3d2a23
3a2722
382520
392620
3a2523
3a2621
392820
3a2820
3b2921
3b2822
392622
3a2621
3a2522
3c2723
3d2822
3b2720
39251f
3a261f
3a261f
39251f
38241f
3a251e
3a251e
3a251e
3a251e
39251e
39261e
37261d
39261e
3c261f
3b271f
3b261f
3c251e
3d2620
3d241f
3f261f
3b261d
3b281e
3b271d
3a261b
3c261d
3a261c
3b281e
3b241c
40241d
3e2622
382825
352b29
2f2a26
2a2821
2a281f
2d2822
2f2924
2f2925
312a25
302823
302720
332924
332722
332721
774f39
79513b
785039
79533a
765136
785338
745235
755132
755134
755035
765035
765238
765139
745139
725038
724c3b
744d3e
795343
785343
775242
785343
775242
795342
7c553e
7d543d
7e563f
785139
785139
7b543c
79513a
7b5338
7c5435
775032
785435
714e32
715135
6a4b2f
6c4c32
754f3e
714a3a
714a3a
714939
734b39
714937
724937
714936
6e4735
6e4835
6d4935
684832
65482f
61472e
5d442a
5a4128
5a422b
573f2a
543b28
513628
51372b
53392e
50342a
4d3225
4d3326
493023
493021
4a3222
463120
442e1b
3f2a1a
3e2b1b
3e2b19
3d2a18
3e2b1a
3a2a18
382c1a
3a2c1b
412917
332515
7f7e71
d7d9d3
ebebea
edeaeb
e9eaea
e9ece9
ebebe6
eaece6
eaece6
eaece6
eaece7
ebece7
ecebe7
ebebe7
ebece7
ebece7
ebece7
ebece7
ebece7
ebece7
ebece7
ebece7
ebece7
ecede8
eeefea
e2e3de
d1d2cd
d6d8d2
dfdfdb
e6e5e1
ecebe7
efeeea
eeede9
f0efea
f0efeb
eeede9
edece8
ebeae6
ecebe7
ecebe7
eae9e5
ebeae6
ebeae6
ebeae7
ebeae8
ebeae8
ebeae8
ebeae8
ebeae8
edecea
eeedeb
eeedea
edece8
efeeea
efeeea
edece8
ecebe7
ecebe7
e5e4e0
dad9d7
d5d3d3
d8d7d6
d7d6d4
dcdbd9
e5e4e2
edecea
f0efed
eeedeb
eeedeb
efeeea
eeede9
edece8
e8e7e2
e3e2dd
e0dfda
deddd9
dcdbd7
dad9d5
d6d5d2
d4d3d1
d4d3d1
d1d0cd
cac9c6
cdccc9
c5c4c1
cbcbc8
cbcbc8
cbcac7
cbcac7
cacbc7
cacbc7
cbcbc8
cacbc7
c9c9c6
cdcec9
cfd0cc
d4d7d2
dfe6de
eaeee9
edecea
f4eeee
f3eced
f2ebeb
fffffd
b1b2ac
462b28
681d1b
bb5a4e
cf5741
db4631
de4830
d54f2f
da4b2c
d94829
dc4a2b
d94927
da4a27
da4a27
da4a27
da4b27
d74a26
da4c28
da4c28
da4c28
da4c28
d94b27
d94b27
db4c29
db4d29
dc4c29
dd4c29
de4b29
de4a29
df4a29
de4929
dc4b29
da4c28
dc4b29
db4c2a
d94929
d94c2b
db502e
de4d2e
dc523c
b34c3f
542317
39271f
3d2627
473031
40322f
42312f
4c3a38
4c3d3a
493c39
483c39
473d38
473e3a
483f36
4b3f35
4e3e36
4f3b35
513e36
4f4036
4a4036
4b4338
49403a
4a413c
483f3a
463d38
4c3f3b
4d403c
4b3e3a
4e3f3c
4a3d39
4a3c39
483b38
493c39
483d39
483d38
473e39
453e35
423c32
443d34
433c34
423b33
423b35
433b36
433d35
413e33
413d32
423c33
423c34
433b37
443c36
443a38
493d36
4f4035
4c3d32
4d3e34
4d3e33
4c3d32
4a3b30
4a3b31
503a32
513a32
503a32
4f3b31
4d3b31
4c3c31
4b3c31
4b3c31
4c3e32
4c3e32
4c3d32
4d3d33
4d3d32
4d3d32
4f3c32
4c3d30
4b3d30
4c3d30
4c3e31
4c3e31
4b3d31
4c3d31
4c3e32
4c3f31
493e32
463e33
433e32
413e32
403e30
403e31
453f32
483e34
473e34
493e35
493c34
483c33
493a32
493a33
423b33
3a2926
392624
362524
372726
352524
332324
342625
342423
392727
372627
362725
372826
362827
322723
322722
33271c
322518
36281c
372b1e
36291d
36291d
36291d
36281c
3a291d
362619
39281c
37261a
362619
37261a
38251a
37261d
37251f
34231c
35241c
36251c
35241a
3a291f
3a2a21
3d2923
3f2b26
3c2822
3c2821
3d2820
3d2920
3f2c21
402b20
452d21
452e21
452f22
432e1f
42301e
433320
41311e
3e3223
3b3126
3b3127
3d3328
3b3029
3a2f29
362b26
3e3129
413025
4f3d32
544337
47392a
463928
4b4130
514734
504234
514036
524237
4d3d33
524438
504237
4a3d31
463829
7c695c
b9b5a6
e3e8dc
eceee9
efeaec
ede7eb
e7edef
e5eeed
ebebe9
ebebe9
ecebe8
ecece8
ebebe7
ebece7
ebece7
ebece7
ebece7
ebece7
ebece7
ebece7
ebece7
ebece7
ebece7
ebece7
ebece7
ecede8
edeee9
ebece7
e6e7e2
e4e5e0
d0d0cc
c5c4bf
c4c3bf
c7c6c2
d3d2cd
dbdad5
dfded9
dfded9
e5e3df
ecebe7
edece8
f2f1ed
f2f1ed
f1f0ec
f0efeb
efeeeb
efeeec
f0eeec
efeeec
f0efed
edecea
ebeae8
ebeae8
eae9e5
e9e8e3
e5e4df
deddd9
d8d7d2
d0cfca
d1d0cb
cecdc8
d4d3d0
dfdedd
e4e3e1
edeceb
efeeec
eeedec
ebeae8
ecebe9
edeceb
edecea
edece8
edece8
eeede9
efeee9
f0efea
f0efea
f1f0eb
f1f0eb
f1f0ec
f1f0ed
f0efed
eeedeb
ecebe8
e8e7e2
e9e8e4
e8e7e3
e4e3df
e4e3de
e3e2de
e3e2dd
e2e3de
e2e3de
e6e7e2
eaebe6
ebece7
ecede8
eceee9
f0f0eb
f2f0ec
edefea
eceee9
ecede9
ededea
eeece9
ece7e6
f3f7f5
ede8e7
735d5b
371b12
8b5241
c35242
d34934
d44b2e
dc4b2d
da4829
db4a29
da4b28
da4a28
da4a27
da4a27
da4b28
dd4f2b
d94b27
db4d29
d94b27
da4c28
d94b27
da4c28
db4c29
dc4c29
dd4c29
de4b29
df4a29
df4a29
df4a29
df4929
de4c2a
dc4d2a
da4a28
da4a28
db4b2b
dc4e2e
d74b2b
e6502f
de5635
ca624a
883a30
451917
362927
453d37
4d3e36
483b36
443832
433932
443d35
423d35
3e3c33
3c3b31
3c3c31
3d3b2f
423c32
463a32
483d35
413b31
3b3b2f
3b3f31
3a3d32
3a3b31
3d3d33
3c3d33
3a382f
3c3a30
3d3b31
3e3a32
3d3830
3e3930
3e3a31
3e3b32
3c3b31
3d3c32
3b3a31
393b2b
373a29
3c3d2e
3d3e2f
3a3c2e
3b3b30
3c3c30
3c3c31
3c3c2e
3a3c2e
3a3b2e
3a3b2e
3c3c32
3c3c32
3c3c32
3a3d32
3b3e31
393c2f
393d30
393c30
383b2f
393c2f
383b2f
393932
3a3932
383932
373b32
363b32
343c32
333c32
353c32
393c34
3a3b33
3b3b33
3c3b33
3c3a33
3b3a33
3c3933
3a3b34
393c33
393c33
393b33
3a3c34
3a3c33
3a3c33
393c33
393b33
373a32
373830
393930
3a392f
3b382f
3d3931
3e3b33
3d3d34
3d3b34
3c3a33
3f3a35
403a37
413a38
423a38
3e3d36
584b3a
5c4f3e
594f3e
595040
585140
544e3e
575342
4f4c3c
524e3f
545040
524d3e
544f3e
554f3d
564e3b
58503c
574e3c
574e3e
574d3f
584e3f
564d3f
564c3f
574e40
554a3e
574b41
5d5047
574a40
5a4d43
584b41
5d5047
574a41
5e5045
5d4f45
5a4e42
584e40
564f3e
5a5442
595341
56513f
5f5644
605644
605744
605642
605640
5e553f
60573f
615340
655245
685648
6a5a4b
6a5a4b
6b5b4a
6b5a49
6e5e4c
715c4b
6f5949
6d5848
715c4b
6c5949
6f5c4d
6d5a4b
675745
685847
695948
685948
635645
655846
655946
655947
615447
605148
57493f
54483e
65584f
71655c
5f544b
83776e
c8bfb8
e6e3db
e7e9e1
e8e8e5
ede8ea
eee9ed
eaeaee
e9ecec
ecebe8
ebebe8
ecebe8
ebebe7
ebebe6
ebebe6
eaebe6
eaebe6
eaebe6
eaebe6
eaebe6
eaebe6
eaebe6
eaebe6
ebece7
ebece7
eaebe6
ebece7
eaebe6
ecede8
f1f2ed
eceee8
d0d0ca
d4d3cf
e3e2de
dfdedb
d8d7d2
c9c8c4
cac9c5
cccbc7
cfccc9
d1cdca
d3cfcc
d6d4d0
d4d2ce
d4d4cf
d5d4d0
d5d4d1
d6d5d3
d7d6d4
d8d7d5
d6d5d3
d1d0ce
cececc
cdccc9
cccbc6
cecdc7
d4d3ce
d3d2cd
d7d6d1
dddcd7
e5e4df
eeede9
f1f0ec
eeede9
efeeea
eeedea
edece9
eeedea
eeedea
edecea
efeeea
efeeeb
f0efea
efeeea
eeede8
eeede8
eeede8
eeedea
eeedea
eeedea
eeede9
efeeeb
efeeec
eeedeb
efeeeb
f1f0ec
efeeea
f0efeb
efeeea
f0efeb
f0efeb
f1f0ec
f0f1ec
f0f0ec
efefea
eeeee9
edeee9
ecede8
edede9
edebe7
efeae7
ecece7
ecefe8
ebefe8
e9efe7
ecf0e9
eceee8
eee9e8
f5edef
f6f9f5
909b90
2d2315
884939
cc5f4f
cb4835
d7462e
dd482e
dd4729
dc4827
da4a27
da4b27
dc4927
dd4929
db4c2a
db4b2a
da4c29
db4c29
da4c28
da4b28
da4b28
dc4b28
db4b28
dd4b29
dd4b28
dd4b28
dd4a28
de4a28
dd4929
dd4c2a
dc4d2a
db4c29
dc4c2a
db4c2a
d74a28
d64927
e74e2f
dd5933
d4613e
b14738
4c1918
2b2a29
434039
4d4136
464039
433e37
46433c
3e3d35
41433a
3d4037
3d4037
3b4037
3b4139
3c3d36
3b3b35
3d3c36
393b35
373c35
353d35
394137
384034
3a4035
393f35
3c3f35
3c3f36
3f4239
3e4036
3f4037
3f4037
3e3f37
3e4037
3f4239
3c4036
3d4137
3f4136
3e4137
3f4237
3f4237
3f4238
3f4238
3f4338
404239
3e4137
3e4137
3f4239
3e4238
3e413a
3e4038
3d3e36
3b4139
39433a
37403a
38413a
38413a
38413a
39423b
39413b
3b3d3b
3c3d3b
3c3d3c
3b3d3c
393e3b
383e3b
383e3b
373e3b
363e3b
383d3b
373d3b
393d3c
383e3c
393e3c
393e3c
383f3d
37403c
37403c
36403c
363f3b
363f3b
363f3b
363f3b
383e3b
3b3e3d
3d3f3e
3e3e3d
3e3d3b
3d3b39
3e3b3a
3a3b3b
373c3b
383c3c
393d3d
3a3d3d
3b3c3c
3a393c
39393a
393b36
5d5249
5e544a
5c5349
595247
545143
555246
575549
515446
55594d
565b4e
56564b
59564a
5a564a
5d554a
5c5347
5c5447
5d5548
5d5549
5d554a
5e564c
5b534a
60574f
5d554d
5a5249
5e564c
5a5248
5b5349
5a5349
60574d
5d554b
5b5246
5e554a
5b5448
585547
575748
565949
535848
535748
5d564d
5b514a
5b524a
5f564c
5d5449
60574b
5f564a
595346
5c564c
59544a
5d584d
5b564c
5c574c
5b564a
5d594d
585044
5b5145
5e5448
5d5447
5a5345
585345
5c5849
5b5649
595646
5d5a4b
5b574a
575448
565348
56544a
57544c
58554f
4f4c44
56554c
46463f
4c4b46
555550
7e8079
bcbdb6
dcddd9
eaeae6
ebece7
ebe9e8
ebebea
ebebeb
ebebed
ebebea
ebece7
ebece7
ebece6
ebece6
ebece7
ebece7
ebece7
ebece7
ebece7
ebece7
ebece7
ebece7
ebece7
ebece7
ebece7
ebece7
ecede8
ecede8
edeee9
ecede8
dfe0db
c7c8c3
dededa
eeece9
f2f1ed
f1f0ec
f1f0ec
edece8
eeede9
f2f1ed
f3eeeb
ebe5e3
e9e3e0
e5e1de
e3e0dc
e2e1dd
e2e0dc
e1e0dd
dfdfdd
dededc
dbdbd9
dddddb
e1e1df
e6e6e4
e8e8e6
eaeae5
e8e7e3
efeee9
f2f1ed
f3f2ee
f3f2ee
f2f1ed
f1f0eb
f0efea
efeee9
eeede8
eeede8
eeede9
eeede8
eeede8
efeee8
f0efea
f0efeb
f1f0eb
efeeea
efeee9
efeee9
efeee9
efeeec
efeeec
efeeec
efeeec
efeeeb
efeeec
efeeec
efeeeb
eeede9
efeeea
efeeea
efeeea
eeede9
efeeea
efeeea
eeede9
efeeea
efeeea
efeeea
efeeea
efeeea
efeeea
eeeee9
eceee8
edeee8
edeee8
edeee8
edeee8
edeee8
edeee8
efede9
edece8
ebefea
f7fcf6
d3cec5
5c3c31
753026
cd685c
d65541
d44830
dc472b
dd4727
d94b25
d74c26
da4a28
dc492a
db4a2b
dd4b2c
de4d2c
dc4c2b
db4b29
db4b28
db4a27
db4a28
db4b28
db4b28
db4b28
db4b28
db4b28
db4b28
da4c29
db4e29
db4d29
dc4e2a
db4d29
db4d29
d34521
d84a26
e34b2d
da582f
dd5c32
cf5440
4e1e17
212625
312e2c
372e26
35342f
373834
383a35
30342e
353b34
323732
363c35
343b34
343933
343934
343933
343934
343a34
343934
343933
343a33
343b34
373d36
383b35
3a3b35
3a3b36
3a3b35
3a3c36
383d36
383c36
383b36
383b36
373c36
383c36
373b35
393d38
393d39
393d39
393d39
393c39
393d39
383d39
383c39
363c38
363c38
373c38
383c38
3b3c39
383937
353433
343633
333734
333734
343734
333734
343834
353836
353835
343734
333733
343635
343634
343834
343734
353734
333735
323535
323534
323534
323534
333635
333635
333635
353534
343532
343532
353533
333331
323331
323330
323331
323330
323330
333331
30312f
323331
323432
333431
313435
323739
343a3a
35383a
363836
353734
363734
373635
363835
495352
4b5453
485150
49514f
4b5352
49514f
49504f
485250
475351
485552
4a5550
49544f
49544f
49534d
4b544e
49534d
4a5450
4b5552
4a5451
4c5555
4b5555
4b5454
4d5756
49554f
4d5753
4b5551
49534e
49534f
47524d
4a5450
4b544e
49524b
4c5750
45524a
49544d
48544d
48554d
49564d
525455
4f5052
525456
5b5d5d
5c5e5e
5b5d5c
5f605e
545b59
505d59
4f5a58
4a5552
495552
45514e
495451
485350
4a534d
4b524b
48524a
455048
4b574e
48544c
46544a
4a5850
4b5852
4b5853
4c5955
485551
495453
495452
475252
4a5250
525755
4f5251
4f5250
3e403d
565852
bbbcb6
e6e7e0
ebece8
ecece9
ecece9
ededeb
ececea
ececeb
ececec
ececea
ecede8
ecede8
ecede8
ecede8
ecede8
ecede8
ecede8
ecede8
ecede8
ecede8
ecede8
ecede8
ecede8
ecede8
ebece7
ecede8
edeee9
edeee9
eaebe6
d5d6d1
cccdc8
dbdcd7
edede9
eeedea
eeede9
efeeea
eeede9
eeede9
f0efeb
efede9
f1ece9
f1ecea
f4f0ed
f3efec
f1f0ec
f1f0ec
f0f0eb
f0f1ed
f1f0ef
efefed
ededeb
eeeeec
f0f0ee
efefed
eeeeec
f0eeeb
eeedea
eeede9
efeeeb
f0efeb
efeeeb
eeede9
edece9
eeede9
eeede9
eeede9
eeede9
eeede9
eeede9
eeede9
efeeeb
f0efeb
f0efeb
f0efeb
f0efeb
f0efeb
f0efeb
f0efeb
efeeec
efeeec
efeeec
efeeec
efeeec
efeeec
efeeec
efeeeb
efeeea
efeeea
efeeea
efeeea
f0efeb
f0efeb
f0efeb
f0efeb
f0efeb
f0efeb
f0efeb
f0efeb
f0efeb
f0efeb
eeeee9
eceee8
edeee8
edeee8
edeee8
edeee8
edeee8
edeee8
ebefe9
e9ece7
efeeeb
eeecea
f3f0ec
efe0d8
7a5851
591f18
b1563c
cc5a3f
d34a2f
db4727
db4a27
d74b27
d64b2a
d74b2b
da4a2a
da4a2b
da4b2a
db4c2a
dc4d29
db4c29
db4d29
db4b28
db4b28
db4b28
db4b28
db4b28
db4b28
db4b28
db4c28
db4d29
db4d29
dc4e2a
da4c28
d94b27
d64824
dd4f2c
e34e2c
d85125
db582d
d85c45
692820
2a231e
232322
2e2926
262623
242623
232522
202621
212622
222822
1f2621
1f2621
202621
202621
212722
222723
212721
212721
212622
222923
202721
212721
212621
232822
252722
252723
252722
222822
222722
232822
232822
232823
232823
232822
222722
222723
222722
222723
222723
222723
232723
222723
222825
222825
222724
232725
262928
252625
232422
222623
222723
232824
232824
222723
222723
222723
232824
222723
212622
212623
212622
212622
212622
212621
212623
232626
232726
232726
232726
232826
232726
242726
262725
262624
262624
262624
252522
252623
242422
242523
252825
222523
252723
242623
242623
242624
242623
202624
202727
212728
222727
232726
252825
262724
252724
242825
445350
445350
445250
475251
4a5352
495150
484e4f
48504e
48524f
48524f
47534c
46534c
45534b
44544a
44534a
46554d
45554e
46544f
465550
465551
465553
455454
465452
4a5952
485650
46544d
495750
46534c
485650
48564f
48574d
48574d
48574d
48564d
46524a
4b564e
4c574f
4e5851
4a5450
47524e
4b5653
47524f
434e4c
404b49
3d4745
3f4d4a
374845
354542
344441
344440
2f3f3b
31413e
31403d
364241
374242
34413f
334240
334341
344241
31413f
31403e
32423d
32423d
33433f
323f3c
35403c
36403e
3a4440
3c4645
3e4749
353c3e
333838
2f3433
7b7d79
d2d3cf
ebece8
efeeed
eeeeed
ededeb
ececea
ececea
ececea
ececeb
ecece9
ecede8
ecede8
ecede8
ecede8
ecede8
ecede8
ecede8
ecede8
ecece8
ecede8
ecede8
ecede8
ecede8
eaebe6
ecede8
ecede8
eeefea
e1e2dd
d1d2cd
d0d1cc
dfe0db
eeefea
efeeea
edece9
edece9
eeede9
eeede9
eeede9
eeedea
eeede9
f0ebe8
f0ece9
f1eeeb
eeede9
ecece8
edeee9
eeefea
edeeea
edeceb
ececea
ebebe9
ebebe9
ebebe9
ededeb
eeeeec
eeecea
eeedeb
efeeec
efeeec
f0efed
f0efed
eeedeb
eeedeb
efeeec
efeeec
efeeec
efeeec
efeeec
efeeec
efeeec
efeeec
f0eeec
f0eeec
efeeec
efeeec
efeeec
efeeec
efeeec
efeeec
efeeec
efeeec
efeeec
efeeec
efeeec
f0efed
f0efec
f0efeb
f0efeb
f0efeb
f0efeb
f0efeb
f0efeb
f0efeb
f0efeb
f0efeb
f0efeb
f0efeb
f0efeb
f0efeb
f0efeb
eeeee9
edeee8
edeee8
edeee8
edeee8
edeee8
edeee8
edeee8
e9f0e8
ebeee8
f3ebeb
f4edee
edece9
f1f1ed
efeae6
7a6660
460b00
a94f3d
d25942
d7482c
d94727
d84b29
d94b2d
d84b2d
db4c2c
d94c2b
da4c2a
d94a28
d84b28
d94c28
d94b27
dc4c28
db4b28
db4b28
db4b28
db4b28
db4b28
db4b28
dc4c28
dc4e2a
db4c28
da4c28
d94b26
da4c28
da4c28
d94b27
df4f28
db5126
d54e28
d6543d
ac5247
3b1f17
272523
352d32
373837
393c3a
393d3b
3c423f
353c39
383f3b
363e3a
363e3a
373e3b
363e3a
38403c
383e3b
343b37
363e3a
373e3b
363e39
393f3b
383e3a
373d39
393f3b
393e3a
393c39
383c38
373d39
383d39
393e3a
383d39
373c38
373c39
373c37
383d38
383d39
373d39
383d39
383d39
383d39
373c39
383c3a
3a3e3f
393f3d
383e3d
3b3f3f
373c3b
3c4141
383c3d
3a3e3c
383d39
353b37
363c38
363b37
373c38
363b37
373c38
363b37
363c38
353b37
373c38
383d39
363b38
363b37
353a37
373b3a
363b39
353a39
353a39
343937
373c3a
363a39
343c39
343e39
323c36
353e39
333d38
323b36
333d38
333b36
333834
333935
353a36
353936
353a36
343936
343835
313938
2f3737
2e3535
2e3533
2f3433
313632
31332f
303430
2d3430
1e2b23
1e2b22
1e2921
1e2822
202923
212823
212822
202922
1f2924
1f2924
202a23
1f2923
1e2a20
1e2a20
1e2a20
1f2b21
1f2b22
202b22
202b23
202c25
202c26
1f2b26
1f2a25
1f2b22
1d2921
1b271f
1f2a23
1e2921
1c271f
202b23
1f2a22
1e2a21
1e2a20
1e2921
1f2a21
1f291f
1e2820
1e2920
202c23
1e2b21
1d2a21
212e25
212e28
202d26
1e2b26
1c2923
1e2b23
1f2c23
1e2b23
1f2d25
212e26
202e25
212f26
232d2b
242c2d
232c2c
212c2b
212b2b
202c2b
1f2b2a
212c2b
212c28
212d27
222d27
28302a
262b25
2e322d
2f332c
262926
1f2323
464a48
636664
6f7270
aeb1ad
e4e6e3
eaeae9
ededee
eeedef
ececec
ececea
ececea
ecece9
ecede9
ecede8
ecede8
ecede8
ecede8
ecede8
ecede8
ecede8
ecede8
ecede8
ecede8
ecede8
ecede8
ebece7
ebece7
ebece7
edeee9
e7e8e3
d6d7d2
cfd0cb
dbdcd7
ebebe6
edeee9
ecede8
eeede9
eeede9
eeede9
eeede9
eeede9
eeede9
eeede9
eeede9
efede9
efedea
f0efeb
eff0eb
edeee9
eeefea
eef1ea
eeefeb
eeeeec
ededeb
ededeb
ececea
edecea
eeeeec
eeeeec
eeedeb
eeedeb
efeeec
efeeec
f0efed
f0efed
f0efed
f0efed
f1f0ee
f1f0ee
f1f0ee
f1f0ee
f0efed
f0efed
efeeec
efeeec
efeeec
efeeec
efeeec
efeeec
efeeec
efeeec
efeeec
efeeec
efeeec
efeeec
efeeec
efeeec
efeeec
f0efed
f0efec
f0efeb
f0efeb
f0efeb
f0efeb
f0efeb
f0efeb
f0efeb
f0efeb
f0efeb
f0efeb
f0efeb
f0efeb
f1efeb
f0efeb
efeee9
edeee8
edeee8
edeee8
edeee8
edeee8
edeee8
edeee8
ecefe8
eeede9
f3edeb
f3eeed
edefeb
e6ece8
ecefeb
fbf2f1
b59c9d
5c231e
a44635
d76146
cf4f2c
d44e2b
d94a2c
da4c2d
da4e2c
d84d2c
d74b29
d54b27
d44925
d54a26
db4f2b
db4b27
db4b28
db4b28
db4b28
db4b28
db4b28
db4b28
db4c27
da4c27
da4b27
da4c28
da4c28
da4c29
de512c
de502c
dc502a
dd4f2a
d64b2c
d84f3a
cd5449
531c12
2d231e
37262e
3a3b3c
353a3a
363b3a
353b39
343c3a
333d39
343e3a
333c39
333c39
333c39
2f3936
313a37
313a37
333c39
353d3a
323d37
343d38
343e38
353d38
363c38
353b37
343935
333935
323935
333935
343a36
333a35
323934
333935
323935
333935
333a36
333935
333a36
333935
323835
333935
343a37
373b3d
363b3c
383d3e
363d3d
323a39
353c3c
353d3d
343b38
383f3a
363c38
383e3b
373e3b
343b36
363d39
353b37
353b37
333a35
353b37
323934
323935
333a36
343b36
353c38
343a38
343a38
343a38
343a38
363c3a
353b39
353b39
343e3a
313d36
333e37
313c36
2e3a34
313d37
2f3a34
303b35
333b37
313934
313a35
303a34
2e3732
313a34
333a35
313b39
303a39
303938
323b39
363b3a
333936
363b36
343936
313a35
3a4843
394842
394742
3a4742
3c4843
3c4a45
3e4b46
3d4b48
394848
3a4947
3b4947
3c4846
3a4943
3c4843
3d4843
3e4a43
3e4a43
3e4a43
3e4a45
3e4946
3d4946
3c4845
3d4846
414c49
3e4a47
3d4846
3f4a48
3d4946
3d4846
3f4a48
3f4a46
3e4a45
3d4a45
3d4a45
3d4a45
3d4b45
3d4b45
3c4b44
3f4b44
404a44
3c4741
3e4944
3f4848
3d4746
3d4747
3c4745
3d4944
3a4642
3a4641
384641
38443f
37443f
37443e
394340
39423f
37423e
37413d
38443f
384440
37453f
394542
394645
384444
374240
3a4340
3a3f3a
41433f
3b3e39
4f4f4a
95948f
d6d6d2
f2f2ee
e4e5e2
d3d8d4
e9eceb
e9ecec
ececee
ececed
ececeb
ececeb
ecece9
ecede8
ecede7
ecede7
edece8
ecece8
ecede8
ecede8
ecede8
ecede8
ecede8
ecede8
ecede8
ecede8
ebece8
ebece8
f0f1ec
ebece7
ddded9
d2d2cd
d8d8d4
ecede8
f2f3ee
eeefea
ecede8
ecece7
edede9
eeede9
eeede9
eeede9
eeedea
eeedea
eeedea
eeedea
eeede9
efeeea
f0f0eb
f0f0ec
eff0eb
eef0eb
eef0eb
eff0ec
efefed
eeeeec
eeeeec
efefed
efefed
eeeeec
eeeeec
eeedeb
eeedeb
f0eeec
efeeec
f0efed
f0efed
f1f0ee
f1f0ee
f1f0ee
f2f0ee
f2f0ee
f1f0ee
f1f0ee
f1f0ee
f1efed
efeeec
efeeec
efeeec
efeeec
efeeec
efeeec
efeeec
efeeec
efeeec
efeeec
efeeec
efeeec
efeeec
efeeec
f0efed
f0efec
f0efeb
f0efeb
f0efeb
f0efeb
f0efeb
f0efeb
f0efeb
f0efeb
f0efeb
f0efeb
f0efeb
f0efeb
f1efeb
f0efeb
efeeea
edeee8
edeee8
edeee8
edeee8
edeee8
edeee8
edeee8
eeede8
f1ece9
f3eeea
f1efeb
edf2eb
ebf0eb
eeede8
f0ebec
ffffff
ae9494
551d13
a1553b
ce6c49
c85430
cf492a
d74c2b
d64c2a
d54a2a
d44b29
d54c28
da4e2c
da4f2a
d84c29
db4c28
dc4c29
db4b28
da4a27
dc4d2a
dd4d29
dc4c29
dc4d29
dc4e29
dc4d2a
db4d29
dd4f2b
d84926
df512d
de4f2c
d9502c
df4f2f
d94c30
dd503b
d64d40
7d3124
341d18
38232b
3b3c3b
353c3a
313937
323c38
323b38
333c39
333d3a
323c39
323c38
323c38
323c38
323c38
323d38
323c39
333d39
323c37
323c36
343d39
353d39
363c38
383c38
383d39
383e39
37413b
363f3a
363e39
353d39
363d39
363d39
363d39
373e39
373e39
373e39
373e39
383f3a
373d39
363d39
373e39
3a3d3e
373d3d
373c3c
373d3d
353d3d
333d3c
333e3b
323b38
353d39
303833
333b36
313a35
333b36
313a35
323b35
333b36
323a36
323a35
323a36
323b36
323b36
323a35
323b37
323a37
323a38
333b39
323a37
323a37
303936
323a37
353835
363734
353634
333632
333633
333532
343533
333633
2f3a35
2e3934
2d3833
2c3631
2c3731
2c3731
2d3731
2c3633
2e3736
2f3836
2c3533
2e3633
2f3633
2f3530
2f3531
2c3831
394542
384542
394543
394542
3a4643
384543
384743
394544
384543
384643
384543
394543
394542
394543
394541
394541
394542
394541
394541
394542
394543
394543
3a4744
3b4845
3c4845
3c4845
3c4845
3c4846
3c4846
3c4846
3b4844
3b4744
3b4744
3b4744
3b4744
3a4844
394844
394743
3b4742
38443f
394541
3a4642
3c4743
384241
3a4543
364240
3a4543
36423e
35413e
35413e
34403e
35413e
36423f
36423c
34413a
33413a
34413a
35423b
34423b
35433b
36433e
394746
394645
3a4543
38423d
333a35
2b322b
585c56
bdc0bb
e5e8e3
ecefea
ecedea
e2e4e1
e3e4e2
e8e9e7
ebeceb
ebebea
ebebea
ebebe9
ececea
ececea
ececea
ececea
eeebe8
f0ebe8
efebe8
efebe8
efebe8
eeece8
edece8
edece8
ededea
eaeae8
eeeeec
eeeeec
ebebea
dddddc
cfd0cf
d9dad8
e9ebe6
f2f4ef
eff1ec
f0f1ec
eeefea
eeeee9
edece8
eeede9
efeee9
efeeea
efeeeb
f0eeee
f0eeee
f0eeef
f0eeef
efefed
efefed
efefed
efefed
efefed
efefed
efefed
efefed
efefed
efefed
efefed
efefed
efefed
efefed
efefed
efefed
efefed
efefed
efefed
efefed
f0efed
f0efed
f0efed
f0efed
f0efed
f0efed
f0efed
efefed
efefed
f0efed
f0edec
f1edec
f1edec
efeeec
f0eeec
efeeec
efeeec
efeeec
efefed
efefed
efefed
f0efed
f0efed
efefed
efeeed
efeeec
f0efed
f0efed
f0efed
f0efed
f0efed
f0efed
f0efed
f0efed
f0efed
f0efed
f0efed
f0efed
f0efed
f0efed
efeeeb
efeeea
efeeea
efeeea
efeeea
efeeea
f0edea
efeeea
eeede9
efece9
efede9
eeedea
edefea
edefe9
efede9
eeece9
e7eae6
faf2f2
bba4a5
421c18
88493c
c4664f
ca4b30
d84b2b
d84d2a
d54d2a
d24d29
da4f2e
db4b2c
dd4b2d
d94a29
da4b28
dd4f2b
de502c
dd4f2b
e0522e
de502c
e0512e
de502a
dc4e27
dd4f28
da4c27
dc4e2a
d94c27
de4f2e
da4b2a
dd502c
dd4f2e
d94e30
da5034
d8543e
9e4434
3e1815
2e2529
333331
363f39
2c3d37
2a3833
323b3a
373b3c
393d3f
383d3d
373c3a
353b39
353c3a
343c39
323d39
323c39
323d39
343a36
383c37
363c37
3c3f3b
3a3c39
3c3e3a
3f413c
3e413b
37413a
38403a
39403b
3b403b
3c403c
3d403c
3d403c
3d403a
3d403a
3d403a
3d403a
3d403a
3d403a
3d403a
3d403a
3c3d3a
3a3e3a
3a3e3a
3a3e3a
383e3a
37403a
37403a
373e38
373c37
373d36
393f38
383e38
373d36
383e37
383e37
363b38
373c3a
363b39
373c3b
363c3a
383d3b
383c3b
373d39
383e38
383d39
383e39
393e39
393e3a
383e39
383d38
3a403a
363b35
383c38
393c38
383a35
383935
393936
383936
323837
313836
343a38
323835
323934
303832
323a32
313b35
323c36
333d36
323b35
313a34
323b33
313a34
333b34
313b33
37423e
37433e
37433f
36423e
33403b
34403c
36423e
35403c
323e3a
34403b
35413c
34403c
34413c
35423d
37433f
384440
384441
384440
384440
37433f
37433f
374440
36423e
34403c
34413c
34403c
34413c
36423e
36423d
36423d
35423d
35413d
35413d
35413d
35413d
35413d
35413d
35413d
36423e
35413d
34403c
374440
36423d
35413d
35413d
333f3b
323f3a
323e3a
34403c
323e3a
33403b
34403b
34403d
313d37
323f38
34413a
334039
323f38
34413a
2f3b34
303d37
303d3b
303c39
303b37
323b36
2f3632
505651
c8cec7
e1e7e1
e5eae6
e9edea
eeefec
eaebe9
ebeae8
e9e9e7
eaeae8
ebebe9
ebebe9
ebece9
ececea
ececeb
ececea
ececeb
eeebe9
f0ebe8
efebe8
efeae7
eeeae7
edebe7
edece8
ecece8
eeeeec
eeeeec
e8e8e6
dfdfdd
d0d0cf
d8d8d6
e3e3e1
eeefed
edf0eb
eef1eb
eff1eb
f0f1ec
efefeb
f0eeeb
efeeea
efeeea
efeeea
efeeea
efeeec
f0efed
f0eeef
f0eef1
f0eef0
efefed
efefed
efefed
efefed
efefed
efefed
efefed
efefed
efefed
efefed
efefed
efefed
efefed
efefed
efefed
efefed
efefed
efefed
efefed
efefed
efefed
efefed
efefed
efefed
efefed
efefed
efefed
efefed
efefed
efefed
f0eeec
f1edec
f1edec
efeeec
efeeec
eeeeec
eeeeec
efefed
efefed
efefed
efefed
efefed
efefed
efefed
eeeeec
eeeeec
efefed
efefed
efefed
efefed
efefed
efefed
efefed
efefed
efefed
efefed
efefed
efefed
efefed
efefed
efeeeb
efeeea
efeeea
efeeea
efeeea
efeeea
f0eeea
efeeea
efede9
eeede9
eeede9
eeede9
eeede9
eeede9
eeedea
edede8
edeee8
ece9e8
fffbff
b09fa0
320d09
7f352a
cf5d4d
d1482f
d54a27
d44a29
d74b2a
d94b2b
db4a2b
dc4a2b
da4b2c
da4c28
da4c28
da4d29
dd502c
db4c28
d94b27
da4c29
d84a25
d84a21
da4c25
db4d27
dd4f29
d94b26
dc4d2b
de4f2c
df502c
dd522e
da502f
da5031
d45137
b24d3d
4e1a18
302024
332c2b
262a24
1e2c24
1a2721
262d2a
262726
262a2a
272a29
2a2828
292927
262826
282b29
272c2a
252a28
252b26
2a2a26
2c2b26
2d2d28
30302b
2c2d28
2c2d28
2c2d27
2a2c26
272b26
282b26
282c25
292b25
2a2b25
2b2a25
2b2a24
2b2a27
2b2a28
2b2a27
2b2a28
2b2a28
2b2929
2a2928
2a2a28
2b2a24
2b2b26
2a2a25
2a2a26
2a2c27
292c26
282c25
272925
282a28
272826
282928
262725
272926
272826
272826
282927
282926
272826
272925
272925
272925
272925
282925
282a25
282a24
282a24
282924
282a23
282a24
282924
282c26
252a23
292b26
2b2e28
2b2d27
2c2d27
2d2d27
2c2c28
2e2d2c
2f2e2c
2d2d2b
2f2f2c
2e302b
30322c
2f302b
2e312a
2d312b
2c2f29
2e312c
2e322c
2d302b
2c302a
2c2f2a
2d2e2a
37433f
37433f
38433f
37433f
36433e
35423e
35413d
35413d
37433f
36423e
37433f
37443f
37433f
384440
37433f
37433f
37433f
37433f
37433f
37433f
374340
384440
384440
394541
394541
3a4642
384440
384440
384440
384440
394541
3a4642
3a4642
384642
394541
384641
384641
394440
394541
394541
394541
374340
3a4643
394541
3a4642
37433e
333e3b
34403d
323e3a
323e3a
313e3a
333f3b
333f3a
313e38
303d36
303d36
313e37
313e37
2f3d36
323e37
303d37
313d37
323e38
343e38
2e3732
3e4440
a3a8a3
e1e4e1
e7e9e5
edeeec
ecedea
edeceb
eaebe8
e9eae7
ebeae8
ecebe9
ebebe9
ebebe9
ebebe9
ececea
ebebe9
ececea
ececea
eeebe8
f1ece9
f0ece9
f1efeb
f0efeb
efefeb
eeefe9
ecede8
e4e4e3
d6d6d4
d1d1cf
dadad8
e7e8e4
f0f1ec
eeeee9
ebece7
ebede7
eeefea
eff0eb
efefea
f0efeb
f1eeeb
f2eeeb
f0eeec
efeeec
efeeec
efeeec
f0efed
f0efed
f0eeee
f0eeef
efefed
efefee
efefed
efefed
efefed
efefed
efefed
efefed
efefed
efefed
efefed
efefed
efefed
efefed
efefed
efefed
efefed
efefed
efefed
efefed
efefed
efefed
efefed
efefed
efefed
efefed
efefed
efefed
efefed
efefed
f0eeec
f1edec
f1edec
f0eeec
f0eeec
eeeeec
eeeeec
efefed
efefed
efefed
efefed
f0f0ee
f0f0ee
efefed
eeeeec
eeeeec
efefed
efefed
efefed
efefed
efefed
efefed
efefed
efefee
efefed
efefed
efefed
efefed
efefed
efefed
efeeeb
efeeea
efeeea
efeeea
efeeea
efeeea
efeeea
efeeea
efede9
eeede9
eeede9
eeede9
eeede9
eeede9
eeede9
eeede9
efece8
eeeeec
edeeee
f9fcf7
cabdb6
562520
88312e
ce5d4d
cd4c2f
d44a2e
dc482d
dd482b
da4a2a
da4b2b
da4b2d
da4c29
da4c28
d94b26
d94c28
d94b27
d94b27
d94b27
d84a26
da4b27
da4b26
db4d27
db4d27
d94b26
dd4f2a
df512e
dd4f2c
dc512d
d9502d
dd4f30
db5137
c14f41
692523
412026
413131
3b3834
343d36
333d35
30342e
363833
2f332f
33332f
36322e
322e2a
322e29
312f2b
312e2a
322e2a
312d29
2e2a24
302b24
302b24
312d26
2f2d25
302e26
2f2f27
303027
322f27
322f27
312f26
312f27
322e26
332e26
332e26
332e27
332e29
332e28
332d28
332d28
332d28
332e29
332e29
352f28
352f28
352f28
342f28
323028
323028
343128
34302a
312d29
322e29
322d29
332f2a
322e29
322e29
322e29
332f29
332f29
332f29
332f29
332f29
322e28
322f28
322e28
322e27
322f27
322e26
322f26
322f26
332f27
322f27
322f27
302f26
2f2d24
2e2c22
2d2b22
2e2b23
2d2921
2d2a23
2d2623
2e2824
2b2521
2d2722
2c2720
2e2821
2c261f
2a261d
2a271e
2c271f
2b261f
2b261f
2b251f
2a261e
2b261f
2e2821
37433f
37433f
37433f
37433f
36423e
35413d
33403c
333e3a
36413d
34403c
37433f
36433e
36423e
37433f
37433f
37433e
37433f
37433f
36423e
37433f
36423e
37433f
36423e
36423e
37433f
394541
3b4743
3b4743
3a4642
3a4642
394541
384440
394541
394441
394541
394541
394541
384440
394541
394541
394541
37433f
3b4743
384440
384440
37423e
34403c
333f3b
333f3b
333f3b
333f3b
35413d
34403c
323f38
323f38
313e37
313e37
313e37
313e37
313e37
313e37
323d36
323d37
323b36
353b37
777c78
d3d6d3
e9e9e9
edeeec
eeeeec
eeedeb
eeeeec
edecea
edecea
efeceb
eeecea
ebebe9
ededeb
ededeb
efefed
efefed
efefec
f1f1f0
eeecea
ede9e6
e9e8e4
e3e2de
d8d8d3
d4d5d0
d5d6d1
d4d5d0
d9d9d8
e2e2e1
e9e9e7
eff0eb
f1f2ed
eeefe9
ecede6
ecede7
eeefea
efefea
f0eeea
f0eeeb
f2eeeb
f1edea
f1edea
f1eded
f0efef
f0efee
f0efed
f0eeee
f0efed
f0efec
f0efec
efefed
efefed
efefed
efefed
efefed
efefed
efefed
efefed
efefed
efefed
efefed
efefed
efefed
efefed
efefed
efefed
efefed
efefed
efefed
efefed
efefed
efefed
efefed
f0f0ee
f0f0ee
f0f0ee
f0f0ee
f0f0ee
f0f0ee
f0f0ee
f1eeed
f1edec
f1edec
f0efed
f1efed
efefed
efefed
efefed
efefed
efefed
efefed
efefed
efefed
efefed
efefed
efefed
efefed
efefed
efefed
efefed
efefed
efefed
efefed
efefee
efefed
efefed
efefed
efefee
efefed
efefec
f0efeb
f0ede9
efeeea
f0efeb
f0efeb
f0efeb
f0efeb
f0efeb
efeeea
eeede9
eeede9
eeede9
eeede9
eeede9
eeede9
eeede9
f0edea
efeeed
edf0ed
e8f0e9
fefff6
d8c3bc
511f20
81332b
c9624f
d25142
d84532
dd492f
d64a29
d74c29
dc492a
da4a28
d84a26
d74925
d84925
d94c28
d94c28
da4c28
db4c28
d94b28
d94b26
d84a24
db4d27
db4d27
dc4e27
da4c25
dd4c29
db4e2b
da512c
dd4e2d
d84a2e
ca5241
833332
45171e
463233
4d4643
3f443d
42483f
41403a
47443e
43443d
46453d
4c463e
4c443d
484039
473f38
473d37
493f39
473e38
464035
463f34
453f34
443f33
464035
473f35
443d32
473e34
483c33
483c33
483c33
473c33
453c33
453c33
453c32
463e2f
473f2e
463f2e
473f2e
473f2e
473f2e
473f2e
473e2f
483a32
473b32
473b32
463b32
453b32
453b32
443c31
463c31
483c2e
463d2f
473d2f
473e30
473e30
473d2f
473d30
473c32
473c33
473c33
473c33
483d34
483d34
473d34
473d34
483d33
483d33
483d33
483d33
483d33
473d33
473d33
463c34
453c32
453c32
453e33
443c32
443d32
403c2f
413b31
443935
423833
433a33
423931
433a31
433930
443b31
433930
43392f
433930
43392f
42382f
43382f
42382f
43392f
433a30
36423e
36423e
36423e
35413d
34403c
34403c
34413d
34413d
34403c
35413d
34403c
36413d
35413d
36423e
36423e
36423e
36423e
36423e
36423e
36423e
36423e
36423e
37433f
36423e
36423e
37433f
37433f
36423e
36423e
37433f
37433f
36423e
36423e
36423e
36423e
36423e
36423e
36423e
37433f
37433f
36423e
37433f
37433f
37433f
37433f
36413d
34403c
34403c
333f3b
333f3b
333f3b
35413d
34403c
323f38
323f37
323f37
313e37
313e37
313e37
313e37
313d36
323d35
343f37
313933
3a403c
979b98
dedede
e9e9ec
eeefee
eeefec
efefed
efeeed
ecebe9
efebea
ebe6e6
ece9e8
eeeeec
e7e7e5
e9e8e7
e4e4e3
dfdfdd
dbdad9
d2d2d1
d3d2cf
d1cfcb
cccbc7
d0d0cc
d7d9d4
e0e1dc
e6e9e4
ebece7
eeeeee
f0f0f2
ededeb
ebece7
eff0e9
eff0e8
eef0e4
eef0e6
f0efeb
efeeea
f0edea
f2edeb
f2eeeb
f2edea
f2ede9
f1eeee
f0eef2
f0eef0
f0efed
f0efee
f0efec
f0efea
f0efeb
eeeeec
eeeeec
eeeeec
efefed
efefed
efefed
efefed
efefed
efefed
efefed
efefed
efefed
efefed
efefed
efefed
efefed
efefed
efefed
efefed
efefed
efefed
efefed
efefed
f0f0ee
f0f0ee
f0f0ee
f0f0ee
f0f0ee
f0f0ee
f0f0ee
f0eeed
f1edec
f1edec
f0efed
f0efed
efefed
efefed
efefed
efefed
efefed
efefed
efefed
efefed
efefed
efefed
efefed
efefed
efefed
efefed
efefed
efefed
efefed
efefed
eeeeec
eeeeec
eeeeec
efefed
efefed
efefed
efefed
efefec
efeeea
efeeea
f0efeb
f0efeb
f0efeb
f0efeb
f0efeb
efeeea
eeede9
eeede9
eeede9
eeede9
eeede9
eeede9
edede9
ebeded
eeedec
f0efeb
eef1e8
ebf0e4
fdfaf0
d5c4bd
4f2b26
723029
ca5c57
d84c42
d3462f
d34c2c
d74b28
de4928
db4c29
db4d28
db4d2a
db4d29
d94b27
d94c28
db4e2a
db4d29
da4c29
dd4e2c
db4d2a
dd4f29
dc4e27
dd4f27
db4e24
de4d27
dd4e2b
da512d
db4e2a
d64a2b
d35d49
8f3d38
411116
412f31
433f3b
3d4239
3a3e34
3c362f
3e362d
403a31
413d32
433d31
413a2f
3e362b
43392f
473d33
45382f
463a32
403c30
3f3b2c
423c2e
453d30
493f34
493c31
493a30
49382e
4a382e
4a382e
4a382f
48382e
46382e
45392e
45392e
463a2b
473a2a
473a2a
473a2a
463a2a
473a2b
473b2c
493b2c
4c3a2f
4c3a31
4c3b31
4a3b31
493b32
4a3b31
493c31
4b3c31
4b3b2f
4a3a2e
49392d
49392d
4a3a2e
493a2d
4a3a2d
49392d
49392d
49392d
49392d
48392d
48392d
48392c
48392d
48392e
48382e
48392e
48382e
48382e
48392e
48392f
46372d
4a3b30
47382e
473a2e
41372a
41382c
423a2d
41382d
423730
42382f
41372d
43392e
443a2e
443a2d
42392d
44392d
46392d
45392d
45392e
46392e
46392e
46392e
46392e
43392d
37403d
37403d
373f3c
353f3c
353f3b
35413d
36413d
37403d
333c39
37403d
36403c
35413d
35413d
35413d
35413d
36413d
36413d
36413d
36413d
35403c
36403d
36403d
36403d
37413d
37423e
38433f
38423f
37413e
37413e
37413e
38423e
39433f
38433f
38433f
38433f
38433f
38433f
38433f
38433f
38433f
38423f
39433f
394340
38433f
38423e
36413d
34403c
34403c
343f3b
343f3b
343f3b
36403d
34403b
333e38
36413b
303b36
303b35
323e38
323d38
323e38
333d37
333d35
343f37
2e3831
3c413e
9ea2a0
e4e4e4
ebebec
eeeeec
efeeec
efefed
f0efed
efeeec
eeebe9
e4e1df
dad8d5
b0b1ad
c4c4c1
d3d3d0
cfcfcc
d3d4d0
d8d9d5
dbdbd8
e3e3de
eae9e5
edeee9
eff0eb
f0f2ed
f1f2ed
f0f1ec
eff0eb
eeeeec
edeeec
eff0ed
eff0eb
eff0ea
eff0e9
eff0e7
f0f0e9
f0efeb
efeeea
efede9
f0edea
f2eeeb
f2eeea
f2eeea
f1eeed
f0eef0
f0eef0
f0eeee
efefec
efefeb
efefeb
eeedea
f0f0ee
f4f4f1
f1f1ef
ececea
eeeeec
efefed
efefed
efefed
efefed
efefed
efefed
efefed
efefed
efefed
efefed
efefed
efefed
efefed
efefed
efefed
efefed
efefed
efefed
f0f0ee
f0f0ee
f0f0ee
f0f0ee
f0f0ee
f0f0ee
f0f0ee
f0eeed
f0eeec
f0eeec
f0efed
efefed
efefed
efefed
efefed
efefed
efefed
efefed
efefed
efefed
efefed
efefed
efefed
efefed
efefed
efefed
efefed
efefed
eeeeec
eeeeec
f0f0ef
f3f3f2
f0f1ef
ecedeb
ecedea
eeeeeb
efefec
efefeb
f0eeeb
f0eeeb
f0efeb
f0efeb
f0efeb
f0efeb
f0efeb
efeeea
efedea
efeeea
efeeea
efeeea
efeeea
efeeea
eeedea
ebeeed
eeeeeb
f2eeea
f1f0e9
eff1e8
eeeee6
f9f7ef
e7dad8
7f5c5d
6a221f
ba5145
c94c37
d0492c
d84c2b
d94929
db4f2c
dd4e2b
df4c2b
e04b2a
dc4a28
db4e29
dd4f2b
de4f2b
dc4d2b
db4c29
dc4e29
dc4e29
de5029
db4d26
df5129
dc4926
db4d29
da4d27
d94a2a
d85135
d15740
973f36
44191a
3b2c2a
403934
393a30
3c3f33
3f3c32
413830
41372f
41382d
3f382c
443e32
423c30
423c30
433b2f
45382e
43372d
3c3e2d
3a3c29
403c2b
473c2d
453528
4a362a
4d3a2e
4c3a2e
4c392d
4c392d
4b3a2d
4a3b2d
493b2d
493b2d
483b2c
4a3a2d
4a3a2d
493a2d
493a2d
4a3b2e
493b2d
47392d
48382b
4b382d
4b392d
4b392d
493a2d
493a2d
493a2c
483a2c
49392d
49372c
49382c
49382d
4a392f
4a3930
4a382f
4a392f
4b3a2c
4b3a2c
4c3a2c
4b3a2c
4b392b
4c3a2b
4c3a2b
4b392c
4b3a2e
4b3a2d
4b3a2d
4b3a2e
4b3a2e
4b3a2d
4c3a2e
4b3b2f
48382d
46372a
46392c
453a2d
443a2d
453c2e
433a2d
42382e
41372d
41382d
41372c
42382c
42392a
42392b
43382b
44392b
44392c
43382b
44392b
44392b
44392b
443a2b
41392a
393d3c
393d3c
393e3d
393f3e
38413e
37403d
363f3c
37403d
3a403e
393f3d
383f3d
35403c
36403c
35403c
35413d
36403c
363f3c
363f3c
363f3c
363f3c
363f3c
37403d
38413e
38413e
38413e
38413e
38413e
38413e
38413e
38413e
38413e
38413e
38413e
38413e
38413e
38413e
38413e
38413e
39423f
39423f
39423f
39423f
39423f
39413e
38413e
37413d
35403c
35403c
343f3b
35403c
35403c
35403c
343f3c
363f3b
363f3c
343d3b
353e3b
353e3b
353d3b
353e3b
343e3a
343f39
333d38
2d3631
3e443f
a6a9a6
e7e7e5
ebeae8
efeeec
efeeec
efeeec
f0efeb
efeeea
edece8
fcfbf6
c5c4be
4e4f49
d4d6d0
f1f2ec
eeefe8
eff0e9
f0f1eb
f2f3ee
eff0eb
edeee9
eeefea
eff0eb
eff0eb
eff0eb
eff0eb
eff0eb
eff0eb
eff0eb
eff0eb
eff0eb
eff0eb
eff0ec
eff0eb
eeefea
efeeea
f0eeea
f0eeea
efeeea
efefeb
f0efeb
f1f0eb
f0f0ed
efefed
efefed
efefed
efefed
f0f0ee
efefed
fbfbfa
f1f1ee
e4e4e3
eeeeec
fdfdfb
f2f2f0
eeeeec
f0efed
efefed
efefed
efefed
efefed
efefed
efefed
efefed
efefed
efefed
efefed
efefed
efefed
efefed
efefed
efefed
efefed
f0f0ee
f0f0ee
f0f0ee
f0f0ee
f0f0ee
f0f0ee
f0f0ee
efefed
efefed
efefed
efefed
efefed
efefed
efefed
efefed
efefed
efefed
efefed
efefed
efefed
efefed
efefed
efefed
efefed
efefed
efefed
efefed
efefed
f0efed
f9f9f7
ecefee
e5e9e8
e7e9e8
f8faf7
f8faf7
eeeee9
f0f2ec
f0f0eb
f1edec
f1edec
f1eeec
f0efeb
f0efeb
eff0eb
eff0ea
f0efeb
f1efeb
f0efeb
f0efeb
f0efeb
f0efeb
f0efeb
f0efeb
eff0ec
eff0eb
eff0eb
eff0eb
efefeb
eff0ec
eceee9
faf5f6
f5eaed
6a534c
5b2817
bc5f4a
cd5038
d0482d
d7502f
d64c28
dd4928
e24728
e3492a
df4d2a
db4f28
df4e2a
df4f2a
dc4e28
dc4e28
dc4e27
db4d27
dd4f29
dc4e28
de502b
de4b2e
db4f28
de4a23
d9462f
cf4f36
d95c41
a54338
451f1e
40322b
40382f
3b3a2e
3b3c2f
3a3b30
3e3a30
423830
42372e
453c2f
423d2f
3e3c2d
3e3c2d
3d392a
443b2e
453b2f
3c3f2d
3d402d
453e2d
4c3c2f
4e382b
4e382b
4b3a29
493929
47382b
47392b
47392a
463a29
463929
463928
463928
493829
493829
493829
493829
483829
473a2a
473a2b
46392a
48392e
48382f
47392c
473a2c
483b2b
483a2b
473929
483a28
483a27
473928
463928
463929
46392a
46382c
47382c
473929
473929
473929
483829
48392a
493829
4b382b
49392c
47392c
47392c
47392b
483a2d
483a2d
47392b
47392b
47392d
47392e
483a2e
473a2e
45392c
443a2d
443b2d
453b2d
44372a
44382a
44372a
44382b
44372a
43372a
43372a
44372a
44372a
44372b
43382b
42382b
42392b
413a2b
423a2a
413829
383d3b
383d3c
383e3c
383e3c
353f3b
35403c
35403c
353f3b
353c3a
363d3a
353d3b
333e3a
323e3a
333e3a
333e3a
343e3a
343d3a
343d3a
343d3a
343d3a
353e3b
353e3b
363f3c
38413e
39423f
39423f
38413e
38413e
38413e
38413e
38413e
38413e
38413e
38413e
38413e
38413e
38413e
38413e
38413e
38413e
38413e
38413e
38413e
38413e
38403e
36403d
35403c
35403c
343f3b
35403c
35403c
353f3b
343f3b
37403d
373f3c
363f3c
37403d
37403d
353e3b
353e3b
343d39
333b36
343a36
343935
363936
929290
e1e1df
eeecea
eeedec
efeeec
efeeec
f0efeb
efeeea
edece8
fefef9
9b9a95
71716c
f5f6f0
ecede7
ecede7
edeee8
edeee8
edeee8
eeefe9
eeefea
eeefea
eff0eb
eff0eb
eff0eb
eff0eb
eff0eb
eff0eb
eff0eb
eff0eb
eff0eb
eff0eb
eff0eb
eff0eb
efefea
efeeea
efeeea
efeeea
efeeea
efefeb
f0efeb
f0f0ec
eff1ec
efefec
efefed
efefed
eeeeec
efefed
efefed
91918f
424340
2f2f2e
40413f
767674
dedfdd
f3f4f1
ededeb
eeefec
efefed
efefed
efefed
efefed
efefed
efefed
efefed
efefed
efefed
efefed
efefed
efefed
efefed
efefed
efefed
f0f0ee
f0f0ee
f0f0ee
f0f0ee
f0f0ee
f0f0ee
f0f0ee
f0efed
efefed
efefed
efefed
efefed
efefed
efefed
efefed
efefed
efefed
efefed
efefed
efefed
efefed
efefed
efefed
efefed
efefed
efefed
efeeec
f0efed
f0f0ee
9a9a98
353837
333736
323534
555755
b2b4b1
f0f1ec
edefe9
f0f1ec
f1edec
f1edec
f1eeec
f0efea
f0efeb
eff0ea
eff0ea
f0efeb
f1eeeb
f0efeb
f0efeb
f0efeb
f0efeb
f0efeb
f0efeb
eff0eb
eff0eb
eff0eb
eff0eb
eff0eb
eff0eb
eff0ec
edede9
eff0eb
f0ece4
7a6158
5f2217
b85442
d85941
db5030
df4c28
e24a26
e24926
de4b26
d94f28
d84f28
de4b2a
e04a28
db4d28
dc4e29
db4d29
da4b27
dc4e2a
dc4e29
df512c
dc4a2d
da4e26
df4e24
dc4d33
d05338
d95f41
a8493a
3e1e1a
3a2c25
433930
403d32
38382b
3b3a2e
3f3b30
423a30
403a2e
3f3d2e
3d3b2c
3d3c2d
3b392a
3f3b2c
443d2f
43392e
41392c
463d2d
4a392d
4c372d
513b2e
4c392b
4a3a2a
473a2a
47392b
473a2b
473a2a
473a29
473a29
473a28
473b27
49392a
4a3929
493929
493929
483929
483b2b
483b2a
473a29
483a2d
483a2d
483a2d
473a2b
463929
473929
483a2a
473b29
473b27
483b2a
493c2b
493c2b
483b2b
483a2d
483a2d
483b2b
483b2b
483b2b
493a2b
49392a
4a392a
4b392b
4b392b
48392a
483a2a
473a2b
493b2c
493b2c
473a2b
483a2b
48392b
493a2c
493a2d
483a2d
44382a
433829
423829
44382a
49382b
4a392c
49382c
49382c
49382a
48382a
48382b
49382b
49382b
49382b
48382c
48382b
47392b
46392b
46392b
47392b
363c3a
353d3a
353c3a
343c39
313c38
333e3a
343f3b
333d39
313a37
323c38
333c39
343c39
333d3a
333d39
333d39
333c39
323c39
333c39
333c39
343d3a
353e3b
363f3c
363f3c
363f3c
363f3c
37403d
363f3c
363f3c
363f3c
363f3c
363f3c
363f3c
363f3c
363f3c
363f3c
363f3c
363f3c
363f3c
363f3c
363f3c
363f3c
363f3c
37403d
36403d
363f3c
36403c
35403c
35403c
35403c
35403c
35403c
35403c
35403c
36403c
37403d
38413e
38413e
38413e
363f3c
343e3b
343b39
373b37
363c38
363b37
343532
4e4e4c
c0c0be
eae9e7
edecec
eeedeb
eeeeeb
f0f1ec
edeee9
eeefea
f3f4ee
63645e
9b9c97
fefefb
ebece7
eff0e9
edeee8
f0f1eb
eff0ea
eff0ea
eff0ec
eff0eb
eff0eb
eff0eb
eff0eb
eff0eb
eff0eb
eff0eb
eff0eb
eff0eb
eff0eb
eff0eb
eff0eb
eff0eb
efefea
efeeea
efeeea
efeeea
efeeea
f0efeb
f0efeb
f1f0eb
f0f0ed
efefed
efefed
efefed
eeeeec
f5f5f3
70706e
0f100e
1f211e
232522
1e201d
0d0f0c
4f514e
e1e3e0
eff1ee
eeefed
efefed
efefed
efefed
efefed
efefed
efefed
efefed
efefed
efefed
efefed
efefed
efefed
efefed
efefed
efefed
f0f0ee
f0f0ee
f0f0ee
f0f0ee
f0f0ee
f0f0ee
f0f0ee
efefed
efefed
efefed
efefed
efefed
efefed
efefed
efefed
efefed
efefed
efefed
efefed
efefed
efefed
efefed
efefed
efefed
efefed
efefed
ececea
f9f9f7
a6a6a4
0b0b09
1f2220
1d2120
1f2321
111311
262824
cccdc8
ecede8
eeeeea
f1edec
f1edec
f1eeec
f0efea
f0efeb
eff0ea
eff0ea
eff0eb
f0efeb
efeeea
efeeea
efeeea
efeeea
efeeea
efeeea
eff0eb
eff0eb
eff0eb
eff0eb
eff0eb
eff0eb
eff1eb
eff0ea
eeeee9
f5f3ef
efe4e3
694646
5f170f
c05344
de5741
dd4d2b
e14c27
df4a27
dd4e29
d8512b
d74f2a
de4a28
df4927
da4b28
dc4d2a
de4f2c
db4d29
dc4e2a
dd4f2c
e1522f
df4d31
dc522a
e15024
dd4e33
d25539
d85d3d
ad4f3d
3e1c18
382922
42342d
3d362b
433f33
3f3c2e
3e3b2d
413c2d
3e3c2c
3c3e2d
3e3e2d
3f3c2d
403c2d
433d2f
443c2e
443b2d
4c3c32
4e392e
4d382d
4b342a
4b3729
4c3a2c
4c3c2c
483c2b
473a2a
473a2a
483b29
483b2a
483b29
473a27
473b27
493928
4a3928
493929
493929
493a29
493b2a
483b29
483a29
473a2c
473a2b
483a2a
473a2a
483a2a
483b2a
493c2a
483b29
473b27
483b2a
483b2b
473a2a
473a2a
47392c
47392c
473a2a
473a2a
473a2a
49392a
49392a
4a392a
4b382b
4a382a
4a3a2b
49392a
483829
4a3a2a
4b3a2b
49392a
49392a
4b3a2c
4b3b2d
4a3a2c
493a2c
433628
413526
443728
413526
443125
443024
443024
433024
432f23
433023
433023
433023
423023
423023
433023
423023
413023
403023
413023
413024
353d3a
333e3a
343e3a
343e3b
333e3a
323d39
303d39
313e39
333f3b
333e3a
323d39
333d3a
353d3b
363c3a
363d3b
333c39
333c39
343d3a
343d3a
353e3b
353e3b
363f3c
363f3c
343d3a
323b38
313a37
323b38
343d3a
343d3a
343d3a
333c39
333c39
333c39
333c39
333c39
333c39
323b38
333c39
343d3a
343d3a
343d3a
343d3a
343d3a
343d3a
343d3a
353f3b
35403c
35403c
35403c
35403c
35403c
35403c
35403c
37403d
37403d
363f3c
363f3c
37403d
363f3c
343e3b
363c3a
373d39
363d38
373c38
353a36
323834
696f6a
c8cdc9
e8ebe8
eeeeec
edefec
f0f2ed
edeee9
f6f7f3
d0d3cc
565852
dfe0db
f4f5ef
eeefe9
eff0ea
eff0ea
eff0ea
eff0e9
eff0eb
eff0eb
eff0eb
eff0eb
eff0eb
eff0eb
eff0eb
eff0eb
eff0eb
eff0eb
eff0eb
eff0eb
eff0eb
eff0eb
eff0eb
eff0eb
f0efeb
f0efeb
f0efeb
f0efeb
f0efeb
f0efeb
f0efeb
efefec
eeefed
efefed
efefed
ededeb
f2f2f0
959593
161715
1c1f1c
1f231f
222622
141815
323633
dbdfdb
ecf0ec
edefec
efefed
efefed
efefed
efefed
efefed
efefed
f0f0ee
f0f0ee
f0f0ee
efefed
efefed
f0f0ee
f0f0ee
f0f0ee
f0f0ee
f1f1ef
f0f0ee
f0f0ee
f0f0ee
f0f0ee
f0f0ee
f0f0ee
f0efed
efefed
efefed
efefed
efefed
efefed
efefed
efefed
efefed
efefed
efefed
efefed
efefed
efefed
efefed
efefed
efefed
efefed
efefed
ededeb
f3f3f1
cececc
2d2d2b
191b1a
232726
242827
1d201d
21221f
d0d0cc
ebebe6
edede9
f0eceb
f1edec
f1eeeb
f0efeb
f0efeb
eff0eb
eff0ea
f0efeb
f0eeeb
efeeea
efeeea
efeeea
efeeea
efeeea
efeeea
eff0eb
eff0eb
eff0eb
eff0eb
eff0eb
eff0eb
eff0eb
efefeb
f1eeeb
efe8e7
f8f0f0
fcf0ee
744f4b
641b16
bb524b
d15538
d34c2b
dc4c2e
db4c2d
da4f2e
d84f2b
db4d2a
dd4c2a
da4c29
df512e
da4b29
df512e
de502d
df502e
de4f2c
de5034
db552c
e15127
df4d33
d15135
db5a39
b24a38
4c221e
382722
46352e
40352c
423a2f
423d2c
403d2c
3d3c28
3d3f2b
3e402e
413f2d
463e2e
473d2e
473b2c
483b2d
493c2e
4f3b31
4b352a
493429
4b372b
493829
4b3b2c
4c3e2e
493c2b
483b2a
473a29
483a28
483c28
483b27
483c25
483c25
4a3a27
4a3927
493a27
493a27
4a3b28
483b28
483b28
483b29
473a2a
473a2a
483929
483b2a
493b29
483b28
483b28
483b28
483c28
473a29
463928
463928
463929
46382b
46382b
473a2a
473a2a
473a2a
49392a
483929
493829
4a382a
4a392a
4b3a2a
4a3a2a
493929
4a3929
4b3a2a
4a3929
4a3929
483627
473527
483628
483729
473929
453929
453828
493c2c
4b382a
4b392a
4b392a
4a3729
493628
493728
493728
493729
4a3729
493729
493829
493829
483829
47392a
483929
46372a
343d3a
343d3a
333d3a
333e3a
323e3a
313c38
303e39
32403a
333e3a
343f3b
36413d
36403d
373f3c
383e3c
393d3c
353e3b
353f3c
363f3c
363f3c
37403d
37403d
363f3c
363f3c
363f3c
353e3b
343d3a
343d3a
363f3c
363f3c
363f3c
353e3b
353e3b
353e3b
353e3b
353e3b
353e3b
353e3b
353e3b
353e3b
353e3b
353e3b
353e3b
353e3b
353e3b
353e3b
353f3c
35403c
35403c
35403c
35403c
35403c
35403c
35403c
37413d
373f3c
353e3b
353e3b
353e3b
343d3a
343d3a
343c39
343e39
343e39
363f3a
363f3b
35403a
333e39
5a6660
b9c0bc
f2f4f1
edf0ec
f1f4f0
ecede9
fbfcf8
a2a59e
51544d
eef0ea
eff0ea
ebece7
edeee8
eff0eb
eff0ea
eff0ea
eff0eb
eff0eb
eff0eb
eff0eb
eff0eb
eff0eb
eff0eb
eff0eb
eff0eb
eff0eb
eff0eb
eff0eb
eff0eb
eff0eb
eff0eb
eff0eb
f0efeb
f0efeb
f0efeb
f0efeb
f0efeb
f0efeb
f0efeb
efefec
efefed
efefed
efefed
efefed
ececea
f4f4f2
9d9d9b
3d413d
2c312d
2c312d
2d322e
a5aaa6
edf2ee
e8ede9
eff0ee
efefed
eeefed
efefed
efefed
f0f0ee
f1f1ef
f2f2f0
f1f1ef
f0f0ee
efefed
eeeeec
ededeb
ededeb
ededeb
ededeb
ededeb
eeeeec
eeeeec
eeeeec
eeeeec
efefed
efefed
eeedeb
ecedeb
ececea
ebebe9
ebebe9
ebebe9
ebebe9
ebebe9
ececea
ececeb
eeeeec
efefed
efefed
efefed
efefed
efefed
efefed
efefed
efefed
efefed
eaeae9
f8f8f6
b8b8b7
333534
242827
222524
2b2d2a
787a77
e8e9e5
ebece7
efefea
f0edec
f1edec
f1eeec
f0efeb
f0efec
eff0eb
eff0ea
f0efeb
f0eeeb
efeeea
efeeea
f0efeb
f0efeb
f0efeb
f0efeb
eff0eb
eff0eb
eff0eb
eff0eb
eff0eb
eff0eb
eff0ec
eef1ed
eef1ec
f1efeb
efefea
eaefe6
ece5dc
725553
3e0406
a4442e
ce573e
d74e36
dd4b30
de4d31
da4f2e
d84f2a
da4e2a
e0502f
dd4e2d
dd4e2d
e0512f
e25231
de4f2d
e25331
e05436
db552c
e25227
e34e33
d24c30
db5233
bd4a39
5c2722
3d2723
45342f
3e2f28
453a2e
443e2d
413d2b
3d3e29
3c3f29
3f402c
433e2c
483d2c
493a2b
49382a
4b3a2c
4b3b2c
4a392f
4b392f
48382d
4b3b2f
4b3c2d
4a3c2f
4b3c2d
4a3c2d
483c2c
463a29
453928
473a28
483c27
483c28
483c26
4b3a28
4b3a28
4a3b28
4a3b28
4a3b28
483b28
483b28
483b29
483b2b
483c2a
483c2a
483b29
483b28
493b28
483c27
483b27
483b28
483b29
473b2a
473b2b
483b2b
483a2c
483a2d
483b2b
483b2b
483b2c
4a3b2c
4a3b2c
4b3a2c
4b392c
4a392a
493927
4a3928
4b3a29
4c3a28
4b3a29
4b3a28
4a3928
493727
483727
473627
463526
473828
463928
433624
483c2a
49392a
493a2a
493a2a
483929
493929
493929
493929
483829
483829
483929
483a29
463a28
463a28
463b29
453b29
433b2b
373b3a
353c39
353d3b
353e3b
323e3a
35403c
33413d
34403c
363f3b
363f3c
39403e
3a3f3d
383e3c
383e3c
3a3d3c
363e3c
363f3c
363f3c
363f3c
363f3c
363f3c
363f3c
363f3c
363f3c
37403d
37403d
37403d
37403d
37403d
37403d
37403d
37403d
37403d
37403d
37403d
37403d
37403d
37403d
363f3c
363f3c
363f3c
363f3c
37403d
37403d
37403d
36403c
35403c
35403c
35403c
35403c
36413d
36413d
36413d
37403d
363f3c
363f3c
363f3c
353e3b
353e3b
363e3b
353f3c
32403c
32403c
32403b
2f3c37
2f3b37
303c38
2d3834
454d49
9a9e9b
cbcfcc
e5e9e6
eeefec
ffffff
8f908c
6b6b68
fbfcf8
eaebe6
edeee9
eeeee9
eff0ea
eff0eb
eff0eb
eff0ec
eff0eb
eff0eb
eff0eb
eff0eb
eff0eb
eff0eb
eff0eb
eff0eb
eff0eb
eff0eb
eff0eb
eff0eb
eff0eb
eff0eb
eff0eb
f0efeb
f0efeb
f0efeb
f0efeb
f0efeb
f0efeb
f0efeb
efefeb
eeeeec
eeeeec
eeeeec
efefed
efefed
f0f0ee
fcfcfa
f0f1ef
dfe0de
d8d9d7
ebece9
f8f9f6
eeefec
eff0ed
efefed
efefed
efefed
efefed
eeeeec
ededeb
eeeeec
eeeeec
f1f1ef
f0f0ee
f4f4f2
fafaf8
ffffff
ffffff
ffffff
ffffff
ffffff
ffffff
ffffff
ffffff
fdfdfb
fdfdfb
fdfdfb
fcfdfb
fffffd
fffefc
ffffff
ffffff
ffffff
ffffff
ffffff
ffffff
fdfdfd
f7f7f7
f2f2f1
eeeeec
ededea
edeeea
ededea
eeeeeb
eff0ed
f0f1ee
efefec
f0f0ed
eeefeb
f5f5f2
e8e9e7
cccfcd
cbcccb
e0e0de
f6f5f4
f1f1ef
efedeb
f0eeec
f0eeed
f0eeec
f0eeed
f0efed
f0efed
efefec
eff0ec
f0efed
f0efed
efefed
efefed
f0efed
f0efed
f0efed
f0efed
efefed
efefed
efefed
efefed
efefed
efefed
efefed
eff0eb
eef0ea
f0f0eb
f0f1ec
e9ede6
ecece7
f3eeeb
705e5f
400306
9b4537
c85c3a
d24f2b
dd4d35
dd4b36
db4b2a
da4d27
db4b2c
dd4d2d
d94a28
db4c2a
dc4e2b
e0512e
dd4f2c
de512e
dd532d
e14f2c
e25031
ce4f2b
d54f33
d05749
6d2c22
45251e
42372b
3c3628
493a2e
443c2c
3e3f2d
423e2c
413e2c
3f3f2c
403c2b
433c2a
443b2a
483b2b
473929
473a2a
463a2c
473a2c
45382a
453828
4a3a2a
4b3b2b
4d3b2a
4d3c2b
4b3b2b
493b2b
493b2b
493c2a
483c2b
483c2a
463d2b
493c2b
4a3b2b
4b3b2a
4b3b2a
4c3c2b
4c3c2b
4c3c2b
4b3b2b
463a29
463b29
463a29
473a29
473b29
473a29
473a28
473b27
473c27
473b27
473b28
473a2a
473b2a
473b2a
483b2b
483b28
483b28
483b29
483a29
483928
493a29
493a29
4a3a28
4a3a24
4a3925
4b3a27
4b3a27
4a3928
4a3929
4a3929
4c382a
4c392b
4c3a2c
4c3b2d
493b2a
453827
423826
423827
443929
433928
433828
443929
443929
423827
443928
453b2b
413828
403626
423727
433728
433728
443a2a
413626
413929
3b403f
393f3d
383e3c
363f3c
343f3b
353f3b
34403c
353f3c
363e3b
353f3b
383f3d
3a3f3d
383e3c
393e3c
383e3c
363f3c
363f3c
363f3c
363f3c
363f3c
363f3c
363f3c
37403d
38413e
38413e
39423f
38413e
37403d
37403d
38413e
38413e
38413e
38413e
38413e
37403d
37403d
37403d
37403d
38413e
38413e
38413e
38413e
38413e
38413e
38413e
36403d
35403c
35403c
35403c
35403c
36413d
37423e
37423e
37403d
37403d
37403d
363f3c
37403d
37403d
38403d
37403d
33413c
31403b
303e39
333f3b
2f3b37
313c38
2e3a36
2a322e
323733
4a4f4b
5f6460
a5a7a4
bdbfbc
2b2c2a
828280
ffffff
ebece7
eeefea
efefeb
f0f1ec
f0f1ec
f0f1ec
f0f1ec
f0f1ec
f0f1ec
f0f1ec
f0f1ec
f0f1ec
f0f1ec
f0f1ec
f0f1ec
f0f1ec
f0f1ec
f0f1ec
f0f1ec
f0f1ec
f0f1ec
f0f1ec
f0f1ec
f0f1ec
f0f1ec
f0f1ec
f0f1ec
f0f1ec
f0f1ec
eff0ec
efefed
efefed
efefed
efefed
f0f0ee
f0f0ee
ededeb
f1f1ef
f5f5f3
f7f7f5
f4f4f2
f0f0ee
efefed
efefed
eeeeec
ececea
ececea
ededeb
f2f2f0
fbfbf9
fdfefb
fffffd
f6f6f4
f1f1ef
e4e4e2
c2c2c0
a4a4a2
949492
939391
939392
91918f
808080
767675
6a6a67
636361
5e5e5c
61615f
616360
727471
7d7e7c
828381
858484
858383
8e8d8d
949392
9f9f9f
c2c2c2
d7d7d7
ebebea
f9f9f8
fdfefa
fffffd
fffffd
fcfdf7
f3f4ef
eff0eb
edefe9
edeee9
eeefea
eeefea
f0f1ee
f5f7f4
f6f7f5
f3f2f1
eeeeec
f0eeed
f0eeec
f0eeec
efefed
efefed
efefed
efefed
efefed
efefed
efefed
efefed
efefed
efefed
efefed
efefed
efefed
efefed
efefed
efefed
efefed
efefed
efefed
efefed
efefed
efefed
efefeb
f0efea
f0efea
f0efe9
f1efea
eeede8
f0efea
f1efeb
73585a
370500
904228
c25332
d44e31
db4b33
d7492c
d84c2a
d84929
e05030
dd4e2d
df502e
e0512e
de502c
df512d
d94c27
d74d28
e14c2d
e15230
c74d23
d85438
d85b4e
762d20
4b231d
423b2b
393827
4a392d
463a2c
3c3f2d
423d2d
42382b
433c2e
463d2f
443b2c
463c2c
443929
483d2c
453927
493b29
493929
4a3b29
4b3c28
4e3f2b
4d3f29
4d3d27
4d3c27
4f3a29
4d3b29
4d3b2a
4c3c29
4b3c29
4b3c2a
493c29
4a3c2b
4a3b2b
4b3b2b
4b3b2b
4c3b2c
4c3b2c
4c3b2c
4b3b2b
4b392a
4c392a
4b392a
4b392a
4b3929
4b3829
4b3929
4c3928
4c3a27
4c3a28
4c3a2a
4c3a2a
4c392b
4c3a2b
4c392b
4d392a
4d392a
4d3929
4d392a
4c3829
4c3828
4c3828
4b3a28
4b3a28
4b3a28
4b3a27
4a3927
4a3927
4a3928
4b3a28
4c3829
4e382a
4c392a
4b3b2b
4a3c2b
423825
413725
413926
423929
423a29
423a29
433a29
423928
3e3524
413827
433c2a
403a29
423a2a
413829
423729
44382a
44392b
433728
443828
343d3a
343b39
333c39
343e3a
343f3b
343f3b
333e3a
333c39
353b39
353d3a
37403d
37403d
363f3c
363f3c
363f3c
363f3c
363f3c
363f3c
353e3b
363f3c
363f3c
363f3c
363f3c
363f3c
363f3c
37403d
37403d
353e3b
353e3b
353e3b
353e3b
343d3a
343d3a
343d3a
353e3b
353e3b
353e3b
353e3b
353e3b
353e3b
353e3b
353e3b
363f3c
363f3c
353e3b
353f3c
35403c
35403c
343f3b
36413d
37423e
36413d
36413d
36403d
363f3c
37403d
37403d
37403d
37403d
363f3c
36403d
34413c
33403b
323e3a
323e3a
343f3b
323b38
313a37
333c38
363c38
262d28
1c211d
2d322e
2b302c
0a0c09
acacaa
fcfcf9
eeefea
f0f1ec
eff0eb
f1f2ed
f1f2ed
f1f2ed
f1f2ed
f1f2ed
f1f2ed
f1f2ed
f1f2ed
f1f2ed
f1f2ed
f1f2ed
f1f2ed
f1f2ed
f1f2ed
f1f2ed
f1f2ed
f1f2ed
f1f2ed
f1f2ed
f1f2ed
f1f2ed
f1f2ed
f1f2ed
f1f2ed
f1f2ed
f1f2ed
f0f1ed
f0f0ee
f0f0ee
f0f0ee
efefed
efefed
f0f0ee
f0f0ee
f1f1ef
f0f0ee
f0f0ee
f1f1ef
efefed
ededeb
ececeb
f5f5f3
fefefc
fdfdfb
f7f7f5
e6e6e3
c0c0be
9e9e9c
81817f
7d7d7b
929290
848482
6a6a68
7f7f7d
91918f
969695
999998
9c9c9a
a3a3a3
b1b1af
babab8
c0c0be
cacac8
cacac8
c6c8c5
c0c1bf
adaead
a5a5a5
999897
91908e
868584
737170
656565
636363
727370
8a8b87
767574
656663
898a85
9fa09c
bebfbb
ebece7
fcfdf9
fffffe
fffffc
f9faf5
eff1ec
ebedea
ebeeea
edefec
efefed
f0f0ee
f1f0ee
f0efed
efefed
efefed
efefed
efefed
efefed
efefed
efefed
efefed
efefed
efefed
efefed
efefed
efefed
efefed
efefed
efefed
efefed
efefed
efefed
efefed
efefed
efefed
efefed
efefeb
f0efea
f0efea
f0efea
f0efea
efefe9
eceae5
efeee8
f1ede1
715953
531815
a94c3f
c44e33
d44f2f
d64c31
d6492f
da4b2d
dd4e30
e05131
dc4d2c
dc4d2b
dd4e2c
dd4f2c
db4e28
d84f2a
e24d2f
dc4d2b
ce5228
d95233
d65445
7c2d22
4e2521
44392e
393526
4a3a2f
473a2f
3e3f2e
413c2e
4c3a31
4a3830
47372d
483a2e
45392a
483c2d
473a2a
4a392b
4b382e
4e3930
4e3b30
4d3b2f
4b3b2c
493b2b
483c2b
4a3b2c
4a392d
4a3a2d
4a392c
4a392d
4a392d
4a3a2d
4a3a2d
4b3a2b
4b3a2a
4a3a2a
493a2a
4a3a2a
493a2a
493a2a
493a2a
4b392a
4c392a
4b3929
4b392a
4b392a
4b3829
4a3828
4b3929
4c3928
4b3a29
4c392a
4b392a
4b382b
4b392c
4c382c
4d392a
4c382b
4c382a
4c382a
4c3829
4c382a
4c382a
4b392b
4a3a2c
4a3b2c
4a3b2a
493b2a
493b27
493b25
493b25
4a3a27
4d3b29
4c3b29
4b3c2a
493d2a
433726
423725
423726
413827
413827
413827
413827
433a29
423929
433a29
423928
3e3827
413a29
413928
403827
433928
413526
433727
433727
313c38
313c38
313c38
333c38
323c39
323b38
323a37
343b38
353a39
353c3a
343e3b
353f3b
343f3b
333f3b
343f3b
333c39
333c39
343d3a
343d3a
343d3a
343d3a
343d3a
343d3a
343c39
333c39
333c39
343d3a
343d3a
343d3a
343d3a
363e3b
36403c
363f3c
363f3c
363f3c
353e3b
353e3c
353e3b
37403d
37403d
37403d
37403d
38403e
363f3c
343e3b
333d39
323c39
323e39
323d39
333e3a
34403b
34403c
343f3b
353e3b
343d3a
333c39
333d3a
323b38
323b38
333c39
313c39
303c38
303c38
313c38
313c38
303936
343d3a
343c39
2e3833
313b35
313a35
323a36
2f3430
1e2421
323733
d8dbd7
f2f3ee
eeefea
eff0eb
eff0eb
f0f1ec
f1f1ec
f1f1ec
f0f1ec
f0f1ec
f0f1ec
f0f1ec
f0f1ec
f0f1ec
f0f1ec
f0f1ec
f0f1ec
f0f1ec
f0f1ec
f0f1ec
f0f1ec
f0f1ec
f0f1ed
f0f1ec
f0f1ec
f0f1ec
f0f1ec
f0f1ec
f0f1ec
f0f1ec
f0f1ec
f0f0ed
f0f0ee
f0f0ee
f0f0ee
f0f0ee
f0f0ee
f0f0ee
f0f0ee
f2f2f0
f2f2f0
f0f0ee
ebecea
f0f0ed
fdfdfb
fefdfd
e4e4e2
aaaaaa
999999
7a7a79
7a7a79
818180
b0b0af
cececc
e2e1df
ececea
f2f2f0
f9f9f7
fffffd
ffffff
ffffff
ffffff
ffffff
ffffff
ffffff
ffffff
ffffff
ffffff
ffffff
ffffff
ffffff
ffffff
ffffff
ffffff
fffffe
fdfdfb
fffefc
ffffff
fefefc
f7f8f4
f0f1eb
dedfda
c6c7c2
a8a8a4
7c7d79
575754
6b6c66
6c6c6b
7a7a76
a2a2a0
cfd0cb
fbfcf8
ffffff
f8fdf9
eef2ee
eff0ef
f0f1ef
f0f0ee
f0f0ee
f0f0ee
f0f0ee
efefed
efefed
efefed
eeeeec
eeeeec
eeeeec
eeeeec
eeeeec
eeeeec
eeeeec
eeeeec
eeeeec
eeeeec
eeeeec
efefed
efefed
f0f0ee
f0f0ee
efefed
efefed
efefed
efefeb
f0efea
f0efea
f0efe9
efefe9
f0f0ea
efeee9
ebeae4
f3f5ea
f0e4e2
6e464c
661e21
b55247
cd523d
d84e38
d94730
dc4c2f
db4c2e
dc4d2f
dc4d2e
da4b2b
da4b2a
dc4d2b
dc4e2a
d94f2b
df4b2c
da4c29
d2552a
dd5132
d64d3c
8b3328
512524
4b3f36
3d382a
503d35
4c3d34
424233
463e33
523e37
533e38
503e36
4c3f34
4d4135
4d4032
4d3d2e
503d30
554131
574131
523f2d
51402b
51412c
4c3d27
4b3d25
4b4028
484129
49422a
48422a
4a412a
4b412a
4a412a
4b402a
4e3e2d
503e2f
4f3e2e
4f3e2e
4d3f2e
4c402e
4b402e
4a412f
4a412e
4a412d
4a412e
4a412e
49412e
4a402e
49412e
4a412e
4b412e
4a412f
4b4130
4a402f
4a4030
4a4031
4b4031
4a402f
4a4030
4b3f2f
4b402f
4b402f
4b402f
4a3f2e
4b3d2e
4b3e30
4a3e2f
4b3f2e
493e2c
4b3f2c
493d29
483c27
4b3e2b
4b3d2b
493b2a
483b2b
4a3d2e
45392b
45392b
45392d
463b30
453b30
463b30
443a2e
463c30
443a2e
473c31
433c2e
423c2e
423c2d
433b2e
433b2e
443a2e
44392c
463b2f
423b2e
303b37
303b37
303b37
303b37
323a37
333937
333937
333937
323836
333a38
333d39
313c38
2f3b37
2d3d37
2d3d37
313b37
323b38
323b38
333c39
323b38
323b38
323b38
323b38
313a37
313a37
313a37
313a37
313a37
313a37
313936
303936
303936
303936
303936
313936
313936
313937
313936
323b38
323b37
323b38
323c39
343c3a
333c39
323c39
313b38
303b37
303b37
303a37
303b37
2f3a37
2f3a37
2f3b36
323b38
323a37
313a37
303936
313a38
313a37
313a37
313b38
323d39
313d39
323d39
323b38
323a37
333a37
323836
303a35
303b35
303a34
2e3833
313833
181e1a
494e4a
e1e7e2
edeee9
f0f0eb
f5f6f1
f5f6f1
f1f2ed
f0f1ec
f0f1ec
f0f1ec
f0f1ec
f0f1ec
f0f1ec
f0f1ec
f0f1ec
f0f1ec
f0f1ec
f0f1ec
f0f1ec
f0f1ec
f0f1ec
f0f1ed
f0f1ec
f0f1ec
f0f1ec
f0f1ec
f0f1ec
f0f1ec
f0f1ec
f0f1ec
f0f1ec
f0f1ec
f1f1ed
f1f1ef
f0f0ef
f0f0ef
f0f0ef
f0f0ef
f0f1ef
f1f1ef
f1f1f0
efefed
f6f6f4
ffffff
efefed
a9a9a8
7c7c7b
838381
8f8f8d
b5b5b3
d7d7d5
f1f1ef
fffffe
fffffe
fbfbf9
f3f3f1
f4f4f2
fffffe
fcfcfa
f4f4f1
ededeb
e4e4e1
dddddb
c4c5c3
b4b5b3
b7b7b6
b6b6b5
b7b7b6
b5b6b5
b4b3b3
b3b5b4
babdbc
cccfcd
d8ddd9
e6eae6
f7f7f5
fefefc
f9f8f6
eff0eb
edeee9
f0f1ec
f2f3ee
f4f5ef
f8f9f4
fffffb
fffffe
f9faf5
e6e7e2
d1d2cd
a7a8a4
858582
666663
6a6a68
868a87
c4c6c4
eff5f0
ecf1ee
edf2ed
eff1ee
eff1ee
f0f0ee
f0f0ee
efefed
efefed
efefed
efefed
efefed
efefed
efefed
efefee
efefee
efefee
efefee
efefee
efefee
efefed
efefed
efefed
efefed
efefed
efefed
efefed
efefed
efefeb
f0efea
f0efea
f0efea
f0efea
f0efea
f0efea
f1f0eb
f0eceb
f5efec
f0e3dc
765354
48060d
ac4547
d65041
d44428
dd4c32
dc4d30
dc4c2e
dc4d30
e05132
dd4e2e
dc4d2d
dc4d2b
da4f2b
dd4a29
df522e
d25528
d8492a
df4d3e
93352a
441617
33261e
30291e
3d2923
392922
302f22
362c22
3b2721
382820
362b22
373024
30291d
32271c
3a281e
3e271e
38251b
3d2b21
3a281c
3f2d20
3d2b1e
3b291b
3d281a
3b2b1d
372d1e
392c1e
392d1f
3a2c1e
3b2a1e
3c2b1e
3c2b1e
3e2a1d
3e2b1d
3d2c1d
3b2c1c
392d1d
382f1d
37301d
372f1d
362e1c
362e1c
362f1c
362e1c
362e1d
362f1d
37301e
37301d
372f1d
372e1e
362e1e
362d1d
352c1d
352c1f
352c20
352c1d
352b1d
362b1d
362c1d
372c1e
362b1d
372c1e
392f1e
39301f
3a3120
3b3221
3a3220
3b3221
3e3625
403727
3f3525
43392a
413628
3e3227
40342b
382c25
3a2d27
372a24
362b27
382e29
382d29
382e29
352b26
382d29
342a26
352f28
342f25
342e25
342e25
342d24
342b23
372e25
352c25
362d27
2f3a37
2f3a36
2f3a36
2f3a36
303a36
303936
303936
313836
313836
313a37
313c38
2f3b37
2d3a36
2b3b36
2b3b36
303a37
313937
313a37
313a37
303936
303936
303835
2f3935
303936
303936
303936
303a37
303a37
303a37
313a37
2f3936
2f3935
2f3935
2f3935
2f3936
2f3936
2f3936
2f3936
333a38
333937
333a37
333a38
323a36
333b37
333b37
323b39
313b3a
2f3939
2d3837
2d3837
2e3838
2e3938
2e3938
303b38
313a38
2f3937
303937
2f3939
2f3939
2f3939
2f3938
2e3835
2e3935
2e3835
2f3635
303636
2f3436
313638
303935
2f3a34
2f3b35
313a34
2f3632
121914
616662
ffffff
fbfcf7
edeee9
d9dad5
d8d9d4
edeee9
f0f1ec
f0f1ec
f0f1ec
f1f1ec
f1f1ec
f1f1ec
f1f1ec
f1f1ec
f1f1ec
f1f1ec
f0f1eb
f0f1ec
f0f1ec
f0f1ec
f0f1ec
f0f1ed
f0f1ed
f0f1ed
f0f1ed
f0f1ed
f0f1ed
f0f1ed
f0f1ed
f0f1ed
f0f1ed
f1f1ed
f1f1ee
f1f1ee
f1f1ee
f1f1ee
f1f1ee
f2f1ef
f0f0ed
f6f6f3
ffffff
d7d6d5
868684
646563
727271
d0d0ce
f5f5f3
fefefd
fffffe
fafaf8
f4f4f3
efefee
f0f0ef
ededeb
f6f6f4
e4e3e1
9a9b9a
717271
505150
3c3d3c
323432
2b2c2d
1b1b1b
171716
181819
171717
171718
171717
161617
171919
1a1e1c
222624
272b29
343836
606260
777878
babcba
edeee9
fffffb
f2f3ef
f1f2ed
f1f2ec
f0f1ec
eff0ea
eeefea
efefec
f4f5f1
fafaf6
fffffd
fffffd
f4f5f2
d2d3cf
8e908e
616462
aaafab
eef1ed
eff1ed
eef0ed
eff0ee
f0f0ee
f0f0ee
efefed
efefed
f0f0ee
f0f0ee
f0f0ee
f0f0ee
f0f0ee
f0f0ee
f0f0ee
f0f0ee
f0f0ed
f0f0ed
f0f0ee
f0f0ec
efefed
efefed
efefed
efefed
efefed
efefed
efefed
efefeb
f0efeb
f0efea
f0efea
f0efea
f0efea
f1f0eb
f2f1ec
f1edf2
efeeea
f3f6e9
f6ebe8
7c555e
65141d
c0493e
d84e33
d4472c
d84a2e
d84a2b
d64928
da4e2b
dd4e2e
e04b2e
de4c2c
d94f2b
df4f2d
dd502c
d14f22
da4d2b
da523d
8b3222
4c211e
4e3d32
473e30
4b392e
4a3a2f
453c2f
48392f
4d382d
4d3f30
473f2c
453c2a
514333
513e2e
543d2e
553d2c
59412e
563e2a
59412b
5d4630
59412c
5a432c
58432b
57412a
5a412f
5c4230
5e4332
5e4131
5d402f
5f402f
5f3f2f
5d412f
5c432f
5c432e
5b442e
5a442f
5a432f
59442f
59452e
59432b
59432c
58432d
59432d
58432d
594531
584330
54412d
533f2a
533f2b
533f2b
523d2b
503c2a
513c2b
503c2c
523d2b
523c2a
523c2a
523c2b
513b2c
543e2f
564031
523f2d
4b3e28
493b25
453722
463524
413220
423220
443223
41311f
3f2e1d
433122
3e2b1d
3f2b1f
422e26
3f2a23
443029
422e28
412c26
402d26
402c26
412d26
412e26
422e26
403025
3d3124
3e3225
3f3126
403126
3f3127
3d2c24
3f2e28
422d2c
313a37
2f3935
2e3734
2e3935
2f3a36
2d3b36
2c3b36
2e3935
2f3a36
2d3935
2c3834
2f3a36
2f3a36
2e3936
2e3a36
2e3935
2d3834
2e3835
2e3835
2e3834
2e3834
2e3834
2e3935
2e3a36
2e3a36
2e3a36
2e3a36
2e3935
2e3935
2e3a36
2e3935
2e3935
2e3935
2e3935
2e3935
2e3935
2e3835
2e3835
313837
323736
323836
323936
313934
303833
303933
2f3935
2f3939
2f3939
2f3939
2f3938
2e3838
2e3838
303a39
2e3834
2d3733
2e3734
2d3834
2e3936
2d3836
2c3837
2c3837
2c3932
2d3833
2e3735
2f3735
303635
303536
313535
303632
2f3833
2c3430
2d332f
313733
1c211d
787d79
c6c8c6
a5a6a2
7b7c77
6a6b66
a9aaa5
e7e8e3
f1f2ed
f2f3ee
f2f2ed
f2f1ed
f2f1ed
f2f1ed
f2f1ed
f2f1ed
f2f1ed
f2f1ed
f1f2ec
f1f2ec
f1f2ec
f1f2ed
f1f2ed
f1f1ef
f1f1ef
f1f1ef
f1f1ef
f1f1ef
f1f1ef
f1f1ef
f1f1ef
f1f1ef
f1f1ef
f1f1ed
f2f1ed
f2f1ed
f2f1ed
f2f1ed
f2f1ed
f1f0ec
f4f3ee
dedfdb
989994
60605c
979793
e4e5e1
fffffd
fdfef8
f3f3f1
f0f0f0
f1f1f0
f3f3f3
f3f3f3
f2f2f2
f2f2f2
f6f6f6
b5b7b4
333432
161715
111413
141817
191e1e
1b2120
1f2324
242529
25262b
26262b
242529
242529
26262b
27272c
27282b
27282a
242527
212224
1e1f21
17181a
111214
191b1b
393938
a0a09e
f1f1ef
f0f0ee
f2f2f0
f3f3f0
f3f3f0
f2f2ef
f2f2f0
f1f1ef
f0f0ee
eeeeec
ededeb
eeefee
f7f7f5
ffffff
f8f8f6
ecece9
efefed
efeeec
efefed
efefed
f0f0ee
f1f1ef
f1f1ef
f1f1ef
f1f1ef
f2f2ef
f1f1f0
f1f2ef
f1f2ee
f1f2ed
f1f2ed
f1f2ed
f0f2ec
f0f1ec
f0f1ec
eff0eb
f0f0ee
efefed
eeeeec
eeeeec
efefed
efefed
efefed
efeeec
efeeec
efeeec
efeeeb
efeeea
efeeea
efeeea
f0eeea
f0efed
f1efef
eceae9
f1eeeb
f7e4df
9e6d65
782219
b74739
d2523b
d14c32
d34a2b
d6502b
d5512b
dc502f
e14d33
e04b2c
dd4e2c
dd4f2e
e14e2c
e14825
df5032
cd563f
792819
5c372e
745b4d
655444
655846
5d5140
625241
695444
685040
695641
5c5239
695b45
6f5641
71503d
715741
6b5b40
78573f
7a553e
7b5a40
7a5c42
745c40
745f42
69583a
6d5b3c
715839
73583a
765b3c
785a3c
785a3c
78583b
78583b
75583c
74583c
74583c
74593b
74583c
77563c
77563c
77573b
775839
775739
77573b
76563c
74553e
735640
725540
755a42
70543c
70533a
73563e
72563c
72553d
72563d
72563d
725938
735939
735839
715739
6e5438
6e5438
6e5439
6d5437
695438
6a5639
6c5539
70573d
6b5138
6a4f36
70533a
6b513a
6a513b
6b503c
694e3b
6c513e
6d5342
684d3c
694f3e
694c3d
6e5040
6e513f
6d4f3d
6b4f3b
694e38
694c37
694d36
695037
674d36
624832
664a38
634737
644738
66493b
674f3a
303936
2e3734
2e3734
2e3935
2e3a36
2d3a36
2d3b36
2e3935
2a3531
2c3834
2e3934
2d3834
2e3834
2d3834
2d3834
2c3834
2c3834
2c3834
2c3834
2b3733
2b3733
2b3733
2c3733
2d3834
2d3833
2d3833
2d3833
2d3833
2d3833
2d3833
2e3733
303634
2f3633
2f3533
303634
303634
303634
303634
2d3833
2c3834
2d3934
2e3936
2c3836
2d3837
2d3936
2e3835
303833
313833
303733
2f3631
303732
313732
313833
303a31
303a30
2f3931
303a31
313932
313833
303833
2f3934
2c3b33
2d3a32
2e3a32
303a33
333a33
2c322b
333630
2e342e
303833
2e3531
252b27
242925
151916
191c19
4e504d
a7a8a5
e6e7e2
f4f5f0
f6f7f2
f1f2ed
f2f3ee
f1f2ed
f2f2ed
f2f1ed
f2f1ed
f2f1ed
f2f1ed
f2f1ed
f2f1ed
f2f1ed
f1f2ec
f1f2ec
f1f2ed
f1f2ed
f1f1ee
f1f1ef
f1f1ef
f1f1ef
f1f1ef
f1f1ef
f1f1ef
f1f1ef
f1f1ef
f1f1ef
f1f1ef
f1f1ed
f2f1ed
f2f1ed
f2f1ed
f2f1ed
f2f1ed
f1f0ec
f7f6f2
b2b3ae
949590
edeee9
ffffff
f6f7f2
edeee9
f1f2ed
f3f4f1
f3f3f3
f3f3f3
f3f3f3
f2f2f2
f2f2f2
f0f0f0
fbfbfb
51514f
0c0d0a
2f312e
2a2c2b
262a29
242829
222828
222728
242529
242428
242428
242529
242529
25262a
25262a
26272a
262729
252628
262729
28282a
2b2c2e
2c2d2f
2b2d2d
0b0b0a
3d3d3b
f2f2f1
f0f0ee
f3f3f1
f3f3f1
f3f3f1
f3f3f1
f3f3f1
f2f3f0
f2f2f0
f1f1ef
f1f1ef
f1f1ef
f0f0ee
ededec
eeefed
f1f1ef
efefed
f0f0ee
f0f0ee
f0f0ee
f1f1ef
f2f2f0
f2f2f0
f1f1f0
f2f2f0
f3f3f1
f2f2f1
f3f3f1
f1f2ee
f1f2ed
f1f2ed
f1f2ed
f2f3ee
f1f2ee
f1f2ed
f0f1ec
f0f0ee
efefed
eeeeec
eeeeec
efefed
efefed
efefed
efeeec
efeeec
efeeec
efeeea
efeeea
efeeea
efeeea
f0efea
f4edea
f3ebec
f0edef
e9eeea
ecf5ea
fcf4e6
a7887c
4c1105
96382d
d05e51
d85643
da553a
da5534
d6502f
d7502f
dc4f2e
dc4e2e
dd4e2c
e24b2a
e64a2d
e05543
a83f3b
5a171b
442923
503d34
4c4034
47402f
47412e
4a422f
4e422f
4d3e30
483b32
474033
453a2e
473429
4a352a
473428
403727
473327
4b3328
483428
473427
433225
433527
413526
433427
473627
463425
433223
473326
4a3427
493528
4b3529
483728
463626
453625
463725
463725
463626
443826
443725
463723
463624
483624
483525
483528
463428
473329
493629
493629
453325
493729
463426
463327
473426
463326
463523
463525
463526
463526
463426
453326
433226
413124
423428
423227
403125
433227
423025
443227
453228
453127
412e23
423025
453327
463328
443226
473428
473626
493827
4b3a27
4b3a26
4b3b26
4c3d27
4e3f28
50402a
57422c
5a432d
5a432e
594430
543f2d
513d2c
4e3c2c
4b3a2a
493f27
2f3835
2e3734
2e3835
303a36
303a36
303a36
2f3936
2f3935
2d3832
2c3731
2c3631
2b3530
2e3933
2d3732
2e3934
2e3a33
2d3933
2e3a33
2e3b34
2c3832
2b3731
2c3932
2c3832
2b3530
2c3630
2c3630
2d3731
2c3631
2c3631
2c3631
2c3731
2c3832
2d3832
2d3933
2c3731
2c3731
2c3832
2b3731
2a3a30
2a3b31
2a3a31
2c3a35
2d3a38
2d3939
2e3839
2d3938
2e3a37
2d3835
2f3a37
303c38
2e3a37
2e3936
2e3a36
2d3b34
2d3b34
2d3a34
2e3935
2f3936
2f3937
303938
2f3839
2e3839
2e3838
303939
323838
333736
313533
2f3130
2d3230
333a36
2a2f2b
121613
202320
656765
b8b8b6
fbfbf9
fffffc
f3f4ef
f1f2ed
f1f2ed
f1f2ed
f1f2ed
f2f3ee
f2f2ed
f2f1ed
f2f1ed
f2f1ed
f2f1ed
f2f1ed
f2f1ed
f2f1ed
f1f2ed
f1f2ed
f1f2ee
f1f1ef
f1f1f0
f1f1f1
f1f1f1
f1f1f1
f1f1ef
f1f1ef
f1f1ef
f1f1ef
f1f1ef
f1f1ef
f1f2f0
f1f1ed
f2f1ed
f2f1ed
f2f1ed
f2f1ed
f2f1ed
f2f1ed
f1f0ec
f8f8f4
fffffb
f6f7f2
f1f2ed
f4f5f0
f3f4f0
f3f4ef
f3f3f0
f2f2f1
f3f3f1
f3f3f1
f3f3f1
f3f3f1
f0f0ee
f7f7f5
a7a6a4
252523
141412
141413
131514
161819
1a1e1f
1c2021
212224
212224
222225
222325
212225
212224
212224
212224
212224
232426
212224
1e1f21
151618
161719
131414
363635
c7c7c5
f5f5f4
f3f4f1
f4f4f2
f4f4f2
f4f4f2
f4f4f2
f3f3f1
f3f3f1
f2f2f0
f1f1ef
f1f1ef
f1f1ef
f1f1ef
f1f1ef
f1f1ef
f0f0ee
f0f0ee
f0f0ee
f0f0ee
f1f2ef
f2f2ef
f2f2ef
f2f2ef
f2f3ef
f3f3f0
f2f3ef
f4f4f1
f3f3f0
f3f4f0
f3f4ef
f2f3ee
f2f3ee
f2f3ee
f1f2ee
f1f2ed
f1f2ed
f0f0ee
efefed
efefed
eeeeec
efefed
efefed
efefed
efeeec
efeeec
efeeec
efeeeb
efeeea
efeeea
f0efea
f0efe9
f1eee9
f2edea
f0eeec
ecf2ee
e6f3eb
e9efe6
fdf7ee
9f8b82
3c0e02
934337
ce5d4d
d6513b
db5134
db522f
db512d
dd4f2d
dd4e2c
da4d28
dc4e26
de532f
cc5a44
702927
3c1a21
31211e
30241c
373025
333021
363422
35331f
35331d
362f21
372b22
3f3028
423027
442f27
443127
413024
413224
3e2d23
3f2c24
443228
443229
453128
453128
463329
48352b
463428
453328
463327
473328
473026
473127
483228
473126
493227
4a3427
493527
473427
453426
443627
453728
433927
433828
453628
463528
453427
47332a
4a342c
4a342a
473428
473328
463127
473329
473229
473229
473228
453427
453427
453328
453328
412e25
412e24
46332a
412f27
3e2e25
3e2f25
402f26
3f2f25
423128
413027
403027
433129
44322a
423127
413024
402f22
402f21
41301f
423121
3f3020
3f3020
3e3020
3c2e1c
3b2b1b
3a2b19
392a18
3a2817
3d2817
392615
392818
342616
332817
322919
302718
332720
303b37
2f3a36
303936
323a37
343a38
333937
333837
333936
303a33
2e3832
2e3731
2d362f
2c3530
2c3630
2a342d
2c362f
2d3730
2b352e
2d3730
2d3730
2e3831
2c362f
2d362f
2f3932
2d3630
2f3832
2f3932
303933
303a33
303a33
2f3b33
2c3c33
2c3b32
2b3b32
2c3b32
2a3930
2d3d34
2b3931
2a382e
2b372e
2a352c
2a342c
2e332f
2e3430
303431
2c332f
26302c
252f2b
2a342f
28312d
242d2a
262f2b
252e2a
232f2a
222e29
242f2a
28312e
292e2e
292d2f
282b2e
2a2c2e
2a292b
2b2a2d
2a2a2d
2a2a2e
2c2e32
2c2d31
2b2c32
313536
1d221e
1a1f1b
626562
c4c5c3
fcfdfb
fcfcfa
f0f0ee
f0f0ec
f1f2ed
f1f2ed
f2f3ee
f2f3ee
f2f3ee
f2f4ee
f3f2ee
f2f1ed
f2f1ed
f2f1ed
f2f1ed
f2f1ed
f2f1ed
f1f2ed
f1f2ee
f1f1ee
f1f1ef
f1f1f0
f1f1f1
f1f1f2
f1f1f2
f1f1f1
f1f1ef
f1f1ef
f1f1ef
f1f1ef
f1f1ef
f1f1ef
f1f1ef
f1f1ed
f2f1ed
f2f1ed
f2f1ed
f2f1ed
f2f1ed
f2f1ed
f2f1ed
f1f2ed
f1f2ed
f2f3ee
f4f5f0
f5f6f1
f4f5f0
f3f4ef
f3f4ef
f2f2ef
f2f3ef
f2f3ef
f3f3ef
f3f4f0
f2f2ee
f0f0ec
fefdfb
dcdbda
999997
717171
666767
626365
444548
303134
2e3030
2c2e2e
2a2c2c
2a2b2b
292b2b
292a2a
282a2a
28292b
27292b
2b2c2f
2d2e30
424345
626364
848587
abadad
e0e1de
f8f8f6
f2f2f1
f4f4f2
f3f3f1
f3f3f1
f3f3f1
f3f3f1
f3f3f1
f3f3f1
f3f3f1
f3f3f1
f2f2f0
f2f2f0
f2f2f0
f2f2f0
f2f2f0
f1f1ef
f1f1ee
f1f1ef
f2f2f0
f2f2f1
f2f2ef
f1f2ed
f1f2ed
f2f3ee
f1f2ed
f1f2ed
eff0eb
f3f4ef
f3f4ef
f3f4ef
f3f4ef
f3f4ef
f2f3ee
f2f3ee
f1f2ed
f1f2ed
f0f0ee
f0f0ee
f0f0ee
efefed
efefed
efefed
efefed
efefed
efeeec
efeeec
f0efec
f0efeb
f0efeb
f0efea
eff0ea
ecf1ea
f0f0ea
f3eeeb
f1efec
edf1ec
f0efea
f6ebea
fdf2ec
8f8473
3c0d01
a04b39
cc5f49
c24b30
c3492a
c84b2b
d24629
d3472a
cb4a2a
cb4a2a
cf5435
a13e28
4b1107
2e1512
33251d
443830
50463c
4c4738
444030
474331
464531
45402e
4e3f2f
553b2f
5f4137
5b4234
534130
55402e
5a3f2f
594131
584230
5b4331
5d4433
5c4131
5f4232
5d4031
5b3f2e
59402c
59402c
5b412d
5e432f
5f4230
604230
604331
644432
644231
62402f
61412f
624331
614230
5f412f
5e412f
5d4530
5c4531
5c4330
5d4430
5d4531
5e4332
5e4232
5e4231
5d4130
5e402f
5e412f
5e412f
5f412f
5f4130
5e422f
5c422c
5b432c
5a432d
5b432e
5c4330
5c4330
59402d
59402d
5a412d
5a412d
59412d
58402c
56402c
56412c
57412d
57422e
58432f
58442f
58442d
57432c
57432b
564029
56412a
54402d
54402d
533f2f
523f2f
554031
533e31
513d2e
4f3b2e
534133
4c3a2b
4b3a2b
493a2b
483b2b
473b2b
463c2c
4a3b29
212b27
212a26
222927
232b26
242927
252826
262826
242824
232a22
242a23
252c24
252c24
262b25
262c24
272d26
232821
222821
242a23
212821
232821
242821
232821
222721
222721
212720
212720
222822
242a23
232a23
232a23
232922
242821
242822
252922
252922
252923
232721
232620
24291f
252a1f
2e3027
2d2d24
2e2b22
312c23
312c22
342f24
353126
373227
3a352b
363227
3b362b
3c372c
3b372c
38372a
38362a
3a362b
3d362e
3d352e
3e342f
3e322e
41342e
42352c
3d332a
39322a
3b3631
32302d
323431
262a2c
0f1313
3f433f
bcbdbb
fcfdfb
f8f9f7
efefed
efefed
f2f1ef
f3f4ef
f3f4ef
f3f4ef
f3f4ee
f2f3ee
f2f3ee
f2f3ee
f2f2ed
f2f1ed
f2f1ed
f2f1ed
f2f1ed
f2f1ed
f2f1ed
f2f1ed
f1f1ee
f1f1f0
f1f1f0
f1f1f1
f1f1f1
f1f1f3
f1f1f3
f1f1f2
f1f1f0
f1f1ef
f1f1ef
f1f1ef
f1f1ef
f0f0ee
eeeeec
f1f0ed
f3f1ed
f2f1ed
f2f1ed
f2f1ed
f2f1ed
f2f1ed
f2f1ed
f2f3ee
f3f4ef
f3f4ef
f3f4ef
f3f4ef
f3f4ef
f3f4ef
f3f3ee
f2f3ee
f2f3ee
f2f3ee
f2f3ee
f2f3ee
f2f3ee
f2f4ee
ededea
f7f6f4
fefefc
fffefe
fefefe
fcfdff
eff0f2
e8e9ea
e4e6e5
d9dbda
d6d8d7
d7d9d8
d8d9d8
d7d9d8
d6d8d7
d8d9da
d8d9dc
d8d9dc
e1e2e3
eeeef0
ffffff
ffffff
fdffff
f5f5f3
f0f0ee
f2f2f0
f3f3f1
f3f3f1
f3f3f1
f3f3f1
f3f3f1
f3f3f1
f3f3f1
f3f3f1
f3f3f1
f3f3f1
f3f3f1
f3f3f1
f3f3f2
f3f3f1
f2f2f1
f2f1f0
f2f2f0
f2f2f0
f3f3f1
f3f4f0
f2f3ed
f3f4ee
f3f4ee
f2f3ed
f2f3ed
fefff9
f3f4ee
eff0eb
f4f5f0
f3f4ef
f3f4ef
f3f4ef
f3f4ef
f2f3ee
f2f3ee
f0f0ee
f0f0ee
f0f0ed
efefed
efefed
efefed
efefed
efefed
efeeec
efeeec
f0efec
f0efeb
f0efeb
f0efea
eff0ea
edf1ea
f1efe9
f6edea
f4eeea
eff0e9
f0f3eb
f1efeb
f5f0ed
f8f1eb
7e5f57
481105
9b5643
853d25
ae664d
cb8068
dc8c71
d78f70
d29378
cc8a72
e09982
d49781
9b7867
716152
665747
534437
48392c
433627
4d4333
4d4636
494331
4b4734
4f4332
593d32
5b3d33
553f2f
4f422f
4e3c29
573c2c
5a412c
573f29
5a402b
5b3f2b
5b402b
5d412d
5d412c
5c402d
5b402f
593f2d
5a3f2e
5d4030
5e4131
5f4131
614032
5d412c
5b432a
5c422b
5b412a
5b412a
5d412a
5d402b
5f402b
60402c
5e3f2b
5d3e29
5c3e29
5d412b
5c402a
5c402b
5c402a
5d3e29
5c3d28
5b3c27
5d3e27
5e3f28
5e3f29
5d3f29
593f2a
5a3e2c
593e2c
593e2e
5a3f2f
5b3f30
5a3e2f
5b3f2f
593d2c
593d2c
593d2c
563d2c
553e2b
553f2c
563f2d
554229
544427
534327
534228
524127
514027
534129
52422a
53422b
54422b
53422c
53412e
534130
524030
503e2e
544032
533f32
523e30
4c382a
4e3b2c
4d3a2b
4c382a
4a3728
4a3a2b
52483f
53483f
54493e
564b3f
584b40
5c4d41
5c4c3f
594c3c
584e3d
594f3d
5b513f
5e5443
5f5644
665b4a
655b4b
5d5746
5b5442
5d5543
5f5544
635445
635244
645144
635449
5b5447
5f564a
5d5246
5c5144
605345
5e5042
5f5141
5f5140
605142
615344
635444
645646
605242
5f5141
655646
6b5849
6b5849
705d4d
705b4c
6f5b4a
715d4c
75604e
76614e
7c6553
7a6451
796451
7d6a57
7b6854
796653
7a6754
786351
7a6553
796453
765e4f
765f4f
786151
785f50
7c6355
776151
736050
6e5d4f
706358
726b63
45423d
12120e
6a6b68
eeeeea
fefefb
eeeeeb
efefec
f1f0ee
f2f1ef
f3f3ef
f3f3f0
f3f3f0
f3f3f0
f3f3f0
f2f2ee
f2f2ee
f2f2ee
f2f1ed
f2f1ed
f2f1ed
f2f1ed
f2f1ed
f2f1ed
f2f1ed
f2f1ed
f2f1ee
f2f0f0
f2f0f0
f2f0f0
f2f0f0
f2f0f1
f2f0f2
f2f0f2
f2f0f3
f2f0f1
f2f0f0
f2f1ee
f3f2ef
f2f2ed
f0f1ea
f2f1ec
f4f0ed
f5f1ee
f3f1ed
f2f1ed
f3f2ee
f3f2ee
f3f2ee
f3f2ee
f3f3ee
f3f3ee
f3f3ee
f2f2ee
f3f3ee
f3f2ee
f3f3ee
f3f4ef
f3f4ef
f3f4ef
f2f3ee
f3f4ef
f3f4ef
f2f4ef
f2f2ef
f0efed
efefed
efeeed
f1f1f0
f0f0f0
f4f4f5
f6f6f6
f8f8f7
f8f8f7
f9f9f8
f9f9f8
f9f9f8
f9f9f8
f8f8f8
f9f9f8
fafafa
f9f9f9
f7f7f7
f3f3f3
f0f0f0
f0f0f0
f0f0f0
f1f2ef
f3f3f1
f2f2f0
f2f2f0
f3f3f1
f3f3f1
f3f3f1
f3f3f1
f3f3f1
f3f3f1
f3f3f1
f3f3f1
f3f3f1
f3f3f1
f3f3f0
f3f4ef
f3f4f0
f3f3f0
f3f3f0
f3f3f1
f3f3f2
f3f3f2
f3f3f1
f3f4ee
f2f3ee
f2f3ee
f4f5f0
fcfdf8
94958f
b4b5b0
f9faf5
f2f3ee
f3f4ef
f3f4ef
f3f4ef
f3f4ef
f3f4ef
f2f3ee
f1f1ef
f1f1ef
f0f0ee
f0f0ee
f0f0ee
f0f0ee
eff0ee
efefed
efeeec
efeeec
efeeec
efeeec
f0efec
f0efec
f0f0ec
eef1ea
f0f0ea
f2efeb
f0f0e9
eff0e9
eef1ea
eef0eb
efede9
f8eeed
faebe8
8b736e
61473f
a68c81
d4bbae
ecd3c6
f9e5d6
f8eadb
f8ede0
f7eadd
f7e6d8
fae8d9
f8efde
ede8d8
e7d6ca
d8c5b8
b09f8e
5c4c38
41321e
3b2e1d
463a2c
4c4234
49392c
513c30
543d31
523f2f
51412f
51402c
553f2c
59432e
57422c
57402b
563e2a
563d29
573e2a
583e2b
573e2a
543f27
563f28
584029
583e28
563c26
563b25
593d27
573f29
543f28
554029
56402a
564029
573e29
573f2a
583e2a
5b3d2b
5c3e2c
5c3e2b
5b3e2a
593e29
583e29
583f2a
593d28
5b3d28
5a3e29
5a3e2a
5b3d29
5b3d2a
5b3d2b
5a3d2b
563e27
553e26
553e26
553e26
543d25
553d26
543c26
553d27
533b25
533b25
523c25
513c25
513c25
513c25
523c26
523e27
504027
514027
513f28
524129
53412c
514029
52402a
503e25
503e26
4f3e26
513f29
523f2c
503d2d
4f3d2b
533e2e
50382c
50392d
50392c
4e3a2b
4c392b
4b392b
4a392a
4a3a2b
7c6457
7d6456
7c6453
7e6552
7e634e
7f624c
81654e
826850
7f684f
806950
7d654d
7e664e
7e664e
7a634a
7e654e
7d6951
79654c
7b644c
7e654d
7e614c
81614d
84634e
826453
836c5e
7c6556
7d6554
7d6350
7e614d
846650
856550
846751
826851
81674f
7f654e
7f654e
80664f
7f664f
7f654d
82614d
83624d
80604b
83634e
82644e
7e624b
7e624c
81634e
7d5e4a
83624e
7f604c
7c604a
7c614c
7d634d
7a5f4a
7c604d
7a5e4b
7b5f4c
7b5f4c
795e4b
795f4b
795e4b
775b49
7a5e4a
775e4b
766152
78695c
473d35
1c1510
a19f9c
fcfcf9
f1f0ec
efeeea
f2f1ed
f4f3ee
f3f2ee
f3f2ee
f4f1ee
f2f1ef
f2f1ef
f2f1ef
f2f1ef
f2f1ef
f2f1ef
f2f1ef
f2f1ee
f2f1ed
f2f1ed
f2f1ed
f2f1ed
f2f1ed
f2f1ed
f2f1ed
f2f1ee
f2f1ef
f2f1ef
f2f1ef
f2f1ef
f2f1ef
f2f1ee
f2f0f0
f2eff4
f2f0f3
f2f0f0
f3f2ee
f2f1ed
dbdad4
e9eae1
f7f6f1
f3f1ee
f2f1ed
f3f2ee
f3f2ee
f3f2ee
f3f2ee
f3f2ee
f3f2ee
f4f2ee
f3f2ee
f3f2ee
f3f2ee
f3f2ee
f3f2ee
f3f3ee
f3f4ef
f3f4ef
f3f4ef
f3f4ef
f3f4ef
f3f4ef
f3f4ef
f3f4f0
f3f3f1
f3f3f1
f3f3f1
f3f3f1
f3f3f1
f3f2f0
f2f2f0
f2f2f0
f2f2f0
f2f2ef
f2f2ef
f2f2f0
f2f2f0
f2f2f0
f2f2f0
f1f1ef
f2f2ef
f2f2f0
f3f3f0
f3f3f1
f3f3f1
f3f3f1
f3f3f1
f3f3f1
f3f3f1
f3f3f1
f3f3f1
f3f3f1
f3f3f1
f3f3f1
f3f3f1
f3f3f1
f3f3f1
f3f3f1
f3f3f1
f3f3f1
f3f3f0
f3f4ee
f3f4ee
f3f4ee
f3f4ef
f3f3f1
f3f3f2
f3f3f3
f3f3f1
f3f4ee
f3f4ef
f3f4ef
f4f5f0
7e7f7a
444540
cfd0cb
f9f9f5
f1f2ed
f3f4ef
f3f4ef
f3f4ef
f3f4ef
f3f4ee
f2f3ee
f1f1ef
f1f1ef
f0f0ee
f0f0ee
f0f0ee
f0f0ee
f0f0ee
efefed
efeeec
efeeec
efeeec
efeeec
efeeec
f0efed
f0f0ed
eef1ea
eef1ea
eef1ea
eff0ea
eff0ea
f0efea
f0efe9
f2f0eb
f6eeec
f6efec
eae2e0
c5bdba
d4ccc7
f0e7e2
f2e9e3
efe8e5
efe9e8
f0e9e6
f1e9e5
f0e9e2
efe8e0
efe9dd
f1eae1
f5e8e5
f6e8e1
efe2d3
d9cdb7
b7aa94
827563
504236
433328
4c3a2e
4d3b2e
503f2f
524030
523e2b
54402c
55402b
543f2a
543f2a
55402b
57412c
59402c
583f2b
583e2a
573e2a
56412c
57412c
59402c
5a402c
5c402d
5c412e
5a3e2b
583e2b
59402d
59412d
5a412d
59402c
59402c
59402c
593f2c
5b3f2d
5c3f2d
5b3e2c
5a3f2d
5a402d
5a402d
5a412c
59402c
584029
583f29
58402b
58402c
583f2d
583f2e
58402d
58412d
58412d
57412d
56412c
55402b
543f2b
543f29
533e2b
533d2b
533d2a
533d2b
523d2a
523d2a
523d2a
523d2a
553f2b
54402b
533e2a
533e29
533e28
533e29
543e29
533d28
513c26
513c26
513c26
503c27
513c29
513b2b
513c2b
503a2b
51382d
513a2d
4f3b2d
4b392b
4a392b
473b2b
483a2b
493a2b
7a6252
7c6351
7b6450
7e644f
7e624e
80654f
806650
7f634d
80634d
80634e
80634d
7e614b
7f614d
7e614c
80624c
7f604c
7f604c
7e5f4b
80614d
7e5f4b
7f5f4c
7e604c
7e5f4e
7c6053
7a5d4d
7b5f4d
7d5e4c
81604d
805f4b
815f4b
81624e
82634e
82634e
82634d
7f614c
7f614b
81614c
84644e
83644f
7e5f4a
7f604b
81634d
7d614b
7b614a
7b614a
7d614c
7c5c49
7c5c49
7e604c
7d5e4a
7c5e4a
7a5e49
7d614d
785e4a
785e4b
785d4a
775d4a
7a5f4c
795f4b
785d4a
775b47
785840
765a44
7c6655
47392e
1f1610
b4afab
fffffd
eceae7
efeeea
f2f1ed
f2f0ec
f2f1ed
f3f2ee
f3f2ee
f3f2ee
f2f1ef
f2f1ef
f2f1ef
f2f1ef
f2f1ef
f2f1ef
f2f1ef
f2f1ee
f2f1ed
f2f1ed
f2f1ed
f2f1ed
f2f1ed
f2f1ed
f2f1ed
f2f1ee
f2f1ef
f2f1ef
f2f1ef
f2f1ef
f2f1ef
f2f1ef
f2f0f0
f2f0f3
f2f0f1
f2f1ef
f2f1ed
f4f3ee
d6d6d1
9c9b96
e9e8e4
f6f5f2
f3f3ee
f3f2ee
f3f3ee
f3f2ee
f3f2ee
f3f2ee
f3f2ee
f3f2ee
f3f2ee
f3f2ee
f3f2ee
f3f2ee
f3f2ee
f3f3ee
f3f4ef
f3f4ef
f3f4ef
f3f4ef
f3f4ef
f3f4ef
f3f4ef
f3f3f0
f3f3f1
f3f3f1
f3f3f1
f3f3f1
f3f3f1
f3f3f1
f3f3f1
f3f3f1
f3f3f1
f3f3f1
f3f3f1
f3f3f1
f3f3f1
f3f3f1
f3f3f1
f3f3f1
f3f3f1
f3f3f1
f3f3f1
f3f3f1
f3f3f1
f3f3f1
f3f3f1
f3f3f1
f3f3f1
f3f3f1
f3f3f1
f3f3f1
f3f3f1
f3f3f1
f3f3f1
f3f3f1
f3f3f1
f3f3f1
f3f3f1
f3f3f1
f3f3f0
f3f4ef
f3f4ee
f3f4ee
f3f4ef
f3f4ef
f3f3f1
f3f4f2
f3f4ef
f4f5ef
f2f3ee
f9faf5
676863
383934
edeee9
f3f4ef
f1f2ed
f3f4ef
f3f4ef
f3f4ef
f3f4ef
f3f4ef
f3f4ee
f2f3ee
f1f1ef
f1f1ef
f0f0ee
f0f0ee
f0f0ee
f0f0ee
f0f0ee
efefed
efeeec
efeeec
efeeec
efeeec
efeeec
f0efed
f1f0ed
eef1ea
eff0ea
eff0ea
eff0e9
f0efea
f0efea
f1efea
f3eeea
f9f0ef
e3dbd9
c5bdba
ded6d2
efe8e3
f1e9e4
f1eae4
efeae5
efe9e6
efeae6
efe9e5
eee9e2
eee9e1
eee9e0
ede8e2
ece7e6
ede9e4
ede7dd
f0e9db
eee5d7
e8dace
c9bab1
7c6e62
473628
4b392b
503f2f
4f3e2d
503d2b
513f2c
533e2c
513d29
523e2a
55402d
56402d
553e2c
573e2d
583e2d
563e2b
543e29
543d29
563e29
553d29
573c29
573d29
573c29
563c28
563d29
58402b
5a412d
5a412d
5a412d
5a412d
5a402d
5b3f2c
5b3e2c
593d2a
583e2a
583f2b
573f2a
573f2a
56412a
554029
55402a
553f2b
55402d
553f2d
54402f
553f2d
573d2c
583d2c
553d2c
533e2a
523f29
503e2a
4e3e28
4e3e29
513c2a
513c2a
523c2a
513c2b
513c2b
513c2b
513c2b
543d2b
553e2b
563f2c
563f2d
553e2c
553e2c
553e2d
543e2c
503d29
4f3d29
4f3d2a
4f3c2a
503c2b
503c2b
4f3c2c
503c2d
513c2f
4f3a2d
4c392b
4a382a
49392a
49392a
473a2a
49392a
7a604e
7b604d
7a604c
7d624d
7a5e4a
7d5f4a
81654f
7d604a
7f5f4a
80614b
81614c
80604b
7f5f4a
80604b
81624c
825f4b
835e4c
835f4c
825f4c
82604d
81604c
7f5f4b
7f5f4c
7e5d4c
7f5d4c
7f5d4b
815e4c
7f5c48
805d49
805c49
815e4a
825f4b
825f4b
83604c
825f4b
86634f
85624e
84624d
82634e
7e5f4a
80634d
836650
7f644d
7e644d
785f47
7a604a
7d604c
7b5d4a
7b5e49
7e614c
7d5f4a
795b47
7b5e49
765b49
775f4b
755d49
775f4b
765d49
755d48
735b47
785d48
7a5d45
785e4a
746153
352a23
a29c98
fffcf8
f3efec
f2eeea
f4f3ef
f2f2ed
f2f0ec
f2f1ed
f3f2ee
f3f2ee
f3f2ee
f2f1ef
f2f1ef
f2f1ef
f2f1ef
f2f1ef
f2f1ef
f2f1ef
f2f1ee
f2f1ed
f2f1ed
f2f1ed
f2f1ed
f2f1ed
f2f1ed
f2f1ed
f2f1ee
f2f1ef
f2f1ef
f2f1ef
f2f1ef
f2f1ef
f2f1ef
f2f1ef
f2f1f0
f2f1ef
f2f1ef
f2f1ee
f3f3ef
f9f9f5
a7a6a1
5f615c
f8faf7
f1f4ee
f1f3ee
f2f3ee
f3f2ee
f3f2ee
f4f2ee
f3f2ee
f3f2ee
f3f2ee
f3f2ee
f3f2ee
f3f2ee
f3f2ee
f3f3ee
f3f4ef
f3f4ef
f3f4ef
f3f4ef
f3f4ef
f3f4ef
f3f4ef
f3f3f0
f3f3f1
f3f3f1
f3f3f1
f4f4f2
f4f4f1
f3f3f1
f3f3f1
f2f2f0
f2f2f0
f2f2f0
f2f2f0
f2f2f0
f2f2f0
f2f2f0
f3f3f1
f4f5f1
f4f4f1
f4f4f1
f3f4f0
f3f4f0
f3f4f0
f3f4f0
f3f4f0
f3f4f0
f3f4f0
f3f4f0
f3f4f0
f3f4f0
f3f4f0
f3f4f0
f3f4f0
f3f4f0
f3f4f0
f3f4f0
f3f4f0
f3f4f0
f3f4f0
f3f4ef
f3f4ef
f3f4ee
f3f4ee
f3f4ef
f3f4ef
f3f4ef
f3f4f0
f2f3ee
fbfcf7
9c9d98
1b1c17
c8c9c4
f7f8f3
f0f1ec
f3f3ef
f3f4ef
f3f4ef
f3f4ef
f3f4ef
f3f4ef
f3f4ee
f2f3ee
f1f1ef
f1f1ef
f0f0ee
f0f0ee
f0f0ee
f0f0ee
f0f0ee
f0efed
f0efed
f0efed
f0efed
f0efed
f0efec
efeeec
efefec
efefeb
f0efea
f0efea
f0efea
f0efea
f3efea
f4f0eb
f3eee9
e4dad7
cec6c1
e1dad4
f1eae6
f1ece8
f0ebe7
edeae5
f0ebe8
f0ece8
f0ece8
f0ece8
eeeae6
eeeae5
eeebe5
edebe5
ebe9e9
ebe9e6
eceae3
efe9e1
ede5dd
ece3db
f4e6e1
d2c4b9
716251
4f4030
4d3d2d
4f3e2d
4f3d2c
4f3d2d
503d2c
4f3d2a
4f3d2a
513c2b
523d2b
543d2c
553e2e
543c2b
563e2c
543e29
533e29
533e28
533d27
543c28
563d29
573d2a
573d2a
573d29
583e2b
583e2b
573e2a
573e2a
563d29
573d29
583c29
583d2a
573d29
563c29
563e29
553f2a
543f2a
553d28
563b28
573b29
553a29
553a2c
553a2c
563a2d
56392c
573b2c
563c2c
553d2c
533f2c
4f3e2b
4f3f2c
4e402b
4e3f2c
503b2b
503c2c
503c2b
523e2d
513d2c
503b2a
4f3c2b
503b2c
523b2c
523c2d
513c2c
513b2c
523a2c
503a2b
4f3b2c
4e3c2c
4e3c2c
4e3b2b
4d3b2b
4c3a28
4c3b29
4c3a28
4d3b2c
4e3c2d
4d3b2d
4d3a2d
4a392b
49382a
493829
49392b
49392a
7a5f4a
7a5f4b
795d48
7b5f49
7b5f49
7e5e49
80614c
7e5f4b
7e5f4a
7f5f4a
80604b
7e5f4a
7e5e49
80604b
81604c
81604b
825f4b
825f4b
825f4b
83604c
81604c
80604b
825f4b
815e4b
815e4c
82604c
815f4b
815f4b
815f4b
825f4b
825f4b
825f4b
83604c
83604c
83604c
825f4b
815e4b
81604b
7f624c
7a5e48
7a5f49
785e48
745a43
775f47
755e45
745d46
725b44
745c46
775e47
755b46
7a604b
7c604b
765a46
775e4a
715b47
765f4b
705a45
6e5842
78624d
755f49
78614d
786151
4f3d30
29201a
a29d9c
fefbf8
ebe7e4
f5eeea
f5f0ec
f2f1ed
f3f2ee
f3f2ee
f3f2ee
f3f2ee
f3f2ee
f3f2ee
f2f1ef
f2f1ef
f2f1ef
f2f1ef
f2f1ef
f2f1ef
f2f1ef
f2f1ef
f2f1ed
f2f1ed
f2f1ed
f2f1ed
f2f1ed
f2f1ed
f2f1ed
f2f1ee
f2f1ef
f2f1ef
f2f1ef
f2f1ef
f2f1ef
f2f1ef
f2f1ee
f2f1ed
f2f1ed
f2f1ed
f4f3ee
f4f3ef
f2f1ee
fbfaf7
484c46
8d938c
f7fbf6
ecf0eb
f2f3ee
f4f2ee
f4f1ee
f5f1ee
f3f2ee
f3f2ee
f3f2ee
f3f2ee
f3f2ee
f3f2ee
f3f2ee
f3f3ee
f3f4ef
f3f4ef
f3f4ef
f3f4ef
f3f4ef
f3f4ef
f3f4ef
f3f4f0
f3f3f0
f3f3f1
f3f3f1
f3f3f1
f3f3f1
f4f4f2
f4f4f2
f3f3f1
f3f3f1
f3f3f2
f3f3f1
f3f3f2
f3f3f2
f3f3f1
f3f4f1
f4f5f0
f4f5f0
f4f5f0
f3f4ef
f3f4ef
f3f4ef
f3f4ef
f3f4ef
f3f4ef
f3f4ef
f3f4ef
f3f4ef
f3f4ef
f3f4ef
f3f4ef
f3f4ef
f3f4ef
f3f4ef
f3f4ef
f3f4ef
f3f4ef
f3f4ef
f3f4ef
f3f4ef
f3f4ee
f3f4ee
f3f4ec
f3f4ec
f3f4eb
f3f3ed
eff0eb
fefefd
6f706b
5a5b56
f8f9f4
f0f1ec
f2f3ee
f2f3ee
f3f4ef
f3f4ef
f3f4ef
f3f4ef
f3f4ef
f3f4ee
f2f3ee
f1f1ef
f1f1ef
f0f0ee
f0f0ee
f0f0ee
f0f0ee
f0f0ee
f0efed
f0efed
f0efed
f0efed
f0efed
efefec
efeeec
efeeeb
f0efea
f0efea
f0efea
f2efea
f3f0ea
f4efeb
f7f2ee
e5dfda
cec5bf
dfd7d1
f2ece6
f2eee9
f2f0ea
f0efea
eeede9
efede9
f0ede8
f0ede8
f0ede8
eeeae7
eeeae7
eeeae7
eeebe6
efe9e4
edeae4
efe8e4
f0e8e4
f1eae5
f3eae7
f0e6e4
efe4da
d8cbb9
655847
433524
4d3c2c
4b3a2a
4d3c2c
4d3c2b
4e3c2b
4e3b2a
4e3a29
4e3b2a
54402f
523d2c
594332
543f2c
503e28
523f28
523e29
533f2a
543f2a
543d29
543d29
563d29
573e2a
573e2a
583f2b
593f2b
583e2b
583e2a
583e2a
583e29
583e2a
583e2a
563e2a
553f2a
553f2a
533f2a
553f2b
573c2b
573c2b
553b2a
573c2e
583c30
573c30
583c31
533d2c
533e2d
523f2e
513f2e
503f2e
4f3e2d
503f2d
503e2e
503e2e
4e3c2b
4d3a2a
4d3b2b
4c3a2a
4b3a2a
4c3b2b
4d3a2b
4e3b2d
4e3a2d
4c392b
4c382b
4d382b
4d392b
4c392b
4c3c2d
4b3c2d
4b3b2b
4b3a2a
4b3a27
4b3a28
4a3a26
4b3c2a
4c3b2e
493a2b
4a392a
49392a
49392a
49392a
49392a
49392a
7e634c
7d634c
7c624b
7e624c
7e614b
80614d
81614e
80614d
7e5f4a
7f604b
80614c
7e5f4a
7d5e4a
7f604a
80604d
7f604b
7f614a
80614a
80604a
81614b
81604b
825f4a
825f4a
805f4a
805f4a
81604b
81604b
81604b
80604b
805f4c
805f4b
7f5f4a
7f5f4b
80604b
80604b
82614d
82614c
81614c
7d614c
7c604b
7d614b
795f48
796149
735a43
745c44
745d46
725f47
725f47
735d46
735d46
735d46
7a5f4a
775c47
765e48
745d48
735c47
6c5541
6c5543
7f6855
745d4b
796553
665a4b
191109
4b4945
edeeed
edeeed
f1edeb
f3ede8
f2edea
f1f1ed
f3f2ef
f4f3ef
f3f2ef
f3f2ef
f3f2ef
f3f2ef
f2f1ef
f2f1ef
f2f1ef
f2f1ef
f2f1ef
f2f1ef
f2f1ef
f2f1ef
f2f1ee
f2f1ee
f2f1ed
f2f1ed
f2f1ed
f2f1ed
f2f1ed
f2f1ee
f2f1ee
f2f1ee
f2f1ee
f2f1ee
f2f1ee
f2f1ee
f2f1ee
f2f1ed
f2f1ed
f2f1ed
f3f2ee
f4f3f1
f0efee
f9f8f7
919591
414740
f1f5ef
edf1eb
f0f1ec
f3f2ed
f4f1ee
f4f2ee
f3f2ee
f3f3ef
f3f2ee
f3f2ee
f3f2ee
f3f2ee
f3f2ee
f3f3ee
f3f4ef
f3f4ef
f3f4ef
f3f4ef
f3f4ef
f3f4ef
f3f3f0
f3f3f2
f3f3f2
f3f3f2
f3f3f2
f2f2f0
f3f3f0
f4f4f2
f5f5f2
f5f5f2
f5f5f2
f5f5f2
f5f5f2
f5f5f2
f5f5f2
f5f5f2
f4f5f0
f4f5ef
f4f5ef
f4f5ef
f3f4ee
f3f4ee
f3f4ee
f3f4ee
f3f4ee
f3f4ee
f3f4ee
f3f4ee
f3f4ee
f3f4ee
f3f4ef
f4f5ef
f3f4ef
f3f4ee
f3f4ee
f3f4ee
f3f4ee
f3f4ee
f3f4ee
f2f3ef
f1f2ee
eff0ea
eff0ea
f1f2eb
f2f3eb
f2f3e9
f3f4ec
f3f4ef
ffffff
72736e
73746f
f4f5f0
f2f3ee
f2f3ee
f3f4ef
f3f4ef
f3f4ef
f3f4ef
f3f4ef
f3f4ef
f3f4ee
f2f3ee
f1f1ef
f1f1ef
f0f0ee
f0f0ee
f0f0ee
f0f0ee
f0f0ee
f0efed
efefed
f0efed
f0efed
f0efed
efefec
f0eeec
f0efec
f0efea
f0efea
f1efea
f1efea
f3f0ec
f3edea
f2ebe9
d9d2cd
d1c8c0
f0e8e1
f1ece6
f2eeea
f2eeea
efeeea
edeee9
eeede8
f0ede8
efede8
f0ece9
eeebe7
efeae7
eeebe7
eeebe6
f2e9e1
f0e9e2
f1e8e3
f1e8e6
f0e8e5
f0e8e6
f1e9e6
efe5da
c8bdab
5f5341
423525
483a2a
463728
49392b
4b3b2d
4a3a2a
4b3a29
4b3c2a
4e3b2a
4d3b2b
4e3b2b
4c3727
4c3927
4c3b25
4d3b26
4d3a26
4f3a25
503927
503925
513926
533927
533928
543928
543b29
523a27
513927
503826
4f3825
503925
503925
4f3a25
4e3a25
4f3a25
4e3a25
4e3a25
493825
4a3926
493825
4b3c2a
483827
473827
473727
473828
473a27
483b28
4a3b2a
4a3b2a
493a29
4a3a28
4a3929
493828
4a3829
4d3c2c
4a392a
4a392a
4a392a
493829
4b3a2b
4a382a
4a382b
493729
473528
473528
453426
473528
49382b
463528
473628
483728
483827
483727
473825
483824
463826
443726
443627
443626
453426
473527
473528
453426
463527
7e644b
7e644b
7e644c
7e624c
7d614b
7d5f4b
7f5f4c
82634f
7f6149
7d5f47
7f6149
7f614a
7e6049
7f6149
7e6049
7f604c
80614c
80614c
80614c
80614c
80614c
80624c
81614c
825f4b
825f4b
825f4b
825f4b
825f4b
815f4b
825f4c
815f4c
80604b
80604b
80604b
80604b
81614c
80604b
81614c
82634e
81614d
80614c
7f624c
7d614b
785c46
795d46
765c46
755c46
755d47
785e49
7a614b
7c624c
795e49
785d48
765d47
775e49
775e4a
69523f
664f41
7d675a
70584d
746456
575947
17180d
bcbdb4
fbfbf7
eceae9
f1eceb
f4efed
f2eeed
f0efed
f1f0ef
f3f2f0
f2f1ef
f2f1ef
f2f1ef
f2f1ef
f2f1ef
f2f1ef
f2f1ef
f2f1ef
f2f1ef
f2f1ef
f2f1ef
f2f1ef
f2f1ef
f2f1ef
f2f1ee
f2f1ed
f2f1ed
f2f1ec
f2f1ec
f2f1ed
f2f1ed
f2f1ed
f2f1ed
f2f1ed
f2f1ed
f2f1ed
f2f1ec
f2f1ec
f2f1ec
f2f1ed
f2f1ee
f3f2f2
f1eff1
faf9fa
c8c8c7
42423f
f2f3ee
ffffff
fbfcf7
f7f8f3
f3f4ef
f2f3ee
f2f2ed
eff0eb
f0f1ec
f2f2ed
f1f2ed
f2f3ee
f2f3ee
f3f4ef
f3f4ef
f3f4ef
f3f4ef
f3f4ef
f3f4ef
f3f4ef
f3f4ef
f3f3f3
f3f3f3
f3f3f3
f3f3f3
f3f3f1
f3f4f0
f3f4f0
f3f4f0
f4f5ef
f4f5ef
f4f5ef
f4f5ef
f4f5ef
f4f5ef
f4f5ef
f3f4ef
f3f4ef
f3f4ef
f3f4ef
f3f4ef
f3f4ef
f3f4ef
f3f4ef
f3f4ef
f3f4ef
f3f4ef
f2f3ee
f3f4ef
f2f3ee
f0f1ec
f1f2ee
f1f2ed
eff0eb
f3f4ee
eff0eb
f1f2ed
f0f1ec
f2f3ee
f5f6f1
fcfdf9
fffffe
ffffff
ffffff
fefefc
f9faf6
f5f6f1
e1e1dd
dfdfdb
494945
7e7f7a
f8f9f4
eff0eb
f1f2ed
f2f3ee
f3f4ef
f3f4ef
f3f4ef
f3f4ef
f3f4ef
f3f4ef
f3f4ef
f3f3f1
f2f2f0
f1f1ef
f1f1ef
f1f1ef
f0f1ee
f0f0ee
f0f1ee
eff1ee
eff1ee
eff0ee
f1f0ee
f1f0ee
f2f0ee
f2f1ef
efefeb
eff0eb
eff0eb
f0f1ec
f0f0eb
f5efec
ede1e1
d3c9c7
d9d4cc
f0ebe5
f1eee8
f1eeea
f1eeeb
efeeeb
f0eeec
f0ede9
f0ece7
f1ece7
f1ece8
f1ece8
f1ece8
f1ece8
f1ece9
f1ece9
f2ece9
f1ebe8
f2eae7
f2eae7
f2e9e7
f3e9e7
f1e8df
e6ddd0
978d81
3f3427
42362b
473c31
463c30
483c31
483d2c
493d2b
483c2b
493b2a
49392a
483929
4d3c2c
4d3a2b
4d3b29
4d3b29
4e3a29
503a29
513b2a
523a2a
52392a
51382a
4f382a
50382b
4f382a
4d392a
4c3a2a
4c3b2a
4c3a29
4c3b27
4c3b27
4c3c27
4b3b26
4a3a25
4b3a26
4c3d27
4b3b29
483a2a
493b2a
483b29
463b29
443b28
453b29
453a29
473c2b
473c2b
473b2b
473a2a
453828
473828
473929
473829
473628
493729
4b382a
493829
483829
4a392a
4b3a2b
473425
4c3a2a
4c3b2b
4a382a
463527
453628
443628
433528
443525
443526
443624
443625
443625
433625
443625
433625
403623
413423
443425
463325
453225
463227
483128
463529
7b6149
7a6047
795f47
7a5e48
7c5f4b
7f614d
7e604c
7e5f4b
7f604b
7f604a
7f614b
80614b
80624c
80614c
80614c
80614c
80614c
80614c
80614c
80614c
80614c
7f614c
80614c
80604b
805f4b
81604b
81604b
81604b
81604b
80604b
80604b
80604b
80604b
80604b
80604b
80604b
80604b
80604b
81624d
81624d
82634e
7e5f4a
80614c
7f604b
7e5f49
7c604b
775c47
785d48
785d48
795e49
7b604b
775c47
765b46
765c47
755c48
775e4a
67503d
6d5647
786255
725b4f
726255
353729
4f5046
f6f6ee
f1f0ed
f0efed
f1eeec
f2eded
f2f0ee
f1f0ee
f2f1ef
f2f1ef
f2f1ef
f2f1ef
f2f1ef
f2f1ef
f2f1ef
f2f1ef
f2f1ef
f2f1ef
f2f1ef
f2f1ef
f2f1ef
f2f1ef
f2f1ef
f2f1ef
f2f1ee
f2f1ed
f2f1ed
f2f1ed
f2f1eb
f2f1ed
f2f1ed
f2f1ed
f2f1ed
f2f1ed
f2f1ed
f2f1ed
f2f1ed
f2f1ed
f2f1ec
f2f1ed
f2f1ed
f3f2ef
f1f0ef
fbfaf8
c8c9c5
22231e
83837e
bdbeb9
d1d1ce
e3e4df
f9faf5
fdfff9
fffffc
fffffd
fdfef9
f8f9f4
f7f8f3
f6f8f2
f7f8f3
f4f5f0
f2f3ee
f1f2ed
f0f2ec
f0f1ec
f0f1ec
f0f1ec
f0f0ec
f0f0ef
f0f0f1
f0f0ef
f0f0ee
f0f0ee
f0f1ec
f0f1ec
eff0eb
eff0ea
eff0ea
eff0ea
eff0ea
eff0ea
eff0ea
eff0ea
f0f1eb
f0f1ec
f0f1eb
f0f1ec
eff0eb
f0f1ec
f0f1ec
f0f1ec
f0f1ec
f1f2ed
f2f3ee
f6f7f2
f7f8f3
f9faf5
fbfcf7
fefffa
fffffc
ffffff
ffffff
ffffff
fffffc
fefffa
f8f9f4
e8e9e4
cacbc6
a7a7a4
959692
7e807b
696a66
656564
5d5d5b
575754
757573
242420
90918d
fafbf5
f1f2ed
f0f1ec
f3f4ef
f3f4ef
f3f4ef
f3f4ef
f3f4ef
f3f4ef
f3f4ef
f3f4ef
f3f3f1
f2f2f0
f1f1ef
f1f1ef
f1f1ef
f0f1ee
f0f0ee
eff1ee
eff1ee
eff1ee
f0f1ee
f0f0ee
f0efed
f1efee
f1efed
efeeea
f0efeb
eef0eb
f0f1ec
f0efeb
f5f0ed
ece0e0
cabfbe
e4dfd9
f3efea
f2efe9
f2efeb
f1efeb
efeeea
efeeea
f0ede9
efece7
efece7
f0ede8
f0ede8
f0ede8
f0ede8
f0ede9
f0ecea
f1ebea
f0ece8
f1eae7
f3eae7
f2eae7
f2eae6
f1e6de
e5d9d0
8f8177
3b2e21
3f3325
44372a
423727
423626
453827
453827
453727
463626
483827
493929
4b3a2b
4e3b2b
4f3b2a
4f3b2b
4f3c2b
4f3b2a
4d3b2a
4e3b2a
4e3b2a
4d3a2b
4e3a2b
4e3b2c
4d3b2c
4c3b2c
4c3b2b
4b3c2b
4b3b2a
4b3b27
4b3a26
4b3a27
4a3a26
493925
4a3926
4b3b27
4c3828
4d3729
4d382b
4e392b
4d3a2a
4c3a2a
4b3a2a
4b3a2a
4b382a
4b3929
4c3a2b
4d392b
4e382b
50392b
4b3527
4c382a
473a27
473a28
493c29
493b29
473a28
473a29
483b28
4a3926
4a3925
4c3c28
473825
453724
433625
443726
423625
443629
443729
44362a
433629
433627
433628
433628
413526
403726
433727
453729
443528
47352b
47352b
49342c
44342a
7a6049
7a6049
7a5f49
7c604b
7c604d
7d5f4d
7f5f4d
7d5e4b
80614c
82634e
7f604c
7f5f4b
80614d
80614d
81624d
80614c
81624c
80614c
80614c
80614c
80614c
80614c
7f604b
80614c
80614c
81614c
7f5f4a
7f5f4a
80604b
80604b
7f604b
805f4a
80604b
80604b
80604b
80604b
80604b
80604b
80634d
80624d
81624d
81614c
81624d
7f5e4a
805f4a
7e5d49
7c5e4a
7a5e49
7a5d49
7b5f4a
7a5f4a
785d48
775d48
775d49
785f4b
785f4b
745d49
735c4a
796553
7d6556
6d5e4f
101005
5c5c55
fbfaf5
efeeec
f1f0ee
f1efed
efefeb
f1f0ed
f2f1ef
f1f0ee
f1f0ee
f2f1ef
f2f1ef
f2f1ef
f2f1ef
f2f1ef
f2f1ef
f2f1ef
f2f1ef
f2f1ef
f2f1ef
f2f1ef
f2f1ef
f2f1ef
f2f1ef
f2f1ee
f2f1ed
f2f1ed
f2f1ec
f2f1ec
f2f1ed
f2f1ed
f2f1ed
f2f1ed
f2f1ed
f2f1ed
f2f1ed
f2f1ec
f2f1ec
f2f1ec
f2f1ed
f3f2ee
f2f1ec
eeeee9
f6f5f1
d6d6d2
272823
5e5f5a
90918c
80817c
7e7f7a
6d6e6a
646462
7e7e7b
a1a29d
b6b7b2
cecfca
d9dad5
ddddd9
dddeda
ebebe7
f9faf5
fdfef9
fffffe
ffffff
ffffff
ffffff
ffffff
ffffff
ffffff
ffffff
ffffff
ffffff
ffffff
ffffff
ffffff
ffffff
ffffff
ffffff
ffffff
ffffff
ffffff
fffffe
ffffff
ffffff
ffffff
ffffff
ffffff
ffffff
ffffff
ffffff
fffffd
fffffb
f7f8f3
e6e7e2
e1e2dd
dcddd8
d2d3ce
c2c3be
b8b9b4
a2a29f
868784
61625e
61605f
636361
60615d
5d5e58
72736d
92938f
979795
9d9d99
babbb6
d2d3ce
d8d8d6
ecede8
ffffff
8c8d88
6a6b66
ecede8
f4f5f0
f3f4ef
f3f4ef
f3f4ef
f3f4ef
f3f4ef
f3f4ef
f3f4ef
f3f4ef
f3f4ef
f3f3f1
f2f2f0
f1f1ef
f1f1ef
f1f1ef
f0f1ee
f0f0ee
f0f1ee
eff1ee
f0f0ee
f0f0ee
f0f0ed
f1efed
f2eeed
f2eeed
f2edea
f1eeeb
f0f0eb
eff1ec
f0f0ec
f5f1ee
efe8e5
cfc7c4
e3ddda
f1ede9
f2f0eb
f2efea
f1efe9
efeeea
eeede9
efede9
efece7
efece7
f0ede8
f0ede8
f0ede8
f0ede7
f0ede8
f0ece8
efede9
f0ece8
f1ece7
f1ebe6
f1ebe5
f2ece5
f1e5de
e8d9d2
796a62
38291d
463829
453727
453825
473a27
453827
463929
493c2c
4a3b2c
4b3c2d
4e3c2e
4a392a
4e3b2d
503d2e
4f3c2f
4e3d2f
4d3d2f
4d3e2f
4b3e2e
4a3e2e
4b3e2e
4d3d2e
4c3c2e
4c3d2d
4c3d2e
4c3d2e
4b3f2e
4b3d2d
4c3b2c
4d3c2b
4d3b2b
4e3c2c
4e3d2d
4e3c2c
4e3d2d
4d3b2d
4c3b2c
4e3c2d
4d3c2f
4d3d2e
4d3d2e
4c3e2e
4c3e2e
4d3d2f
4d3e30
4e3d30
4e3c2f
4c392c
4d382c
4e3c2e
4d3b2f
483d30
483c2f
473b2e
483c2f
473c2f
483d30
483b2f
4a3b2f
4a3c2d
4c3e32
47392d
43362a
45382e
41372b
40362c
41362d
42362d
41352d
41362d
42362e
43362e
43352e
42372e
41382c
44372d
42372d
45392f
45372e
45362d
45352d
40332a
7a5f4a
7a5f4a
7a5f4a
7b5e4c
7c604f
7d5f4e
7e5f50
7e5f4e
7f604c
7e5f4b
7f604c
7f604c
80614d
80614d
7f604d
7f604b
7f604b
80614b
7f604b
80614c
81624d
80614c
7e604a
7f604c
80614c
80614c
7e5f4a
7e604a
7e5f4a
7f614c
7e5f4a
7f5f4a
7f5f4a
7f5f4a
80604b
80604b
80604b
7f614c
80634e
7f634d
80614c
81614c
82604c
825e4b
835e4a
825e4b
805e4b
7f5f4b
7e5e4a
7d604b
7c604b
7b604b
79604a
79604a
79604c
765d48
755f49
755f4b
725d48
755f4a
665645
19160c
7d7c76
fdfcf9
eeecec
f1eff0
f1f1f0
f0f1ec
f1f1ee
f2f1ef
f2f1ef
f2f1ef
f2f1ef
f2f1ef
f2f1ef
f2f1ef
f2f1ef
f2f1ef
f2f1ef
f2f1ef
f2f1ef
f2f1ef
f2f1ef
f2f1ef
f2f1ef
f2f1ef
f2f1ee
f2f1ed
f2f1ed
f2f1ec
f2f1ec
f2f1ed
f2f1ed
f2f1ed
f2f1ed
f2f1ed
f2f1ed
f2f1ed
f2f1ed
f2f1ed
f2f1ec
f2f1ec
f2f1ec
f2f1eb
ecece5
fcfcf5
b3b3af
383835
f9faf5
fffffc
f8f9f4
f2f4ee
dddeda
cfcfcc
bdbdba
92938f
91928d
888984
757671
666763
5d5e5a
6b6c68
7a7b75
70716b
6e6f6b
6e6f6b
6d6d69
6c6c68
6b6c69
6d6d6c
7b7b79
898a86
91928d
92928d
8c8d87
868780
8f9089
93948f
989893
9b9c96
9b9c96
9a9b95
999a94
979892
92938f
8b8c87
878883
82837e
70706d
686865
666663
6b6c68
6d6e69
6e6f6a
666762
585954
5a5b56
5d5e59
6d6e69
7d7e79
83847f
8a8b88
8e8e8b
959690
b9bab5
c9cac6
d3d4d1
e5e6e1
fcfdf8
fffffe
ffffff
ffffff
fffffb
fcfdf8
fafbf6
f3f4ef
f9faf5
bdbeb9
484944
ddded9
f2f3ee
f2f3ee
f3f4ef
f3f4ef
f3f4ef
f3f4ef
f3f4ef
f3f4ef
f3f4ef
f3f4ef
f3f3f1
f3f3f1
f1f1ef
f1f1ef
f1f1ef
f0f0ee
f0f0ee
f0f0ee
f0f0ee
f1f0ee
f0efed
f1efed
f3efee
f3eeee
f3eeee
f3eeeb
f2eeeb
f0efeb
eff0eb
f0f0ec
f3f0ec
f5efed
ded7d5
e0dbd8
f1ece9
f0ece9
f0ede8
f0eee8
eeeee8
eeeee6
eeede7
efede8
efede8
efede8
eeece7
eeede8
efeee8
efede8
efede8
eeede8
efede8
f1eee7
efebe4
eeebe2
f0ece3
f5ebe3
ccbfb8
5f534a
41342b
3d3126
413527
413726
433928
403629
41362b
403629
413529
403328
403227
413228
423228
423229
413127
3e3026
3d3026
3c3027
3b3126
3b3126
3c3226
3c3227
3d3226
3d3226
3d3226
3c3226
3e3226
3e3126
3e3024
3d2f24
3d2f23
3e3024
3f3025
3f3025
3f3126
3d3125
3b3225
3b3226
3c3427
3c3427
3b3528
3a3427
3a3427
393427
383327
373125
383126
393127
392e24
392f25
392f27
3c312d
392d2a
352a27
372b28
352926
342825
332724
312423
342524
302222
2e2221
312524
2e2324
2f2325
2e2424
2f2522
2f2621
2f2521
2e2521
2e2421
2e2521
2e2421
2f2621
302620
312520
312620
2f251e
30251e
31271e
32261d
2f261d
7d624d
7d624d
7d614d
7d614f
7e6151
7f6152
816052
816151
81614d
81624e
81624e
81624e
81624e
80614d
81624e
80614c
7f604c
7f604b
7f604b
80614c
7f5f4b
7e5f4a
80614c
80644e
80644e
7f634d
80634e
7e614c
7e624c
7f634d
7f604b
7f5f4a
805f4a
7f5f4a
80604b
80604b
80604b
80614b
80624d
80634e
80624d
82614c
815e4b
825c4a
845e4b
855f4d
835f4d
815e4c
805e4c
7d5f4b
7a5f4a
785e49
785f49
785e4a
775d4a
795f4c
765f4a
79634e
735f48
725c44
5e4e3b
1a150f
aeaba7
fcfafa
eeecee
f1eff0
f1f2f0
f1f3ed
f1f2ee
f2f1ef
f2f1ef
f2f1ef
f2f1ef
f2f1ef
f2f1ef
f2f1ef
f2f1ef
f2f1ef
f2f1ef
f2f1ef
f2f1ef
f2f1ef
f2f1ef
f2f1ef
f2f1ef
f2f1ef
f2f1ed
f2f1ed
f2f1ed
f2f1ec
f2f1ec
f2f1ed
f2f1ed
f2f1ed
f2f1ed
f2f1ed
f2f1ed
f2f1ed
f2f1ed
f2f1ed
f2f1ec
f2f1ec
f2f1ec
f0f1e8
f7f7ee
f4f4ea
595a55
9c9d99
f6f7f2
f0f1ec
f0f2ed
f6f7f2
f6f7f2
fcfdf8
fdfefa
ffffff
fffffe
fcfdf8
f9faf5
f6f7f2
f6f7f2
eaebe6
dcddd8
d0d1cc
cacbc6
c3c5bf
bfc0bb
b8b9b4
acaea8
aaaaa6
a4a5a0
989a94
959690
8e908a
8e8f88
8a8b83
878881
888983
878982
858680
84857f
858680
868781
878882
888984
8c8d88
8b8c87
90918c
9fa09b
b7b8b3
b9bab5
c1c3bd
c6c8c2
cecfca
d5d6d1
e7e8e3
f0f1ec
f6f7f3
fefffa
fffffe
fffffe
ffffff
ffffff
ffffff
fffffa
fafbf6
fafcf7
f7f8f3
f3f4ee
eff0eb
eff0eb
f0f1eb
f1f2ed
f3f4ef
f2f3ee
f1f2ed
f4f5f0
e5e6e1
6c6d69
92938e
f8f8f4
eff0eb
f3f4ef
f3f4ef
f3f4ef
f3f4ef
f3f4ef
f3f4ef
f3f4ef
f3f4ef
f3f3f1
f3f3f1
f1f1ef
f1f1ef
f1f1ef
f1f0ef
f0f0ee
f1f0ef
f1f0ee
f1f0ee
f1eeed
f2eeed
f3eeee
f4eeee
f4eeee
f5edeb
f3eeeb
f1efeb
eff0eb
eff0eb
f2f0ec
f2edea
e6e0de
dad3d3
eee8e6
f0ece9
efebe8
efede7
eeeee6
f0f0e7
edede7
ecebe6
ecece7
edece7
edece7
edede8
eeeee9
eeede8
edeee8
eeeee7
eeeee6
efede5
f0eee5
edeae0
e9e6db
e5e0d6
7f776d
383027
342d24
2b231a
2c241b
2d271d
2e281e
2f2920
2e2821
2c261f
2e261f
2f251f
2e251f
2f251f
2f2520
2f2521
302521
302622
312522
302521
2f2320
2f221f
2d261f
2e2820
2e2820
2f2620
2f2520
2f241f
2f241f
2f241f
2e241e
2d241e
2e241d
2d241d
2e231e
2e241e
2e251e
2e251f
2f251f
2f2620
312822
2f2921
2f2821
2f2920
2e2921
2c2721
2c2620
2c2620
2e2621
2e2621
2e2420
2f2420
302520
2d241e
2f2620
312823
2f2620
2f261f
312823
332a25
352b27
362a28
352926
342a28
352b2a
352c2b
352c2d
362d2d
362d2c
352d2b
352c2b
352c2b
352d2c
362e2d
352d2c
352c2b
362c2b
362c2a
362c2a
362d28
362d26
362d25
362d24
332b24
7b604b
7d624c
806450
80624f
7b5b4a
7c5b4a
7c584a
7b5a49
7a5d48
7a5c48
785a46
795b47
795b46
7b5d49
7a5d48
7d5e48
7f6049
85664f
84654e
85654f
85664e
83644c
7e6049
80664c
7e634c
7e624a
7f634c
7f614a
7f6149
7e614a
7f5f4a
7d5f4a
7e5f4a
7e5e4a
7e5f4b
7f5f4b
805f4b
80604c
82634e
81614b
7f604a
7f5e48
7f5d47
805d47
825d47
805e4a
7e614c
7e614b
7e614b
7a6048
795f49
775f48
796049
7a5d4a
785b49
7a5f4a
765e48
78614c
77634c
7a6653
665847
1d1a0f
b8b5af
fefbf9
f0eded
f1f0f0
f2f2f0
f3f4ef
f2f2ee
f2f1ee
f2f1ee
f2f1ee
f2f1ee
f2f1ee
f2f1ee
f2f1ee
f2f1ef
f2f1ef
f2f1ef
f2f1ef
f2f1ef
f2f1ef
f2f1ef
f2f1ef
f2f1ef
f2f1ef
f2f1ee
f2f1ee
f2f1ee
f2f1ee
f2f1ee
f2f1f1
f2f1f1
f2f1f0
f2f1ee
f3f2ee
f3f2ed
f3f2ed
f3f2ed
f4f1ee
f4f1ed
f3f1ed
f2f1ed
f6f5ef
fdfdf8
606059
4c4c4a
fefffb
ecede8
f4f5f0
f3f4ef
f2f3ee
f1f2ed
f0f1ec
f1f2ed
eff0eb
f0f1ec
f2f3ee
f2f3ee
f3f4ef
f2f3ee
f6f7f2
f9faf5
fcfdf8
fdfef9
fcfdf9
fffffb
fffffd
fffffd
fffffe
ffffff
fffffc
ffffff
ffffff
ffffff
ffffff
ffffff
ffffff
ffffff
ffffff
ffffff
ffffff
ffffff
ffffff
ffffff
ffffff
ffffff
ffffff
ffffff
fffffe
fffffd
fffffd
fcfdf8
fafbf6
fafbf6
f6f7f2
f3f4ee
f2f3ed
f1f2ed
f0f1ec
f0f1ec
eff0eb
eff0eb
f0f1ec
f0f1ec
f2f3ee
f2f3ee
f2f2f1
f4f4f3
f2f2f1
f2f3f0
f3f4ef
f3f4ef
f4f5f0
f3f4ef
f2f3ef
f1f2ed
f7f9f4
e0e1dd
50514c
c7c7c2
fbfbf6
efefeb
f3f3ee
f3f3ee
f3f3ef
f3f3ef
f3f4ef
f3f4ef
f4f4ef
f3f3ef
f3f3f0
f2f2ef
f1f1ee
f1f1ee
f0f0ed
f0f1ed
f1f0ee
f1efee
f1efee
f1eeed
f2eeed
f3eeee
f3eeee
f3eeee
f4edec
f2eeec
f1efec
eff0ec
f0f0ec
f1efec
f1eeec
eeeae8
d7d2d1
d8d4d2
e8e6e2
efece7
eeede6
eeeee5
f1f1e8
eeece7
eeebe7
eeece8
edece7
edede8
eeedea
eeede9
edeee9
eeeee8
eeeee6
efefe7
efeee4
edebe0
f0efe3
f4f1e5
9a978b
363327
373429
322f25
353228
343126
363229
37342a
37322a
39312b
3e352f
3f3630
40362f
423831
423630
403731
3d3832
3e3731
3f3630
403631
423631
443531
443531
433832
413832
403631
3f342f
413430
433430
453431
453430
42342f
41352f
41362f
413630
413630
41352f
40342e
40352f
41352f
3f352f
3e342f
3e352e
3e352e
3f362e
3e342d
41332e
41332d
433430
40332f
3d312d
3d322c
3c312c
3e322a
3c3227
3d3227
3e3227
3e3227
3f3227
403328
43352a
3e3025
3e3126
43352a
40332b
3e332a
3d322b
393029
382e28
382e2a
3c312d
392f2b
3c322e
3a302c
372d29
3a312d
3b302b
3a2c28
3c2f2a
3a2d29
382e27
382e26
372e26
382d26
372e2b
795b49
785c48
785c48
795b48
7a5b48
7a5b48
785846
7b5a48
7e5c4b
7a5947
775644
7a5846
7b5946
7a5846
7f5e4b
795c44
795c43
795b42
795b42
795c43
7d5f46
75573e
7b5e45
7a5e45
7b5d45
7b5c44
7a5a43
7a5a43
7c5b43
7f5d45
7e5d48
7e5c49
7f5c4a
7f5d4a
7f5c4a
805b49
7f5b48
7e5b48
7a5b43
7b5b44
7c5d45
7c5d46
7c5d45
7d5d46
7d5d45
7c5e46
7b5f49
7c5f48
7c5f48
7b5e47
795b45
795d46
795c45
785a48
775c4a
785d47
776047
745f47
6f5d48
746252
726556
282518
77746c
f0ede6
f4efed
f2f0ee
f2f1ee
f2f2ef
f2f1ed
f2f1ed
f2f1ed
f2f1ed
f2f1ed
f2f1ed
f2f1ed
f2f1ed
f2f1ef
f2f1ef
f2f1ef
f2f1ef
f2f1ef
f2f1ef
f2f1ef
f2f1ef
f2f1ef
f2f1ef
f2f1ef
f2f1ef
f2f1ef
f2f1ef
f2f1ee
f3f1f4
f3f1f4
f3f1f2
f3f2f0
f4f3ef
f4f3ee
f4f4eb
f5f4ed
f5f1ee
f5f1ee
f3f0ed
f7f5f2
e8e8e5
52534e
545551
edeeea
f0f1eb
f1f2ed
f3f4ef
f3f4ef
f3f4ef
f3f4ef
f3f4ef
f3f4ef
f3f4ef
f3f4ef
f3f4ef
f3f4ef
f3f4ef
f3f4ef
f2f3ee
f2f3ee
f2f3ee
f2f3ee
f1f2ed
f1f2ed
f1f2ed
f1f2ed
eff0eb
eff0eb
eff0eb
eff0eb
eeefea
eeefea
eeefea
eeefeb
eff0ea
eff0ea
eff0ec
eff0ec
eff0ed
efefee
efefed
efefee
f0f0ee
efefed
f0f0ee
f0f0ee
f1f1ef
f0f0ef
f1f1ef
f2f3ee
f2f3ee
f2f3ee
f2f3ee
f3f4ee
f3f4ed
f3f4ed
f3f4ee
f3f4ef
f3f4ef
f3f4ef
f3f4ef
f3f4ef
f3f4ef
f3f4ef
f3f3f4
f3f3f5
f3f3f3
f3f3f1
f3f3f1
f3f4ef
f3f4ef
f3f4ef
f2f4ef
f1f2ed
eeefea
f6f7f2
ddddd9
605f5c
c1c0bc
faf8f4
f0eeea
f2f1ed
f4f3ef
f4f3ef
f4f3ef
f4f3ef
f4f3ef
f2f3ee
f2f3ee
f2f3ee
f1f2ed
f1f2ed
f0f1ec
f0f2ec
f1f0ed
f2eeed
f2eeed
f2eeed
f2eeed
f2eeed
f2eeed
f2eeed
f0efed
f0efed
f0efed
f0efed
f0efed
f0efed
f0efee
f0eeec
edece8
d9d8d4
d0d0cb
e1e0db
eeede8
f0efe8
f0f0e8
f0ede9
f2ecea
efedea
edece8
edeee9
ededeb
ededec
ecedea
f1ede7
f1ede7
f0ede5
efece2
f4f2e6
d9d8cb
949285
49483b
312f23
343226
38372a
333124
353326
38362a
3a382b
3b372b
3a3429
3f372c
3d3429
3d3429
3f352a
42352c
40362c
3b392d
3b392b
3c382b
3c362a
3d3328
3e3329
40352b
403428
3f3528
3f3529
3f3628
403629
443529
48352b
473429
423628
423628
423527
423527
403426
413526
433528
413528
40352a
403529
3f3429
3e3227
403429
3d3327
3f3227
422f28
412e27
43322a
42342b
3d3127
3b3227
393226
393126
3a3025
3d3125
3e3126
3d3126
3f3126
44352b
43342a
403227
423327
443529
3f3227
3e3127
3b3027
3c3229
3a3126
3a3227
3e352a
3c3429
3c3429
3e352b
3a3126
393126
3d3128
3e2e26
3b2e26
3b2e26
392e25
3b2f2a
392f28
382f29
39302b
796152
775f51
745e4f
735e4f
705d4d
705e4d
726150
766052
806156
7e6054
7d5f54
7e5f53
7e6053
7f6154
7e6154
836151
856252
896757
815e4e
815e4e
825f4f
876454
8a6857
856655
846856
856857
846a58
826956
826956
856b58
876c54
8a6b4f
896a50
886a4f
896a4f
8a6b50
8a6a4f
876b51
836955
846957
846a58
846b58
846a57
846a57
846b58
856a58
856a58
866b58
856b59
816555
816755
806654
826757
7f6854
79644e
705b44
725e47
726049
72604c
6d5a48
7b6b5b
595142
211c10
c8c4bd
f7f4f1
eeeeec
f1f0ee
f2f0ee
f2f1ed
f2f1ed
f2f1ed
f2f1ed
f2f1ed
f2f1ed
f2f1ed
f2f1ed
f2f1ef
f2f1ef
f2f1ef
f2f1ef
f2f1ef
f2f1ef
f2f1ef
f2f1ef
f2f1ef
f2f1ef
f2f1ef
f2f1ef
f2f1ef
f2f1ef
f2f1ef
f3f1f3
f3f1f2
f3f1f1
f3f2ef
f4f3ef
f4f3ee
f4f3ed
f4f3ee
f5f1ee
f4f1ed
f3f2ed
f3f4ee
737470
757570
fbfdf8
f5f6f1
f2f2ed
f3f4ef
f2f3ee
f3f4ef
f3f4ef
f3f4ef
f3f4ef
f3f4ef
f3f4ef
f3f4ef
f3f4ef
f3f4ef
f3f4ef
f3f4ef
f3f4ef
f3f4ef
f3f4ef
f3f4ef
f3f4ef
f3f4ef
f3f4ef
f3f4ef
f2f3ee
f2f3ee
f2f3ee
f2f3ee
f2f3ee
f2f3ee
f2f3ee
f2f3ee
f3f4ee
f3f4ee
f3f4ef
f3f3f0
f3f3f1
f3f3f1
f3f3f3
f3f3f1
f3f3f1
f3f3f1
f3f3f1
f3f3f1
f3f3f1
f3f3f1
f3f3f1
f3f3f1
f3f3f1
f3f4f0
f3f4ef
f3f4ee
f3f4ee
f3f4ee
f3f4ef
f3f4ef
f3f4ef
f3f4ef
f3f4ef
f3f4ef
f3f4ef
f3f4ee
f3f3f2
f3f3f3
f3f3f2
f3f3f1
f3f3f1
f3f3f1
f3f3f0
f3f4f0
f3f5f0
f3f4ef
f2f3ee
eeefe9
fbfbf7
c8c5c2
54514d
c2bfbc
faf9f5
f2f1ed
f2f1ed
f4f3ef
f4f3ef
f4f3ef
f4f3ef
f2f3ee
f2f3ee
f2f3ee
f1f2ed
f1f2ed
f1f1ed
f0f1ec
f1f0ed
f1eeed
f1eeed
f1eeed
f1eeed
f1eeed
f2eeed
f2eeed
f0efed
f0efed
f0efed
f0efed
f0efed
f0efed
f0efed
f0f0ed
f3f2f0
f3f2ef
e9e8e4
deddd9
d9d8d3
e1e0db
e9e8e3
f1edea
f4efec
f6f1ee
f4f2ee
f1f0ec
edede8
edeee9
efece8
f6ece7
f8ede8
f5ebe4
fbf4ec
d1cdc5
5f5e52
27271b
333226
373529
353328
353328
363429
39372b
39372c
3b392e
3a392d
363528
3d3b2f
383528
393529
3b362a
3a3529
393629
36382a
343629
353528
39362a
39362a
393429
3b352a
3c3628
3a3825
393725
3a3826
3a3726
3d3626
403526
433627
433a2b
423a29
423828
413828
413929
413828
423928
42382a
44362e
45382e
45382f
45372e
41352a
43362c
45382e
403229
43332c
3e3027
3e3129
3f342a
3c3429
393228
3a3228
3d322b
3a3128
382e27
383027
363027
38332a
3a352b
3c342a
3e342a
40372e
3b332b
3a312a
362f28
312a23
352e27
3a3127
3c332a
3b3229
3c3329
3b3229
382f26
372e24
3a2f27
3d2f28
382d27
342924
372c28
362c2a
362d29
372e2b
362e27
4d3c31
503e34
4f3d35
483a30
483b2f
473d30
463c2f
4a3e33
48372d
47372c
48382d
433328
423127
46352a
4b3a2f
483729
4d3c2f
514033
48382a
4e3d2f
4b3a2c
504032
4b392c
4d3a2c
48382a
4b3b2d
4c3e2f
463b2c
443a2a
473d2d
49392a
4e392e
503b30
4c392d
4b392d
4b3a2d
4b3c2f
4b3c2e
4e3a2d
4f3a2d
4e392d
4e3a2d
503b2f
4d372b
4f3a2d
4e3d2e
453b28
4b3e2d
473b2b
483b2d
473a2c
493c2e
493b30
4e3b26
725e44
7a664f
6e5945
6e5946
735e4b
77614e
746150
6b5f4d
251d0e
8f8b82
f9f8f3
ecebe9
f1f0ef
f4f0ee
f3f0ee
f2f1ed
f2f1ed
f2f1ed
f2f1ed
f2f1ed
f2f1ed
f2f1ed
f2f1ef
f2f1ef
f2f1ef
f2f1ef
f2f1ef
f2f1ef
f2f1ef
f2f1ef
f2f1ef
f2f1ef
f2f1ef
f2f1ef
f2f1ef
f2f1ef
f2f1f0
f3f2f1
f3f2f1
f3f2f1
f3f2ef
f3f2ee
f3f2ef
f3f2ee
f3f2ee
f3f2ef
f3f2ee
f3f4ef
edeee9
dedfda
f7f8f4
f2f4ef
f1f1ed
f2f3ee
f2f3ee
f1f2ed
f3f4ef
f3f4ef
f3f4ef
f3f4ef
f3f4ef
f3f4ef
f3f4ef
f3f4ef
f3f4ef
f3f4ef
f3f4ef
f3f4ef
f3f4ef
f3f4ef
f3f4ef
f3f4ef
f3f4ef
f3f4ef
f3f4ef
f3f4ef
f3f4ef
f3f4ef
f3f4ef
f3f4ef
f3f4ef
f3f4ef
f3f4ef
f3f4ef
f3f3f0
f3f3f1
f3f3f2
f3f3f3
f3f3f3
f3f3f5
f3f3f1
f3f3f1
f3f3f1
f3f3f1
f3f3f1
f3f3f1
f3f3f1
f3f3f1
f3f3f2
f3f3f2
f3f3f1
f3f3f0
f3f4ef
f3f4ef
f3f4ee
f3f4ef
f3f4ef
f3f4ef
f3f4ef
f3f4ef
f3f4ef
f3f4ef
f3f4ef
f3f3f2
f3f3f1
f3f3f1
f3f3f1
f3f3f1
f3f3f1
f3f3f2
f3f3f1
f3f4ef
f4f3ef
f3f4ef
f4f3ee
f0edea
fdfaf7
c6c1be
64625e
b3b2ae
f7f6f2
f2f1ed
f4f3ef
f4f3ef
f4f3ef
f4f3ef
f2f3ee
f2f3ee
f2f3ee
f1f2ed
f1f2ed
f1f1ed
f0f1ec
f1f1ed
f1f0ee
f1f0ee
f1f0ee
f1f0ee
f1f0ee
f0efed
f0efed
f0efed
f0efed
f0efed
f0efed
f0efed
f0efed
f0efed
f1f0ee
f3f1f2
f0eeef
efeeec
f3f2ee
e5e4e0
d2d1cc
d3d2cd
d8d3d0
dcd7d5
e0dbd8
e2e0dc
eae7e2
f5f3ed
f3f3ed
f5f2ea
f5e7e0
ded1ca
bab0aa
8f867f
3b372e
323128
3b3b31
3b3930
3b372e
3a372e
3b382f
3b382f
3a372e
37332a
333128
34372c
35372a
37382b
35372a
36352a
37352a
38362a
36362a
36392b
373a2d
37392d
36382c
35362b
36362a
35362b
35352c
33342a
36382f
36392f
38392f
3c3931
3f3830
433933
3e362f
413931
433b34
443c35
433c35
423b34
433b34
463b32
483b32
443830
463a32
463930
463a31
41362d
42362e
41352d
3d332a
3a2f28
3b3129
3b322a
393128
373026
39322a
372f28
3d352e
363028
353129
322e26
2f2f26
2f3025
343027
332e24
312c24
2e2a23
302c26
2f2c25
2b2923
2d2a25
2d251d
342c24
362e25
362e25
2e261c
322a21
332b22
322920
352b24
302722
2d2520
2f2624
2e2724
2e2724
2e2926
2e2725
5b3f2e
5b3f2c
614633
644836
614533
5d4230
5d4431
5d4330
634a37
614935
624b38
69513e
674e3b
644c39
68503c
634934
644a35
634833
654a35
644934
654a35
634834
644934
634934
634a35
5e4530
5d432e
5e4530
634b35
604831
644834
654637
624333
644938
644b39
5f4835
614c38
5e4936
654733
664734
674834
644532
654633
6a4b38
674735
624930
615031
5d4b2f
5e4b32
5d4a32
5d4a34
5c4934
584430
614732
644731
745946
725646
523a2b
584130
654f3b
65523d
7e6d5a
4a3f2e
4e4b40
e9eae3
eeefeb
f1f0ee
f5f0f0
f3f0ee
f2f1ed
f2f1ed
f2f1ed
f2f1ed
f2f1ed
f2f1ed
f2f1ed
f2f1ef
f2f1ef
f2f1ef
f2f1ef
f2f1ef
f2f1ef
f2f1ef
f2f1ef
f2f1ef
f2f1ef
f2f1ef
f2f1ef
f2f1ef
f2f1ef
f2f1ef
f3f2ee
f3f2ee
f3f2ee
f3f2ee
f3f2ee
f3f2ee
f3f2ef
f3f2ee
f2f3ee
f2f3ee
f2f3ee
f2f4ef
f5f7f2
eff2ed
eef4ed
f1f4ee
f3f4ef
f3f4ef
f3f4ef
f3f4ef
f3f4ef
f3f4ef
f3f4ef
f3f4ef
f3f4ef
f3f4ef
f3f4ef
f3f4ef
f3f4ef
f3f4ef
f3f4ef
f3f4ef
f3f4ef
f3f4ef
f3f4ef
f3f4ef
f3f4ef
f3f4ef
f3f4ef
f3f4ef
f3f4ef
f3f4ef
f3f4ef
f3f4ef
f3f4ef
f3f4ef
f3f3f1
f3f3f1
f3f3f2
f3f3f3
f3f3f4
f3f3f4
f3f3f5
f3f3f1
f3f3f1
f3f3f1
f3f3f1
f3f3f1
f3f3f1
f3f3f1
f3f3f1
f3f3f3
f3f3f3
f3f3f3
f3f3f2
f3f3f1
f3f3f0
f3f4ef
f3f4ef
f3f4ef
f3f4ef
f3f4ef
f3f4ef
f3f4ef
f3f4ef
f3f4ef
f3f4ef
f3f4ef
f3f3f1
f3f3f1
f3f3f1
f3f3f3
f3f3f5
f3f3f2
f4f3ef
f4f3ef
f5f3ef
f4f0ed
f6f2ef
f4f0ed
fffbf9
e3dedb
cbcac6
f1f0ec
f3f2ee
f4f3ef
f4f3ef
f4f3ef
f4f3ef
f2f3ee
f2f3ee
f2f3ee
f1f2ed
f1f2ed
f1f1ed
f0f1ec
f0f1ed
f0f0ee
f0f0ee
f0f0ee
f0f0ee
f0f0ee
eff0ed
efefed
f0efed
f0efed
f0efed
f0efed
f0efed
f0efed
f0efed
f2efee
f2f0f2
f1eff1
f1efef
f1f0ee
f1f0ee
f2f1ed
ebeae6
e5dede
e0d7d8
d6cfcd
d3cfca
bfbbb5
78756c
737167
636256
5e564c
4f483e
403a30
211c12
231f16
2c2a22
27261f
2a2820
2d2a23
2b2821
2b2821
29261f
28261d
28241d
25231a
272a1f
292b1f
2b2c21
2c2d22
2d2d23
302c23
302c23
2e2d24
2b2d22
2b2c21
2d2e23
2c2f24
2c2d22
2c2e23
2c2e23
2c2d27
2b2c28
292b26
272924
262722
292724
2d2523
2d2323
2a2323
2b2724
2e2a29
2d2927
2c2826
2e2a27
2d2928
2f2923
30281e
30281e
332b22
2d251c
2f281e
312a20
31291f
2f271f
312a21
332c24
312a22
302922
2f2820
322b23
2e271e
2e291e
2c281d
2e2a1f
312e22
302c21
322f23
323023
353025
363025
3a352c
363129
312d24
322f28
312f28
323028
362f27
373028
373128
373027
373028
352f26
383129
352f25
373026
342e24
332e25
302c22
302d26
312f27
312d27
322d29
845638
855737
875838
865536
875537
8e5b3b
8c583a
865333
865636
8a5a3b
895839
865637
875636
8a5a39
8c5d3c
905d3d
956141
955f40
946040
945f40
956041
966142
966042
915e3d
915f3e
935f3f
925d3d
935f3e
925c3c
925b3b
955f3e
955f3e
96603f
92603d
8e5f3c
90633f
8b613c
8e623d
93613f
936140
946140
946241
926040
91603e
926040
8e603a
8f643a
8c613a
8d623c
906340
8e6140
916545
8e6144
8c624a
583522
4b2c1c
6d4d3f
5c3e2e
523728
4e3823
523f28
675442
655849
1d180e
c8c9c1
f8f9f5
eeedeb
f5f0f0
f4f0ef
f2f1ee
f2f1ee
f2f1ee
f2f1ee
f2f1ee
f2f1ee
f2f1ee
f2f1ef
f2f1ef
f2f1ef
f2f1ef
f2f1ef
f2f1ef
f2f1ef
f2f1ef
f2f1ef
f2f1ef
f2f1ef
f2f1ef
f2f1ef
f2f1ef
f2f1ee
f3f2ee
f3f2ee
f3f2ee
f3f2ee
f3f2ee
f3f2f0
f3f2f0
f2f2ef
f2f3ef
f2f3ef
f2f3ef
f1f3ef
f0f3ef
f0f4ef
f1f4f0
f3f4f0
f4f5f0
f4f5f0
f4f5f0
f3f4ef
f3f4ef
f3f4ef
f3f4ef
f3f4ef
f3f4ef
f3f4ef
f3f4ef
f3f4ef
f3f4ef
f3f4ef
f3f4ef
f3f4ef
f3f4ef
f3f4ef
f3f4ef
f3f4ef
f3f4ef
f3f4ef
f3f4ef
f3f4ef
f3f4ef
f3f4ef
f3f3ef
f4f3ef
f4f3ef
f3f3ef
f3f3f1
f3f3f1
f3f3f3
f3f3f3
f3f3f5
f3f3f5
f3f3f6
f3f3f1
f3f3f1
f3f3f1
f3f3f1
f4f3f1
f3f3f1
f3f3f1
f3f3f1
f3f3f4
f3f3f4
f3f3f3
f3f3f2
f3f3f1
f3f3f0
f3f4f0
f3f3f0
f4f3f0
f4f3f0
f4f3f0
f4f3f0
f3f4f0
f3f4f0
f3f4f0
f3f4f0
f3f4f0
f3f4f0
f3f3f1
f3f3f3
f3f3f3
f3f3f5
f4f3f2
f4f3ef
f4f3ef
f5f3ef
f6f2ef
f7f2ef
f7f2ef
f4efec
f8f5f2
f8f7f3
f1f1ec
f3f2ee
f4f3ef
f4f3ef
f4f3ef
f4f3ef
f2f3ee
f2f3ee
f2f3ee
f1f2ed
f1f2ed
f1f1ed
f0f1ec
f0f1ed
f0f0ee
f0f0ee
f0f0ee
f0f0ee
f0f0ee
efefed
efefed
f0efed
f0efed
f0efed
f0efed
f0efed
f0efed
f0efed
f1efee
f2f0f2
f2f0f1
f3f1f2
f2f1f0
f3f2f0
f1f0ed
f0efeb
f5efef
f0e6e7
eae3e1
ede8e4
c4bfba
2a271e
2e2c20
2c2a1e
2a2a1d
2e2f21
363629
424135
403d35
3b3830
3a3730
393630
37342b
37332c
37342c
38352d
38352e
38332d
37342e
37372f
373830
36362e
37352d
37352d
39352d
39352c
363429
36352b
38372e
39392f
3a3b30
3a3a30
383a2f
373a2e
383a30
383930
35372d
35382e
36362d
38362d
3c342d
3d342e
34332b
31312a
34342c
34332c
33332b
36362f
35342e
35332a
353328
38362a
383629
353226
343226
353227
373228
39352b
3c392e
3f3b31
423d34
413c32
3a362c
3d372e
3d382c
3b392a
3b3929
3d3a2b
403a2d
41392d
41392d
42382e
423a2f
41392f
3f382f
3d372d
3c382d
3b372e
3a362e
39352d
3b3830
3c3831
3a3630
3a3630
3a3730
3b3830
39362f
3c362e
3d372d
3b372c
3a362d
39362b
38352d
38372e
38392e
38382a
854b32
844a30
854a30
874b2e
874b2e
874c2d
884d2f
8c5233
8a5233
895032
8a5233
834b2d
8b5332
874f2d
8d5634
895532
8d5835
8e5835
8e5835
8f5735
8f5534
8f5433
915635
945733
945833
945834
935833
935934
905732
915833
915834
915836
915937
905836
905836
905a36
8f5936
905935
925733
935733
915832
915732
915934
8f5731
915a34
8b542e
8a512d
8d5633
89522e
8f5836
885332
855030
875132
885336
553524
3c251a
694330
724530
634135
553c2b
503822
4f3e32
4d4135
2e261b
4f4c44
e5e4de
f7f6f3
eeebeb
f0f0ed
f1f1ef
f1f1ef
f1f1ee
f1f1ee
f1f1ef
f1f1ef
f1f1ef
f3f2ef
f3f2ef
f3f2ef
f3f2ef
f3f2ef
f3f2ef
f3f2ef
f3f2ef
f3f2ef
f3f2ef
f3f2ef
f3f2ef
f3f2ef
f3f2ef
f3f2ef
f3f2ee
f3f2ee
f3f2ee
f3f2ee
f3f2ee
f3f2ef
f3f2ef
f3f2ee
f2f2f0
f2f2f0
f2f2f0
f2f2f0
f2f2f0
f2f2f0
f2f2f0
f2f3f0
f3f4ef
f3f4ef
f3f4ef
f3f4ef
f3f4ef
f3f4ef
f3f4ef
f3f4ef
f3f4ef
f3f4ef
f3f4ef
f3f4ef
f3f4ef
f3f4ef
f3f4ef
f3f4ef
f3f4ef
f3f4ef
f3f4ef
f3f4ef
f3f4ef
f3f4ef
f3f4ef
f3f4ef
f4f3ef
f4f3ef
f6f2ef
f7f2ef
f7f2ef
f6f2ef
f4f3f1
f4f3f1
f4f3f2
f4f3f2
f4f3f2
f4f3f3
f4f3f3
f5f3f1
f5f2f1
f5f2f1
f4f3f1
f5f4f2
f4f4f2
f4f4f2
f4f4f2
f3f3f2
f3f3f2
f3f3f2
f3f3f1
f3f3f1
f3f3f1
f3f3f1
f5f2f1
f6f1f1
f7f1f1
f6f2f1
f6f2f1
f5f2f1
f4f3f1
f4f3f1
f3f3f1
f3f3f1
f3f3f1
f3f3f1
f3f3f2
f3f3f2
f3f3f2
f3f3f1
f3f4ef
f4f5ef
f4f3ef
f5f3ef
f5f2ee
f7f2ef
f6f2ef
f1f2ed
eff1ec
f1f3ee
f2f2ee
f4f4ef
f4f3ef
f6f2ef
f5f2ef
f3f4ef
f3f4ef
f3f4ef
f2f3ee
f1f2ed
f0f2ed
f0f1ec
eff2ed
eff1ee
eff1ee
eff1ee
f0f0ee
f1f1ef
f2f1ef
f2f1ef
f0efed
f0efed
f0efed
f0efed
f0efed
f0efed
f0efed
efeeed
f0eeed
f0efee
f0efee
f1f0ed
f1f0ed
f1f0eb
eeede9
eeece6
eae6e0
e6e2dc
ebe7e1
c7c4bd
2d2922
2c2820
36352c
2f3426
32372a
383b30
3a3b31
3d3b33
423e36
443d37
3c382f
3f3b2f
39362b
3a382f
38362d
38362f
393730
383732
353633
363835
353630
363531
383730
38362d
38352a
38362a
36352b
35352b
343429
35352b
36372c
37382d
37392e
3b3a31
3d3b33
3c3b30
3d3c31
3e3b30
3e3c2f
3f3b2f
3c372b
393728
383828
373527
39382a
3a382d
3a382c
39372d
39382c
393b2d
38392a
393828
3c392b
393327
423a31
423833
403a2f
403b2e
474036
3e372d
3f382f
3d362e
39342c
38342a
3a3629
373227
383128
352c26
362b28
352a27
342828
302924
2e2823
302924
302a24
2f2923
2f2923
2f2924
2e2a23
29271e
2c2525
2d2329
2b2526
282721
282922
2b2925
302528
302526
2b2424
2b2623
2f2823
2f2621
2d2821
292a1e
2a2b1e
884d31
884d31
884d31
884d31
894e32
8a4f32
8e5438
8d5537
8c5538
8a5335
8c5536
875032
844e2d
8b5532
8b5533
8d5835
8e5937
8e5836
8e5837
8e5736
8f5636
925637
945838
935735
935635
935836
925936
915935
905936
8f5936
905a37
905a38
905a38
905a37
905a37
8f5a37
905a36
915936
945836
945836
935936
935836
915a37
925a37
935d39
8e5733
8f5736
8c5534
8e5836
8d5737
875132
845030
875233
8a5134
543424
3a2820
643f2b
71402c
654036
614437
5e412d
503d32
514238
3d3329
141006
5c5a53
e9e8e4
faf9f6
eeeeea
f1f2ed
f1f2ee
f1f2ed
f1f2ed
f1f2ed
f1f2ed
f1f2ed
f3f2ee
f3f2ee
f3f2ee
f3f2ee
f3f2ee
f3f2ee
f3f2ee
f3f2ee
f3f2ee
f3f2ee
f3f2ee
f3f2ee
f3f2ee
f3f2ee
f3f2ee
f3f2ee
f3f2ee
f3f2ee
f3f2ee
f3f2ee
f3f2ee
f3f2ee
f3f2ee
f2f2f0
f2f2f0
f2f2f0
f2f2f0
f2f2f0
f2f2f0
f2f2f0
f2f3ef
f3f4ef
f3f4ef
f3f4ef
f3f4ef
f3f4ef
f3f4ef
f3f4ef
f3f4ef
f3f4ef
f3f4ef
f3f4ef
f3f4ef
f3f4ef
f3f4ef
f3f4ef
f3f4ef
f3f4ef
f3f4ef
f3f4ef
f3f4ef
f3f4ef
f3f4ef
f4f3ef
f4f3ef
f4f3ef
f6f2ef
f6f2ef
f7f2ef
f7f2ef
f7f2ef
f4f3f1
f4f3f1
f4f3f1
f4f3f1
f4f3f1
f4f3f1
f4f3f1
f5f3f1
f6f2f1
f6f2f1
f4f3f1
f5f4f2
f4f4f2
f4f4f2
f4f4f2
f3f3f1
f3f3f1
f3f3f1
f3f3f1
f3f3f1
f3f3f1
f3f3f1
f5f2f1
f7f1f1
f7f1f1
f6f2f1
f6f2f1
f5f2f1
f4f3f1
f4f3f1
f3f3f1
f3f3f1
f3f3f1
f3f3f1
f3f3f1
f3f3f1
f3f3f1
f3f3f0
f3f4ef
f3f4ef
f4f4ef
f3f3ef
f5f3ef
f6f2ef
f6f2ef
f3f3ef
f2f4ef
f2f4ef
f3f4ef
f3f4ef
f4f3ef
f4f3ef
f5f2ef
f3f4ef
f3f4ef
f3f4ef
f2f3ee
f1f2ed
f0f2ed
f0f1ec
f0f1ed
eff1ee
eff1ee
eff0ee
f0f0ee
f1f0ee
f1f0ee
f1f0ee
f0efed
f0efed
f0efed
f0efed
f0efed
f0efed
f0efed
efeeec
efeeec
f0efed
f0efed
f1f0ec
f1f0ec
f1f0eb
eeede8
efede7
ebe7e0
e6e4dc
eae7e0
c9c6be
312f28
2e2a23
3b3a33
2c322a
31392f
353b34
32352d
32332c
35342e
36332e
36332d
38362f
34342c
35362f
35352f
353530
343532
343731
353632
373833
373631
383832
393730
38362f
38352d
36342c
36372d
37372e
37372d
383830
37372e
3a3a31
3c3c33
3e3c33
423c35
403c32
433f35
413d33
423e33
433f33
444035
3e3a33
3f3b33
3f3a31
3d3930
3e3931
3d3a30
3e3930
3d3a30
3b3b2e
3c392d
3c382a
3f392a
3e3529
443c31
41362f
433b37
423a36
3a322e
2c2520
2a221e
2b2420
29231f
28241e
27241b
2a271f
28241d
2c2722
2d2522
2f2624
322a27
362b25
3d3128
3a2e25
3c3128
3c3028
382c23
3b2f27
3f3229
3c2e22
3b2a28
3a282b
3a2a28
392f24
392f23
3b2e28
3e2e2c
3d2e2c
392c27
3c2f29
3f3229
413127
3f3126
3d3124
3f3125
8c5730
8c5630
8d5632
8c5532
8e5836
8a5133
8c5336
8d5537
895234
8a5334
8b5434
895331
8b5532
935d3a
8b5531
8f5936
925b39
925b39
935a39
925a38
945c3a
945b39
915737
925737
935838
945938
935838
915837
925838
925837
905937
905938
8f5837
905938
905938
905938
905938
915a38
95593a
965939
94593a
94593a
915a39
925b39
925c3a
905936
8d5533
8f5836
8e5836
8c5636
854f30
865132
8a5335
864f33
583a2a
36261e
5b3928
70402e
6a443b
654439
644332
5b4337
544134
504438
494337
2b281f
3c3931
c3c0bb
fefef9
f0f1ec
f0f1ed
f3f3ef
f2f3ed
f2f3ee
f2f3ee
f2f3ee
f3f2ee
f3f2ee
f3f2ee
f3f2ee
f3f2ee
f3f2ee
f3f2ee
f3f2ee
f3f2ee
f3f2ee
f3f2ee
f3f2ee
f3f2ee
f3f2ee
f3f2ee
f3f2ee
f3f2ee
f3f2ee
f3f2ee
f3f2ee
f3f2ee
f3f2ee
f3f2ee
f2f2f0
f2f2f0
f2f2f0
f2f2f0
f2f2f0
f2f2f0
f2f2f0
f2f3ef
f3f4ef
f3f4ef
f3f4ef
f3f4ef
f3f4ef
f3f4ef
f3f4ef
f3f4ef
f3f4ef
f3f4ef
f3f4ef
f3f4ef
f3f4ef
f3f4ef
f3f4ef
f3f4ef
f3f4ef
f3f4ef
f3f4ef
f3f4ef
f3f4ef
f3f4ef
f4f3ef
f5f3ef
f6f2ef
f6f2ef
f6f2ef
f6f2ef
f6f2ef
f6f2ef
f4f3f1
f4f3f1
f4f3f1
f4f3f1
f4f3f1
f4f3f1
f4f3f1
f5f3f1
f6f2f1
f6f2f1
f4f3f1
f4f3f1
f3f3f1
f3f3f1
f3f3f1
f3f3f1
f3f3f1
f3f3f1
f3f3f1
f3f3f1
f3f3f1
f3f3f1
f5f2f1
f7f1f1
f6f2f1
f6f2f1
f5f2f1
f4f3f1
f4f3f1
f3f3f1
f3f3f1
f3f3f1
f3f3f1
f3f3f1
f3f3f1
f3f3f1
f3f3f1
f3f3f0
f3f4ef
f3f4ef
f4f3ef
f4f3ef
f5f3ef
f6f2ef
f6f2ef
f4f4f0
f4f5f0
f4f5f0
f4f5f0
f3f4ef
f4f3ef
f4f3ef
f4f3ef
f3f4ef
f3f4ef
f3f4ef
f2f3ee
f1f2ed
f0f2ed
f0f0ec
f0f1ed
eff1ee
f0f0ee
f0f0ee
f0f0ed
f0efed
f2efed
f2eeed
f0efed
f0efed
f0efed
f0efed
f0efed
f0efed
f0efed
efeeec
efeeec
f0efed
f0efec
f1f0ec
f1f0ec
f1f0eb
eeede8
efece7
ebe8e1
e7e4dc
ece8e2
c8c5be
2c2922
2c2921
312f29
2b302b
2c332e
323631
363834
373833
363631
353631
373632
3a3a36
3d3d39
3c3c38
3a3b36
393b37
3a3d39
3a3d39
3a3c38
3a3b37
393a37
393a37
393a37
373836
373737
363735
313530
343531
333430
33342f
343531
2f2f2b
2c2d28
32302c
33302c
322f2b
383731
383631
3b3b33
383930
383831
393836
3a3936
3a3835
3c3b36
393832
383830
3c3c31
3f3f36
3c3a32
413b2f
433b2f
413729
44392e
3f382c
352d22
2d231f
302724
2b231d
312c24
3e372e
463d33
4c4137
4c4136
504137
4b3e32
4e4034
4b3e31
4c3d2f
504333
4f422f
564332
584133
5a4335
523b2d
563f31
5a4334
5a4436
5b4535
583f2c
4c382c
47352d
4b392f
503c2b
533f2b
514232
4b3d2f
4e3b2d
563e30
604538
5c4634
564331
5c4331
614333
614537
89552e
88552e
8a5631
8b5630
8a5531
875331
8b5534
8a5434
8b5534
86502f
8b5531
8b5531
8c5632
8d5731
8d5832
905734
935a35
935b36
935a37
925a36
915b35
905a34
905935
915836
935936
8f5834
915936
925734
935837
945936
925835
915835
915834
915935
915835
915935
915935
915936
955936
955936
945937
945937
925a37
905935
8d5732
915a36
8d5533
8d5635
8c5634
905939
865031
855031
8a5435
895136
5a3d2f
33251d
543322
704230
6c463e
674339
653f2e
593d30
563f32
534135
52493e
534e44
39362c
27241c
9a9892
fcfdf8
f0f1eb
efefea
f3f4ee
f2f3ee
f2f3ee
f2f3ed
f3f2ee
f3f2ee
f3f2ee
f3f2ee
f3f2ee
f3f2ee
f3f2ee
f3f2ee
f3f2ee
f3f2ee
f3f2ee
f3f2ee
f3f2ee
f3f2ee
f3f2ee
f3f2ee
f3f2ee
f3f2ee
f3f2ee
f3f2ee
f3f2ee
f3f2ee
f2f2ee
f2f2f0
f2f2f0
f2f2f0
f2f2f0
f2f2f0
f2f2f0
f2f2f0
f2f3ef
f3f4ef
f3f4ef
f3f4ef
f3f4ef
f3f4ef
f3f4ef
f3f4ef
f3f4ef
f3f4ef
f3f4ef
f3f4ef
f3f4ef
f3f4ef
f3f4ef
f3f4ef
f3f4ef
f3f4ef
f3f4ef
f3f4ef
f3f4ef
f3f4ef
f4f3ef
f6f2ef
f7f2ef
f6f2ef
f6f2ef
f6f2ef
f5f2ef
f4f3ef
f4f3ef
f4f3f1
f4f3f1
f4f3f1
f4f3f1
f4f3f1
f4f3f1
f4f3f1
f5f3f1
f6f2f1
f6f2f1
f4f3f1
f4f3f1
f3f3f1
f3f3f1
f3f3f1
f3f3f1
f3f3f1
f3f3f1
f3f3f1
f3f3f1
f3f3f1
f3f3f1
f4f3f1
f6f2f1
f5f2f1
f4f3f1
f4f3f1
f3f3f1
f3f3f1
f3f4f1
f3f3f1
f3f3f1
f3f3f1
f3f3f1
f3f3f1
f3f3f1
f3f3f2
f3f3f0
f3f4ef
f3f4ef
f4f3ef
f4f3ef
f5f3ef
f6f2ef
f6f2ef
f5f3ef
f3f4ef
f4f3ef
f3f4ef
f3f4ef
f2f4ef
f2f4ef
f3f4ef
f3f4ef
f3f4ef
f3f4ef
f2f3ee
f1f2ed
f1f1ed
f0f1ec
f0f1ed
f1f0ee
f1f0ee
f0efed
f1efed
f3efee
f3eeee
f3eeee
f0efed
f0efed
f0efed
f0efed
f0efed
f0efed
f0efed
f0efed
f0efed
f0efed
f0efec
f0efeb
f0efeb
f0efea
eeede9
edebe5
e9e6df
e8e5de
eeece5
bdbab3
232019
2b2820
2c2924
2c2826
2c2926
2a2822
2d2a23
2e2b23
2e2921
2a271b
2c2620
2d2722
2f2823
2d2621
2b251f
28251d
29261e
28251e
24211e
252220
232320
23231f
252624
242523
272825
242623
252924
272824
252621
282824
292724
2c2826
2c2926
2f2925
312a25
2c2622
292621
2a2823
272721
262722
242520
282b23
272721
272922
292c23
2c2f25
2f3126
35382b
393a2e
3c382d
423a2f
463a2e
423427
44382e
3d352c
2b251d
2f251c
342c21
292314
352e1d
493e2c
4b3a28
58412e
5f4230
62412f
63402f
62412e
5e3f2a
604129
5f4329
5f4225
5d3f29
5e3f2d
5d3d2b
583826
583a27
60412e
5e3f2c
5f412c
5b4129
4c3d2a
403728
483a2a
553d29
59442d
443c26
453c25
553f2a
62402e
634230
5a422c
514128
5e432e
65412e
5f412d
875534
875534
885634
895634
885633
875532
885531
885531
895230
8a5431
8e5733
8d5631
8d5630
8d5731
8d5731
915731
945a34
955a35
935a34
925c36
925c36
915b35
915b35
905a33
905a32
915b33
915a32
935932
935832
935731
935930
925930
925930
925930
925930
92592f
92592f
935930
955933
965a33
945933
955c35
915a32
925c34
8e5a31
925c36
925938
8e5737
8d5735
8e5837
8d5738
865233
875132
8d5439
5d3f31
33251e
503120
714432
6b443d
68413a
683e2e
5b3c2d
5c4134
534033
4e4335
453e32
4a483c
312f25
0a0a02
6c6d67
f7f8f2
fdfdf5
f0f1ea
f2f4ed
f4f5ef
f3f4ee
f3f2ee
f3f2ee
f3f2ee
f3f2ee
f3f2ee
f3f2ee
f3f2ee
f3f2ee
f3f2ee
f3f2ee
f3f2ee
f3f2ee
f3f2ee
f3f2ee
f3f2ee
f3f2ee
f3f2ee
f3f2ee
f3f2ee
f3f2ee
f3f2ee
f3f2ee
f2f2ef
f2f2f0
f2f2f0
f2f2f0
f2f2f0
f2f2f0
f2f2f0
f2f2f0
f2f3ef
f3f4ef
f3f4ef
f3f4ef
f3f4ef
f3f4ef
f3f4ef
f3f4ef
f3f4ef
f3f4ef
f3f4ef
f3f4ef
f3f4ef
f3f4ef
f3f4ef
f3f4ef
f3f4ef
f3f4ef
f3f4ef
f3f4ef
f3f4ef
f3f4ef
f3f4ef
f6f2ef
f7f2ef
f7f2ef
f6f2ef
f4f3ef
f3f3ef
f3f4ef
f4f3ef
f4f3f1
f4f3f1
f4f3f1
f4f3f1
f4f3f1
f4f3f1
f4f3f1
f5f3f1
f6f2f1
f6f2f1
f4f3f1
f4f3f1
f3f3f1
f3f3f1
f3f3f1
f3f3f1
f3f3f1
f3f3f1
f3f3f1
f3f3f1
f3f3f1
f3f3f1
f3f3f1
f4f3f1
f4f3f1
f3f3f1
f3f3f1
f2f3f1
f2f4f1
f1f4f1
f3f3f1
f3f3f1
f3f3f1
f3f3f1
f3f3f1
f3f3f1
f3f3f1
f3f3f0
f3f4ef
f3f4ef
f4f3ef
f4f3ef
f5f3ef
f7f2ef
f5f2ef
f6f2ef
f5f3ef
f5f3ef
f3f4ef
f3f4ef
f2f4ef
f2f4ef
f2f4ef
f3f4ef
f3f4ef
f3f4ef
f2f3ee
f1f2ed
f1f1ed
f0f1ec
f1f1ed
f1f0ee
f1f0ee
f1eeed
f3eeed
f4eeee
f5eeee
f4eeee
f1efed
f0efed
f0efed
f0efed
f0efed
f0efed
f0efed
f0efed
f0efed
f0efed
f0efec
f0efec
f0efeb
f0efeb
eeede8
ece9e3
e9e6df
e8e5de
ebeae2
b7b4ad
25221b
38362e
49433c
51423d
4e3f38
4c3d36
4b3e33
483b2d
48392b
473a28
48392d
493832
4b3a32
48382f
47382f
47392c
473a2b
483a2c
4d3830
4e3a31
49362b
463628
4b3b2c
4b3d2c
4f412e
514635
493e2f
4d4232
4f4233
504233
584437
574036
5a4339
5a4233
5e4535
5c4436
594535
564535
544537
504134
54473a
464031
4b4536
393323
2d2617
41392e
4a4237
443c30
423c2e
433e2d
42392a
47372a
48372d
45372f
2d2520
2e2b26
382f2a
3a312a
2a2317
392f20
564233
5a3c2c
663d2e
6a3d2f
693d2d
6b3d2d
673b2b
693e2d
653c28
623d28
68432d
65422d
613f29
63412c
62402a
613e29
64422c
64432c
68452e
674733
524232
31291d
412d20
664537
634535
473b28
3e3821
5e4932
694231
6b4737
4b3923
3c361c
56442e
61402f
61412d
845436
835436
855535
865434
875635
895834
875431
895332
8a5532
8d5835
8e5833
8b5631
8d5631
8e5833
905a34
955b37
935a36
925834
915834
8e5832
8e5831
915a34
915b32
905b2e
905a2d
91592c
91592c
935930
945930
935930
93582d
935a2c
94592d
91582b
92582c
93582e
93592e
93592e
95592f
965930
94592f
935a2f
935a2f
955c31
925b30
965f36
925b37
935c39
8e5834
8e5836
8c5635
8a5535
8d5637
8a5437
604032
35251f
4a321f
6c4633
6b413b
6e433d
653c2c
5f402f
5a4130
534132
4d4232
494335
494639
2d2b1f
45433a
686861
65655d
bfbfb8
fffff9
f7f8f1
eeefe9
f4f4ee
f3f2ef
f3f2ef
f3f2ef
f3f2ef
f3f2ef
f3f2f0
f3f2f0
f3f2ef
f3f2ee
f3f2ee
f3f2ee
f3f2ee
f3f2ee
f3f2ee
f3f2ee
f3f2f1
f3f2f0
f3f2f0
f3f3f0
f3f3f0
f3f2f0
f3f2ee
f2f2ee
f2f3f0
f2f3f0
f2f3f0
f2f3f0
f2f3f0
f2f3f0
f2f3f0
f2f3ef
f3f4ef
f3f4ef
f3f4ef
f3f4ef
f3f4ef
f3f4ef
f3f4ef
f3f4ef
f3f4ef
f3f4ef
f3f4ef
f3f4ef
f2f4ef
f3f4ef
f3f4ef
f3f4ef
f3f4ef
f3f4ef
f3f4ef
f3f4ef
f3f4ef
f3f4ef
f7f2ef
f7f2ef
f6f3ef
f6f3ef
f5f2ef
f3f4ef
f3f4ef
f4f3ef
f4f3f1
f4f3f1
f4f3f1
f4f3f1
f4f3f1
f4f3f1
f4f3f1
f5f3f1
f6f3f1
f6f3f1
f5f3f1
f4f3f1
f4f3f1
f4f3f1
f4f3f1
f3f3f1
f3f3f1
f3f3f1
f3f3f1
f3f3f1
f3f3f1
f3f3f1
f3f3f1
f3f3f1
f4f3f1
f2f3f1
f2f4f1
f3f4f1
f2f4f1
f2f4f1
f2f4ef
f3f3f0
f3f3f0
f3f3f0
f3f3f0
f3f3f0
f3f3f0
f3f3f0
f3f4ef
f3f4ef
f3f4ef
f4f3ef
f5f3ef
f5f2ef
f5f2ef
f5f2ef
f5f2ef
f4f3ef
f4f4ef
f2f4ef
f2f4ef
f1f4ef
f1f4ef
f2f4ef
f2f3ef
f2f3ef
f2f2ee
f1f1ee
f1f0ee
f0f0ee
f1f0ef
f1efee
f1f0ee
f1eeed
f1eeed
f2eeed
f3eeee
f3eeee
f1efed
f0efed
f0efed
f0efed
f0efed
f0efed
f0efed
f0efee
f1f0ed
f1f0ed
f1f0ed
f1f0ec
f0efeb
f0efea
efeee9
ebe9e4
e9e6e2
e9e6e1
e9e6e0
d1cec8
312e28
2f2d27
544e46
4f4036
534035
574136
563d31
584230
55432d
54472d
54412e
594034
594133
5b4333
5d4635
5e4735
5a4330
5b452f
614330
664633
654630
5f412a
60432a
62462c
63472c
63482d
63472f
60452c
63482f
674830
66472f
5e3e27
66442e
633f29
65412b
6c4833
6b4833
664731
634530
60432e
5e412c
563f2a
5a4837
423125
2e1f13
47352a
513f32
4e3d32
3f3727
3c3925
413928
463a2c
45372d
3e312c
2c2422
2c2525
402f30
362e2a
27211b
412d26
614337
61402f
683b2e
6b382e
6b3c2e
6b3c2e
66392b
66392b
693c2d
663a2b
6c4232
6d4430
6d4631
6a442e
68412b
66402b
68432e
6a4630
653f2a
6c4333
584136
30261d
3e2b1f
6a4838
724f3f
4a3527
473827
654d38
6a4633
6d4c3a
493826
3d3420
574331
61402d
623f2c
825234
845234
865435
875435
854f30
895434
8b5636
8c5534
8e5934
8d5831
8f5934
915935
915733
915732
925833
925a37
8f5733
8d5531
8f5732
8e5730
905930
8e572f
905a2f
935b30
935a30
935930
945a32
945a33
955a34
935833
925a31
925a2e
935b31
935b30
915930
925a33
935a35
935a35
955a34
955a33
955a34
935932
925831
975d36
965c34
905833
9a623e
925b36
945c3a
8f5736
8d5636
8e5637
8c5435
865434
613d2d
37241e
44341f
674733
6e3f3b
6b4037
64412d
5e4030
5a4332
544433
4f4434
464031
434032
18160a
868379
ffffff
bdbab1
4f4e49
686762
dfdfd9
fffffb
f4f5f0
f3f2f0
f3f2f0
f3f2f0
f3f2f0
f3f2f1
f3f1f2
f3f1f2
f3f2ef
f3f2ee
f3f2ee
f3f2ee
f3f2ee
f3f2ee
f3f2ee
f3f2ee
f4f2f4
f4f2f3
f4f2f3
f4f2f3
f4f2f3
f4f3f1
f4f3ef
f3f3ef
f3f4ef
f3f4ef
f3f4ef
f3f4ef
f3f4ef
f3f4ef
f3f4ef
f3f4ef
f3f4ef
f3f4ef
f3f4ef
f3f4ef
f3f4ef
f3f4ef
f3f4ef
f3f4ef
f3f4ef
f3f4ef
f3f4ef
f3f4ef
f3f4ef
f2f4ef
f3f3ef
f4f3ef
f4f3ef
f4f3ef
f4f3ef
f4f3ef
f4f3ef
f4f3ef
f5f4f0
f5f4f0
f5f4f0
f5f4f0
f4f3ef
f4f3ef
f4f3ef
f4f3ef
f4f3f1
f4f3f1
f4f3f1
f4f3f1
f4f3f1
f4f3f1
f4f3f1
f4f3f0
f5f4f0
f5f4f0
f5f4f0
f5f4f0
f5f4f0
f5f4f0
f5f4f0
f3f3f1
f3f3f1
f3f3f1
f3f3f1
f3f3f1
f3f3f1
f3f3f1
f3f3f1
f3f3f1
f3f3f1
f3f3f1
f3f3f1
f3f3f1
f3f3f1
f3f3f1
f3f4ef
f3f4ef
f3f4ef
f3f4ef
f3f4ef
f3f4ef
f3f4ef
f3f4ef
f3f4ef
f3f4ef
f3f4ef
f3f4ef
f3f4ef
f3f4ef
f3f4ef
f3f4ef
f3f4ef
f3f4ef
f3f4ef
f3f4ef
f3f4ef
f2f3ee
f2f3ee
f2f3ee
f1f2ee
f1f1ef
f1f1ef
f0f0f0
f0f0f0
f0f0f0
f0efef
f0efed
f0efed
f0efed
f0efed
f0efed
f0efed
f0efed
f0efed
f0efed
f0efed
f0efed
f0efed
f0efed
f0efed
f1f0ed
f2f1ed
f2f1ed
f2f1ed
f2f1ed
f1f0ec
f0efeb
efeeea
eceae7
eae6e5
e9e5e2
e8e4e1
d5d2cd
393631
32302b
504d45
4e4537
4d3d2f
584032
5e3f31
5f412e
59432c
574b2f
554129
5c3f2c
5c422d
5d412c
614530
644631
63452e
62442d
62442d
62442c
64462e
64462e
64462e
64452d
63462e
64452d
66442b
64452b
63452a
63442a
63442b
64452b
624228
63422d
64432f
684732
6a4935
684834
64442f
654531
60402a
5d3c24
5d4737
3f312a
2b1e16
402e21
4d392b
4b3a2e
3e3324
36301e
393123
372f23
322920
281f19
2b2120
332626
48332f
322f28
24231d
452b23
674433
5f4328
66412d
683829
6a3b2a
6d3d2c
6e3f2d
6f412f
744533
744433
754434
764731
744630
6f422d
6d422c
69412c
6a442e
6b4634
663e2b
6f4532
584135
2d261b
3a311d
644c31
71523a
4d3328
4b3225
674934
694a32
6a5039
4a3726
443224
5c4031
69432f
62402c
844a2f
844c2f
834b2e
834c2d
844d2e
804b2b
854f2e
854f2c
89512d
915933
915731
945933
8f542c
90542b
92562c
8f5630
8e572f
8e572e
8f582e
8d562c
8e572b
915c2e
905a2f
905532
915633
925834
935934
925732
925831
8f562e
905931
905b33
915d34
915b34
915a34
905b34
905a35
905934
915a34
925a35
925a34
935a35
935a34
905833
925a34
945a36
975c3b
935838
925737
925638
915539
905538
884d2f
865232
5d3729
38231e
46351f
61422d
6a3b37
6c4037
62422c
604132
5b4332
514030
4e4334
443e31
373428
2c2a1e
cecbc2
f5f2eb
fcf9f3
fbf9f2
969692
4c4c47
a5a6a1
e7e8e4
f3f3f0
f3f2f0
f3f2f0
f3f2f0
f3f2f0
f3f2ef
f3f2f0
f3f2ef
f3f2ee
f3f2ee
f3f2ee
f3f2ee
f3f2ee
f3f2ee
f3f2ee
f4f2f2
f4f2f3
f4f2f2
f4f3f1
f4f3f1
f4f3ef
f4f3ef
f3f3ef
f3f4ef
f3f4ef
f3f4ef
f3f4ef
f3f4ef
f3f4ef
f3f4ef
f3f4ef
f3f4ef
f3f4ef
f3f4ef
f3f4ef
f3f4ef
f3f4ef
f3f4ef
f3f4ef
f3f4ef
f3f4ef
f3f4ef
f3f4ef
f3f4ef
f3f4ef
f3f3ef
f4f3ef
f4f3ef
f4f3ef
f4f3ef
f4f3ef
f4f3ef
f4f3ef
f5f4f0
f5f4f0
f5f4f0
f5f4f0
f4f3ef
f4f3ef
f4f3ef
f4f3ef
f4f3f1
f4f3f1
f4f3f1
f4f3f1
f4f3f1
f4f3f1
f4f3f1
f4f3f0
f5f4f0
f5f4f0
f5f4f0
f5f4f0
f5f4f0
f5f4f0
f5f4f0
f3f3f1
f3f3f1
f3f3f1
f3f3f1
f3f3f1
f3f3f1
f3f3f1
f3f3f1
f3f3f1
f3f3f1
f3f3f1
f3f3f1
f3f3f1
f3f3f1
f3f3f1
f3f4ef
f3f4ef
f3f4ef
f3f4ef
f3f4ef
f3f4ef
f3f4ef
f3f4ef
f3f4ef
f3f4ef
f3f4ef
f3f4ef
f3f4ef
f3f4ef
f3f4ef
f3f4ef
f3f4ef
f3f4ef
f3f4ef
f3f4ef
f3f4ef
f2f3ee
f2f3ee
f2f3ee
f1f3ed
f1f2ed
f1f1ee
f0f0ed
f0f0f0
f0f0f0
f0efee
f0efed
f0efed
f0efed
f0efed
f0efed
f0efed
f0efed
f0efed
f0efed
f0efed
f0efed
f0efed
f0efed
f0efed
f1f0ed
f2f1ed
f2f1ed
f2f1ed
f2f1ed
f1f0ec
f0efeb
eeeeea
eeebe8
ece8e5
eae6e3
e7e4e0
dcd9d4
423f38
2b2822
48453c
4e4939
534637
594133
634233
63402e
62422e
60452e
5b402a
5f422e
624430
63442e
63432e
63422c
614029
603f28
62422b
61442c
60422a
61432a
61432b
61432b
61432b
61432b
61442a
614229
614128
634229
64442b
614229
5d4025
64452f
61412d
674731
664631
63432e
664631
5f3f2a
5f3f29
583920
5e4839
3e2f27
2b1c15
443123
50392b
4b382b
4b382b
483629
4a392e
483930
31251f
312721
302722
392c29
4a3732
302e27
26261f
452b24
654130
64462d
68422f
754335
6e3e2e
6c3b2a
734231
71402f
703f2e
724230
734432
70422d
71422b
6b3e2a
69402a
69402c
67412d
68422f
69422e
6e4532
594235
2d241a
3b2f1d
644b30
6e5138
483125
4b3227
6e4e3b
684932
654d37
453322
443225
5d4334
66422e
654530
884b2f
874c2f
874c2f
854c2e
854d2d
854f2d
824e2a
87522e
88502b
8f5731
905630
935931
93582d
94582c
965a2d
915a2d
905a2d
905b2d
905b2d
8f592d
91592d
8f592c
90592e
905630
8f552e
925730
90572c
90572a
8f582a
905828
92572b
92572d
91552a
92572d
95582e
93572d
92562d
92562d
94582d
94572d
95582e
95582e
96592f
95582f
93552c
93562f
90552f
935830
91562f
955a31
90562e
925730
91572f
8a5633
603a2d
39231e
46341f
5d3f29
6e403b
6e453b
60422c
5f4132
583f31
564436
3f3327
4b463a
353127
3e3b31
ece9e2
f0ede8
f0ede7
f1f0eb
ffffff
e4e5e0
cacbc8
eaebe8
f2f1f1
f3f2f0
f3f2ef
f3f2ef
f3f2ee
f4f3ed
f4f3ee
f3f2ee
f3f2ee
f3f2ee
f3f2ee
f3f2ee
f3f2ee
f3f2ee
f3f2ee
f4f3f0
f4f3f1
f4f3f1
f4f3f0
f4f3ef
f4f3ee
f4f3ee
f3f3ee
f3f4ef
f3f4ef
f3f4ef
f3f4ef
f3f4ef
f3f4ef
f3f4ef
f3f4ef
f3f4ef
f3f4ef
f3f4ef
f3f4ef
f3f4ef
f3f4ef
f3f4ef
f3f4ef
f3f4ef
f3f4ef
f4f3ef
f4f2ef
f5f2ef
f6f2ef
f5f2ef
f4f3ef
f5f3ef
f4f3ef
f4f3ef
f4f3ef
f4f3ef
f4f3ef
f4f3ef
f5f3ef
f4f3ef
f5f4f0
f4f3ef
f4f3ef
f4f3ef
f4f3ef
f4f3f1
f4f3f1
f4f3f1
f4f3f1
f4f3f1
f4f3f1
f4f3f1
f4f3f0
f5f4f0
f5f4f0
f5f4f0
f5f4f0
f5f4f0
f5f4f0
f5f4f0
f3f3f1
f3f3f1
f3f3f1
f3f3f1
f3f3f1
f3f3f1
f3f3f1
f3f3f1
f3f3f1
f3f3f1
f3f3f1
f3f3f1
f3f3f1
f3f3f1
f3f3f1
f3f4ef
f3f4ef
f3f4ef
f3f4ef
f3f4ef
f3f4ef
f3f4ef
f3f4ef
f3f4ef
f3f4ef
f3f4ef
f3f4ef
f3f4ef
f3f4ef
f3f4ef
f3f4ef
f3f4ef
f3f4ef
f3f4ef
f3f4ef
f3f4ef
f3f4ef
f3f4ef
f3f4ee
f2f3ee
f2f3ee
f1f3ed
f0f1ee
f1f1ef
f1f1f0
f0f0ee
f0efed
f0efed
f0efed
f0efed
f0efed
f0efed
f0efed
f0efed
f0efed
f0efed
f0efed
f0efed
f0efed
f0efed
f1f0ed
f2f1ed
f2f1ed
f2f1ed
f2f1ed
f2f1ed
f1f0ec
efeeea
efede8
eeeae6
ebe8e3
e7e4de
e5e2dc
4a4740
231f17
47453a
565342
5a4d3e
614a3d
654436
664030
633e2c
67422e
65442e
60412e
62422e
65442f
62422c
65432b
63412a
634128
62432c
62452d
62442c
61432c
62442c
62442c
63442c
60432a
61462b
65462c
68462d
68442c
6a472f
604228
60452a
5c3d27
61412c
61412c
63432e
5c3c27
61412c
5e3e29
61402a
5c3a23
624b3d
3f3027
312117
564131
604736
5b4436
5f463a
64483d
594139
412e28
342520
352a24
3c2f29
3c2e28
483630
2c2b24
22241d
482e26
653f2f
63432c
69412e
713d30
6c3b2a
723e2d
754030
733e2e
713d2d
6e3f2d
6e412e
6f412c
6f412a
6d3f2a
6a402a
69412c
6b4530
68422f
633d29
6e4734
5d473a
2f251c
3f2e1e
684d33
6e5039
493225
4b3328
6b4b3a
6b4a36
5f4633
3e2e1f
433428
5a4234
61412d
5d412c
8c5435
8a5535
8b5434
8a5433
895431
87532f
8c5834
8c5734
8b5634
895430
8e5832
8f5931
90582e
8f572a
8f5729
8f592a
8e592b
8d572b
8d572c
8d562e
8f562f
8f5831
915932
93592f
965c32
955b2f
945b2f
945b2f
945c2e
955c2e
965b30
995a31
995a32
995a30
95572d
985a2e
985a2e
975a2d
965a2e
965a2e
985b2f
995d31
975b2f
975b2f
985b30
955b30
915c31
935b30
925b30
915b2e
925d2e
925d2e
945f30
905a37
663d30
351f1b
45341f
654631
6b403b
6d473c
61422e
5e3f32
5f4539
544134
50443a
595348
1f1a10
646058
f9f6f0
f3f0eb
f6f3ee
f3f1ed
f0efeb
f6f6f3
fbfbf9
f4f4f2
f3f1f2
f3f1f2
f3f2ef
f3f2ee
f3f2ed
f4f4ec
f4f4eb
f3f3ed
f3f2ee
f3f2ee
f3f2ee
f3f2ee
f3f2ee
f3f2ee
f3f2ee
f4f2f0
f4f3f0
f4f3ef
f4f3ef
f4f3ee
f4f3ee
f4f3ed
f3f4ed
f3f4ef
f3f4ef
f3f4ef
f3f4ef
f3f4ef
f3f4ef
f3f4ef
f3f4ef
f3f4ef
f3f4ef
f3f4ef
f3f4ef
f3f4ef
f3f4ef
f3f4ef
f2f4ef
f2f4ef
f3f4ef
f5f3ef
f7f2ef
f8f2ef
f9f1ef
f7f2ef
f4f3ef
f4f3ef
f4f3ef
f4f3ef
f4f3ef
f4f3ef
f5f3ef
f4f3ef
f4f3ef
f4f3ef
f4f3ef
f4f3ef
f4f3ef
f4f3ef
f4f3ef
f4f3f1
f4f3f1
f4f3f1
f4f3f1
f4f3f1
f4f3f1
f4f3f1
f4f3f0
f5f4f0
f5f4f0
f5f4f0
f5f4f0
f5f4f0
f5f4f0
f5f4f0
f3f3f1
f3f3f1
f3f3f1
f3f3f1
f3f3f1
f3f3f1
f3f3f1
f3f3f1
f3f3f1
f3f3f1
f3f3f1
f3f3f1
f3f3f1
f3f3f1
f3f3f1
f3f4ef
f3f4ef
f3f4ef
f3f4ef
f3f4ef
f3f4ef
f3f4ef
f3f4ef
f3f4ef
f3f4ef
f3f4ef
f3f4ef
f3f4ef
f3f4ef
f3f4ef
f3f4ef
f3f4ef
f3f4ef
f3f4ef
f3f4ef
f3f4ef
f3f4ef
f3f4ef
f3f4ed
f3f4ed
f3f4ee
f2f3ed
f1f2ed
f1f1ee
f1f1ef
f0f0ee
f0efed
f0efed
f0efed
f0efed
f0efed
f0efed
f0efed
f0efed
f0efed
f0efed
f0efed
f0efed
f0efed
f0efed
f1f0ed
f2f1ed
f2f1ed
f2f1ed
f2f1ed
f2f1ed
f1f0ec
f0efeb
efede8
efebe6
ebe8e2
e6e3dd
efebe4
59564e
1f1d13
49463c
585443
574d3c
5c4939
624535
63402f
643d2c
673f2b
66442e
5f432d
61432c
63442d
65452d
65452c
614129
624328
62432b
62442c
64452e
65472f
63452d
63452d
63452d
61462d
5f4529
64452b
6a462e
6b462f
65422a
624329
61462b
5c3e28
5e3d28
5b3b26
5d3d28
5e3e29
5c3c26
5f402b
5f3e28
623f29
654d3e
43322b
362419
553d2c
624533
624636
5f4336
604237
563d36
36251f
30251f
392f27
403228
423025
4a3932
2c2e26
20231c
472e26
664030
65432c
683d2b
743e31
733f30
753f2e
773d2f
773c2f
733e2e
6f402e
6e422f
70432d
6d3f28
6e402a
693f29
6a412d
6b4530
66402d
653e2b
6f4936
594337
30241c
422f1f
664931
72553d
443123
493328
6a4b3a
694935
553c29
3b2b1c
3f3428
5a4638
5f432f
5c412d
885939
895939
8b5a38
8a5937
8c5835
8e5a35
8b552f
8b5835
8c5b3c
905f3d
8e5c3a
905d37
936037
925e33
915d31
925c33
935c35
945d37
945d37
965f3c
97603e
935c3a
935c3b
915736
8e5434
8d5333
905637
905538
905537
905538
8d5638
8b5638
8b5537
8b5636
8b5634
8b5733
8c5834
88532f
8c5937
875534
885634
885533
895635
8a5837
895736
8b5637
895635
895534
895534
895533
885632
8c5935
8c5833
8b5634
663b2d
39211d
463321
5d3f2c
663d37
6a453a
60432f
5e3f35
5d4539
4d3a2e
685c52
514a3f
19150c
98958e
fffcf6
f3f0ec
f4f0ed
f4f2ef
f3f2f0
f1f1ef
f1f1ef
f2f2f2
f3f1f2
f3f1f2
f3f2ef
f3f2ee
f4f3ed
f4f4eb
f4f4e9
f4f3ec
f3f2ee
f3f2ee
f3f2ee
f3f2ee
f3f2ed
f3f2ee
f3f2ef
f4f3ef
f4f3ef
f4f3ef
f4f3ee
f5f4ef
f5f4ef
f5f5ed
f4f5ee
f3f4ef
f3f4ef
f3f4ef
f3f4ef
f3f4ef
f3f4ef
f3f4ef
f3f4ef
f3f4ef
f3f4ef
f3f4ef
f3f4ef
f3f4ef
f3f4ef
f3f4ef
f2f4f0
f2f4f0
f3f4f0
f6f3ef
f8f1ef
f9f1ef
faf0ef
f7f1ef
f4f3ef
f4f3ef
f4f3ef
f4f3ef
f4f3ef
f4f3ef
f5f3ef
f4f3ef
f4f3ef
f4f3ef
f4f3ef
f4f3ef
f4f3ef
f4f3ef
f4f3ef
f4f3f1
f4f3f1
f4f3f1
f4f3f1
f4f3f1
f4f3f1
f4f3f1
f4f3f0
f5f4f0
f5f4f0
f5f4f0
f5f4f0
f5f4f0
f5f4f0
f5f4f0
f3f3f1
f3f3f1
f3f3f1
f3f3f1
f3f3f1
f3f3f1
f3f3f1
f3f3f1
f3f3f1
f3f3f1
f3f3f1
f3f3f1
f3f3f1
f3f3f1
f3f3f1
f3f4f0
f3f4ef
f3f4ef
f3f4ef
f3f4ef
f3f4ef
f3f4ef
f3f4ef
f3f4ef
f3f4ef
f3f4ef
f3f4ef
f3f4ef
f3f4ef
f3f4ef
f3f4ef
f3f4ef
f3f4ef
f3f4ef
f3f4ef
f3f4ef
f3f4ef
f3f4ef
f3f4ed
f3f4ec
f3f4ee
f2f3ed
f1f2ec
f1f2ed
f1f2ed
f0f0ed
f0efed
f0efed
f0efed
f0efed
f0efed
f0efed
f0efed
f0efed
f0efed
f0efed
f0efed
f0efed
f0efed
f0efed
f1f0ec
f2f1ed
f2f1ed
f2f1ed
f2f1ed
f2f1ed
f1f0ec
f0efeb
efede8
eeebe4
ebe7e1
e4e1da
ece8df
7d7a71
1d1b0f
494539
514b3b
4e4432
5a4939
5d4434
5f402f
66412f
66412e
61412c
5d432b
5d432a
5e432a
62462c
65482d
64462a
61442a
64472f
654730
64462f
64452e
664730
66462f
664731
63472e
61482c
67472e
69452d
69432d
68432d
67482f
60452b
5f412b
5c3c27
5b3b27
62422d
644430
61412d
60402c
61412b
613f2a
6e5446
4a3831
352219
543a2a
684935
644733
5f4434
5a4034
402c24
332620
362d27
362b23
413427
483627
493831
2d3128
20221b
483028
674130
624128
6b402e
763e32
723f2e
763e2e
793d30
783d2f
733e2e
6f412e
6c432f
6f422c
70412c
6f422d
6f432e
6c422e
69432e
67422f
66412d
694531
563f34
32241d
3f2c1c
6a4c34
74553e
433123
483227
6f4f3f
684936
553e2b
392b1d
3f3128
574336
5c412d
5a3f2c
7f503b
7c4d37
7c4b32
7e4a2f
7f4a2b
854f2d
854c28
804c2d
734930
6f452a
70432a
75452b
76462a
774529
78452a
764024
753f23
754125
764224
733f22
703e21
6b3a1b
6d3c20
6a3921
67351d
6b371e
6c391f
6c381d
6d381d
6d391c
6d3a20
6e3b22
6b3820
6a371f
6c391f
6c381f
6f3b21
6e3a20
6f3c22
6a391e
6c3b20
6a391e
6c3c20
683b1f
673b1c
66381d
67371d
69391f
6a3a20
693720
6b3821
6d3924
6b3721
743b1d
693b2b
3d2422
3c2723
4d2f25
5d382b
634334
5c4434
5c4637
5a4739
503f31
574b40
383127
262219
d3d1c9
faf8f1
f4f1eb
f5f1ec
f3f2ee
f3f2ef
f2f3ef
f2f3ef
f2f2f1
f1f3f0
f2f3ef
f2f3ee
f2f3ee
f3f3ee
f4f2ed
f3f3ec
f3f2ee
f3f2ee
f3f2ee
f3f2ee
f3f2ee
f3f2ee
f3f2ee
f3f2ee
f3f4ef
f3f4ef
f3f4ef
f3f4ef
f3f4ef
f3f4ef
f3f4ef
f3f4ef
f3f4ef
f3f4ef
f3f4ef
f3f4ef
f3f4ef
f3f4ef
f3f4ef
f3f4ef
f3f4ee
f3f4ee
f3f4ef
f3f4ef
f3f3f0
f3f3f0
f3f3f0
f4f2f3
f4f2f2
f4f2f2
f5f2f2
f5f3f0
f6f2f0
f6f2ef
f5f3ef
f4f3ef
f4f3ef
f4f3ef
f4f3ef
f4f3ef
f4f3ef
f4f3ef
f4f3ef
f4f3ef
f4f3ef
f4f3ef
f4f3ef
f4f3ef
f4f3ef
f4f3f0
f5f4f2
f5f4f2
f5f4f2
f5f4f2
f5f4f2
f5f4f2
f5f4f2
f5f4f1
f5f4f1
f5f4f1
f5f4f1
f5f4f1
f5f4f1
f5f4f1
f5f4f1
f5f5f2
f5f5f1
f5f5f2
f4f5f1
f2f2ee
f3f4f0
f3f4f0
f3f3f1
f3f3f1
f3f3f1
f3f3f1
f3f3f1
f3f3f1
f3f3f1
f3f3f1
f3f3f1
f3f3f0
f3f3f0
f3f3f0
f3f3f0
f3f3f0
f3f3f0
f3f3f0
f3f4ef
f3f4ef
f3f4ef
f3f4ef
f3f4ef
f3f4ef
f3f4ef
f3f4ef
f3f4ef
f3f4ef
f3f4ef
f3f4ef
f3f4ef
f3f4ef
f3f4ef
f3f4ef
f3f4ee
f3f4ef
f2f3ef
f2f3ee
f2f3ee
f2f3ee
f2f2ee
f2f1ef
f2f1ef
f2f1ef
f2f1ef
f2f1ef
f2f1ef
f2f1ef
f2f1ef
f2f1ef
f2f1ef
f2f1ef
f2f1ef
f2f1ef
f2f1ef
f2f1ee
f2f1ee
f2f1ee
f2f1ee
f1f0ec
f1f0ec
f1f0ec
f1f0eb
f2eee9
f2eae6
efe8e2
e6e0da
eee8df
a59f97
2a241b
41392f
534a3d
524938
564939
5d4637
643e31
6a3e31
694032
64412f
63452f
61422e
694c35
684931
674831
664730
674a34
624f36
604d33
614730
694833
6e4b35
6d4b34
6d4e35
6e4e36
6e4c34
6f4a34
6f4b34
6f4b35
714f38
6a4a32
684930
64432e
65432f
613f2c
63422e
644530
654733
5f422d
5f3f2b
623f2d
674d41
46352e
37251c
563f30
5f4531
614a35
584535
433326
3c2d23
3f3229
41342c
3e3128
3e2f25
443428
493630
2b2c25
21241d
4a3129
664030
614128
6c4330
764032
713e2c
733d2c
723c2b
723d2c
723e2c
703e2c
6f3f2c
703f2d
703e2d
71402f
71422f
6b402c
66422c
62412c
60422b
5f402b
61423a
36221f
3e3222
664d35
75523d
473128
432e24
714d3e
734f3d
524029
312917
4c342a
633f35
5d402c
5a3f2d
75452a
734228
734025
774123
763f21
794121
7d4421
7d4829
774a2e
845439
814f35
824f35
854f35
824a32
834b33
874f31
895233
895335
8a5435
915c3e
986345
9a6649
976647
976947
9d6d4b
a2724c
9e6c45
a26e46
a16b43
a1693f
9e6b41
9f6d46
9c6b42
9f6c44
9d6942
9f6943
9e6942
a06a43
9c683f
9b683f
9d6941
9f6b42
a46f45
9d6a3f
976538
97653a
8f5e35
8c5930
8e5a32
915c35
8e5730
945d38
975f3a
975c37
71462e
3a211b
402a29
503026
5c3725
583625
533a2d
514030
564536
524435
544a3e
2d261c
504d43
f4f1e9
f5f3ec
f5f1ea
f5f2ec
f3f2ed
f3f2ee
f2f3ee
f2f3ee
f2f2f0
f1f3ee
f1f3ee
f1f3ee
f2f3ee
f3f2ee
f3f2ee
f3f2ee
f4f2ee
f3f2ee
f3f2ee
f3f2ee
f3f2ee
f3f2ee
f3f2ee
f3f2ee
f3f4ef
f3f4ef
f3f4ef
f3f4ef
f3f4ef
f3f4ef
f3f4ef
f3f4ef
f3f4ef
f3f4ef
f3f4ef
f3f4ef
f3f4ef
f3f4ef
f3f4ef
f3f4ef
f3f4ee
f3f4ef
f3f4ef
f3f3f0
f3f3f2
f3f3f1
f3f3f3
f4f2f3
f4f2f3
f4f2f4
f4f2f3
f4f3f1
f4f3f0
f4f3ef
f4f3ef
f4f3ef
f4f3ef
f4f3ef
f4f3ef
f4f3ef
f4f3ef
f4f3ef
f4f3ef
f4f3ef
f4f3ef
f4f3ef
f4f3ef
f4f3ef
f4f3ef
f4f3f0
f5f4f2
f5f4f2
f5f4f2
f5f4f2
f5f4f2
f5f4f2
f5f4f2
f5f4f2
f5f4f2
f5f4f2
f5f4f2
f5f4f2
f5f4f2
f5f4f2
f5f4f2
f5f6f1
f5f6f1
f5f6f1
f5f6f0
f4f5f0
f3f4ef
f3f4ef
f3f4f0
f3f3f1
f3f3f1
f3f3f1
f3f3f1
f3f3f1
f3f3f1
f3f3f1
f3f3f1
f3f3f1
f3f3f1
f3f3f1
f3f3f1
f3f3f1
f3f3f1
f3f3f0
f3f4ef
f3f4ef
f3f4ef
f3f4ef
f3f4ef
f3f4ef
f3f4ef
f3f4ef
f3f4ef
f3f4ef
f3f4ef
f3f4ef
f3f4ef
f3f4ef
f3f4ef
f3f4ef
f3f4ef
f3f4ef
f2f3ee
f2f3ee
f2f3ee
f2f3ee
f2f2ee
f2f1ef
f2f1ef
f2f1ef
f2f1ef
f2f1ef
f2f1ef
f2f1ef
f2f1ef
f2f1ef
f2f1ef
f2f1ef
f2f1ef
f2f1ef
f2f1ef
f2f1ef
f2f1ef
f2f1ef
f2f1ee
f1f0ec
f1f0ec
f1f0eb
f1f0eb
f2eeea
f2e9e6
efe8e2
e9e2dc
f0e8e1
dfd8d0
332d24
382d24
5e4b45
58493f
554538
5b4232
663e2d
6a3d29
673f27
65422b
644331
61402d
644330
634230
654431
654431
664633
5d472f
5b442b
664831
6d4632
704933
6e4931
68492e
69482e
6d472e
6d482f
6c492f
6a492f
68492e
69492f
64452a
64432a
66422a
68452d
65422a
66432b
66432c
67432c
633f28
63402c
624b3e
42312b
32221a
513d2d
59432f
55412e
493b2c
403327
413328
423429
43352a
413328
413328
46352b
49352f
2c2b24
22241d
4b3129
653f2f
5e3f26
6a422f
703c2e
6b3b27
6c3c28
6b3b27
6c3c27
6c3c28
6c3b27
6c3b27
6e3c2c
703d2d
6e3d2c
6e402e
6b3f2c
66412c
63432c
5f442b
624631
65423d
39221f
3b3222
665037
785440
402920
4c362c
784f3f
77503d
54432c
2d2512
51332c
643b32
624530
5e4230
946844
956946
966847
996949
976648
9c6a4c
9d6a4c
90603e
8e5e39
915f3b
8e5c38
925e3c
935e3c
97613f
945e3d
925f3d
915e3e
8b5837
835132
865336
7b482e
845137
7d4c33
7c4d37
7e4e38
804f36
824e34
854d33
864e33
884d31
845134
87593a
845637
855738
875738
875637
875638
885738
845535
865435
885634
8a5835
95603e
97603d
9b6340
a56f4c
a46f4f
aa7553
a6704e
a76f4c
9e6641
9e6640
a26841
a56d40
845c3a
3a2113
463027
6d4b3b
764c37
633c29
4f3224
463123
422f22
48392d
42392e
221d12
c4c0b8
fdf9f3
f3efe9
f4f2eb
f5f2ec
f3f2ed
f3f2ee
f2f3ee
f2f3ee
f2f2f0
f1f3ee
f2f3ee
f2f3ee
f2f3ee
f3f2ef
f4f2ee
f5f1ee
f4f1ee
f3f2ee
f3f2ee
f3f2ee
f3f2ee
f3f2ee
f3f2ee
f3f2ee
f3f4ef
f3f4ef
f3f4ef
f3f4ef
f3f4ef
f3f4ef
f3f4ef
f3f4ef
f3f4ef
f3f4ef
f3f4ef
f3f4ef
f3f4ef
f3f4ef
f3f4ef
f3f4ef
f3f4ef
f3f4ef
f3f3f0
f3f3f1
f3f3f2
f3f3f3
f3f3f4
f4f2f3
f4f2f3
f4f2f2
f4f3f1
f4f3ef
f4f3ef
f4f3ef
f4f3ef
f4f3ef
f4f3ef
f4f3ef
f4f3ef
f4f3ef
f4f3ef
f4f3ef
f4f3ef
f4f3ef
f4f3ef
f4f3ef
f4f3ef
f4f3ef
f4f3ef
f4f3f0
f5f4f2
f5f4f2
f5f4f2
f5f4f2
f5f4f2
f5f4f2
f5f4f2
f5f4f2
f5f4f2
f5f4f2
f5f4f2
f5f4f2
f5f4f2
f5f4f2
f5f4f2
f5f6f1
f5f6f1
f5f6f1
f5f6f1
f6f7f2
f4f5f1
f3f4ef
f3f3f0
f3f3f1
f3f3f1
f3f3f1
f3f3f1
f3f3f1
f3f3f1
f3f3f1
f3f3f1
f3f3f1
f3f3f1
f3f3f1
f3f3f1
f3f3f1
f3f3f1
f3f3f0
f3f4ef
f3f4ef
f3f4ef
f3f4ef
f3f4ef
f3f4ef
f3f4ef
f3f4ef
f3f4ef
f3f4ef
f3f4ef
f3f4ef
f3f4ef
f3f4ef
f3f4ef
f3f4ef
f3f4ef
f3f4ef
f2f3ee
f2f3ee
f2f3ee
f2f3ee
f2f2ee
f2f1ef
f2f1ef
f2f1ef
f2f1ef
f2f1ef
f2f1ef
f2f1ef
f2f1ef
f2f1ef
f2f1ef
f2f1ef
f2f1ef
f2f1ef
f2f1ef
f2f1ef
f2f1ef
f2f1ef
f2f1ee
f1f0ec
f1f0ec
f1f0eb
f1f0eb
f3ede9
f3e9e7
efe8e2
e8e1db
f1eae2
dcd5cd
393229
342a21
5b4842
5a4a43
53463a
5d483a
674838
684634
664935
624931
624930
674e35
62482f
654c34
644b32
634a31
674e36
674a38
694a3a
694637
6b4535
694432
674633
644732
624830
604831
614831
614832
604831
614a33
614932
604931
634930
61442c
63462d
63432c
65442e
64412c
67432e
623d28
66412b
614939
3f3029
2f2018
4b3729
564232
463425
3e2f22
423429
413228
423429
42342a
423429
45362b
48372d
49352e
2b2b23
22241d
4b3129
643e2e
5c3c24
68402e
6d3a2c
6c3c28
6e3e2a
6e3e2a
6e3e2a
6d3d29
6d3e29
6d3e2a
6d3d2c
6d3d2c
6e3d2c
6e3f2d
6a3d2b
69412d
68442f
61452c
5e422a
633f3a
38211d
38311e
685338
78533e
3f291e
4a3526
7a503d
7e5441
57452f
281f0e
51332d
6d443b
5f432d
5e422f
6e4823
6b4524
6b4225
6b4326
6a4124
6c4028
693e26
663b21
64351a
64361c
6b3d24
6a3c24
6d3d26
6e3e24
6e3e25
6d4224
6d4425
6e4423
74462b
74462d
76472f
784a33
774933
744932
764a34
774a32
774930
76472d
77482c
7b492c
73482a
6b4626
6d4728
70492a
6e4426
6f4628
6f4427
714628
6d4023
704226
774829
6f4121
774727
74421f
6f3c1a
6e3c1b
6c3d1d
6f3e26
744120
855431
9b6944
9c6a44
97643d
a57040
8d6541
3c2413
482f23
76503e
95664f
895c46
694635
553c31
49362a
3f3429
272216
3e3a30
ebe5e0
f9f2ef
f4efea
f4f3eb
f5f2ec
f3f2ed
f3f2ee
f2f3ee
f2f3ee
f2f2f0
f3f2ee
f3f2ee
f3f2ee
f4f1ee
f5f1ee
f5f1ee
f6f1ee
f4f1ee
f3f2ee
f3f2ee
f3f2ee
f3f2ee
f3f2ee
f3f2ee
f3f2ee
f3f4ef
f3f4ef
f3f4ef
f3f4ef
f3f4ef
f3f4ef
f3f4ef
f3f4ef
f3f4ef
f3f4ef
f3f4ef
f3f4ef
f3f4ef
f3f4ef
f3f4ef
f3f4f0
f3f3f0
f3f3f0
f3f3f2
f3f3f3
f3f3f4
f3f3f4
f3f3f4
f4f3f2
f4f3f1
f4f3f0
f4f3f0
f4f3ee
f5f4ee
f5f4ef
f4f3ef
f4f3ef
f4f3ef
f4f3ef
f4f3ef
f4f3ef
f4f3ef
f4f3ef
f4f3ef
f4f3ef
f4f3ef
f4f3ef
f4f3ef
f4f3ef
f4f3ef
f4f3f0
f5f4f2
f5f4f2
f5f4f2
f5f4f2
f5f4f2
f5f4f2
f5f4f2
f5f4f2
f5f4f2
f5f4f2
f5f4f2
f5f4f2
f5f4f2
f5f4f2
f5f4f2
f5f6f1
f5f6f1
f5f6f1
f5f6f1
f5f6f1
f5f6f1
f5f6f1
f4f4f1
f3f3f1
f3f3f1
f3f3f1
f3f3f1
f3f3f1
f3f3f1
f3f3f1
f3f3f1
f3f3f1
f3f3f1
f3f3f1
f3f3f1
f3f3f1
f3f3f1
f3f3f0
f3f4ef
f3f4ef
f3f4ef
f3f4ef
f3f4ef
f3f4ef
f3f4ef
f3f4ef
f3f4ef
f3f4ef
f3f4ef
f3f4ef
f3f4ef
f3f4ef
f3f4ef
f3f4ef
f3f4ef
f3f4ef
f2f3ee
f2f3ee
f2f3ee
f2f3ee
f2f2ee
f2f1ef
f2f1ef
f2f1ef
f2f1ef
f2f1ef
f2f1ef
f2f1ef
f2f1ef
f2f1ef
f2f1ef
f2f1ef
f2f1ef
f2f1ef
f2f1ef
f2f1ef
f2f1ef
f2f1ef
f2f1ee
f2f1ed
f2f1ed
f2f1ec
f2f1ec
f5f0ec
f5ebe9
efe9e3
eae3dd
efe8e0
e0d9d1
423b33
2b2319
504639
545041
494537
3f342a
442f29
442b28
3d2a27
3e2d26
412e24
412e23
433026
432f26
422f25
422e24
432f25
3e3123
3b3020
3c2f1f
3c311f
3a2f1c
39311c
39331d
3d341f
413220
413020
40301f
3e2d1c
42301f
433121
42301f
46311c
503923
58402b
5c422d
5d432e
5f4430
614532
62432f
654129
624838
41322a
2d1f17
453328
4c3a2d
3f2f24
42332a
423429
403228
423429
43352a
43352a
43352a
45352b
46332c
272821
22231d
4a3129
643f2e
5d3d25
673f2c
6d3b2d
6c3c28
6c3d29
6c3e28
6c3d29
6c3d29
6c3d29
6c3d29
6b3e2b
6a3c2a
6d3e2c
6e3f2d
6b3f2c
623a26
66422c
684931
5c4128
64433a
3a231e
39311d
655033
79553e
402a1e
493222
7b4f37
825740
5b4732
291e10
563832
6b4538
5e422b
654731
875730
85552f
82522e
80522e
865434
835133
88593b
8e5e3d
97663f
966640
976740
96673f
986841
92623c
966740
946540
92653f
916540
8f613d
8f603e
8f5e3d
936242
935f3f
97633d
97633b
97653a
956438
946335
946535
986837
976a3a
966c3c
956939
996c3d
97683b
996a3c
99683c
9b693d
9d673f
9d663e
a06941
9f6a40
a26e41
9e6b3e
9d693c
9a683a
9a6b3c
9a693d
946234
936135
9a673b
9d683c
966234
a36e42
896142
3d2517
482f25
774f3b
97644a
87573c
69412d
50352b
513d33
41372c
1c190d
a2a097
fcf6f2
f6eceb
f6f0ec
f5f2ea
f5f2ec
f3f2ed
f3f2ee
f2f3ee
f2f3ee
f2f2f0
f3f2ee
f3f2ee
f3f2ee
f5f1ee
f7f1ee
f7f1ee
f6f1ee
f5f1ee
f3f2ee
f3f2ee
f3f2ee
f3f2ee
f3f2ee
f3f2ee
f3f2ee
f3f4ef
f3f4ef
f3f4ef
f3f4ef
f3f4ef
f3f4ef
f3f4ef
f3f4ef
f3f4ef
f3f4ef
f3f4ef
f3f4ef
f3f4ef
f3f4ef
f3f4ef
f3f3f0
f3f3f1
f3f3f1
f3f3f2
f3f3f4
f3f3f6
f3f3f5
f4f3f5
f4f3f1
f4f3ef
f4f3ef
f4f3ef
f4f3ee
f4f4ee
f5f5ee
f4f4ee
f4f3ef
f4f3ef
f4f3ef
f4f3ef
f4f3ef
f4f3ef
f4f3ef
f4f3ef
f4f3ef
f4f3ef
f4f3ef
f4f3ef
f4f3ef
f4f3ef
f4f3f0
f5f4f2
f5f4f2
f5f4f2
f5f4f2
f5f4f2
f5f4f2
f5f4f2
f5f4f2
f5f4f2
f5f4f2
f5f4f2
f5f4f2
f5f4f2
f5f4f2
f5f4f2
f5f6f1
f5f6f1
f5f6f1
f5f6f1
f5f6f1
f5f6f1
f5f6f1
f4f4f1
f3f3f1
f3f3f1
f3f3f1
f3f3f1
f3f3f1
f3f3f1
f3f3f1
f3f3f1
f3f3f1
f3f3f1
f3f3f1
f3f3f1
f3f3f1
f3f3f1
f3f3f0
f3f4ef
f3f4ef
f3f4ef
f3f4ef
f3f4ef
f3f4ef
f3f4ef
f3f4ef
f3f4ef
f3f4ef
f3f4ef
f3f4ef
f3f4ef
f3f4ef
f3f4ef
f3f4ef
f3f4ef
f3f4ef
f2f3ee
f2f3ee
f2f3ee
f2f3ee
f2f2ee
f2f1ef
f2f1ef
f2f1ef
f2f1ef
f2f1ef
f2f1ef
f2f1ef
f2f1ef
f2f1ef
f2f1ef
f2f1ef
f2f1ef
f2f1ef
f2f1ef
f2f1ef
f2f1ef
f2f1ef
f2f1ee
f2f1ed
f2f1ed
f2f1ec
f2f1ec
f4eeeb
f4ece8
f1eae4
ebe4de
e7e1d9
eee7df
938c84
2e251c
4d443b
504d40
494638
42372b
463025
482e23
432f21
412b1f
472b25
482d26
472c26
492e27
4c312a
4a2f28
4f342c
523928
4d3521
4d3621
513923
533a24
523922
523922
523a23
523b25
533c25
543c24
563c26
563a25
5b3e29
553722
5d3e28
5f3f27
64452c
65462d
64462d
65472f
63462e
68492f
684329
644938
3e2f27
2f231c
3a2a21
3b2920
3e302a
3e312a
45362b
403227
413227
423429
43352a
43352a
45362b
44332c
272821
22231c
4a3129
653f2f
5e3e25
683f2c
6f3c2e
6b3c28
6c3d29
6c3d29
6c3d29
6c3d29
6c3d29
6b3e29
6b3e2a
6b3d2b
6d3e2c
6d3e2c
6c3f2c
643b27
66422c
68472f
5e432a
654339
3a231d
372f1a
675233
79553d
3f2a1d
4c3420
7e4e34
82543e
5d4631
2c1f12
583935
6c4639
5f4429
61422b
9c673a
9d683a
976336
935f32
976238
946036
9a663d
966338
946035
996439
986238
986539
976438
97643a
936035
956136
966236
9b673a
a26c3e
a56d3f
a96d41
ae7246
ad7146
aa7048
a86f48
a36b43
a56d43
a67046
a06c42
9e6b3f
9f6940
a1663f
a46942
a36741
a36841
a66b44
a66b44
a56a42
aa6945
aa6945
aa6b46
a76843
a86c45
ae7349
a86f44
a66e42
ac7447
a87143
a97043
a2683c
9d623a
9e603d
9a5d3c
a26a45
8a6144
3d2418
493025
764e3a
926042
8c5b3d
67402d
4a3127
564239
36291f
352f26
d7d2cc
f6f2ee
f6eeed
f7f1ee
f5f2ed
f5f2ed
f3f1ed
f3f2ee
f2f3ee
f2f3ee
f2f2ef
f3f2ee
f3f2ee
f3f2ee
f4f1ee
f6f1ee
f6f1ee
f6f1ee
f5f1ee
f3f2ee
f3f2ee
f3f2ee
f3f2ee
f3f2ee
f3f2ee
f3f2ee
f3f4ef
f3f4ef
f3f4ef
f3f4ef
f3f4ef
f3f4ef
f3f4ef
f3f4ef
f3f4ef
f3f4ef
f3f4ef
f3f4ef
f3f4ef
f3f4ef
f3f4ef
f3f4f0
f3f3f1
f3f3f2
f4f4f3
f4f4f5
f5f5f6
f5f5f5
f4f4f7
f4f2f1
f4f3f0
f4f3f0
f4f3ef
f4f3ee
f4f4ee
f5f5ed
f4f4ee
f4f3ef
f4f3ef
f4f3ef
f4f3ef
f4f3ef
f4f3ef
f4f3ef
f4f3ef
f4f3ef
f4f3ef
f4f3ef
f4f3ef
f4f3ef
f4f3ef
f4f3f0
f5f4f2
f5f4f2
f5f4f2
f5f4f2
f5f4f2
f5f4f2
f5f4f2
f5f4f2
f5f4f2
f5f4f2
f5f4f2
f5f4f2
f5f4f2
f5f4f2
f5f4f2
f5f5f2
f5f5f2
f5f5f2
f5f5f2
f5f5f2
f5f5f2
f5f5f2
f4f4f1
f3f3f1
f3f3f1
f3f3f1
f3f3f1
f3f3f1
f3f3f1
f3f3f1
f3f3f1
f3f3f1
f3f3f1
f3f3f1
f3f3f1
f3f3f1
f3f3f1
f3f3f0
f3f4f0
f3f4f0
f3f4f0
f4f4f1
f2f3f0
f3f3f0
f3f3f0
f3f4f0
f3f4ef
f3f4ef
f3f4ef
f3f4ef
f3f4ef
f3f4ef
f3f4ef
f3f4ef
f3f4ef
f3f4ef
f2f3ee
f2f3ee
f2f3ee
f2f3ee
f2f2ee
f2f1ef
f2f1ef
f2f1ef
f2f1ef
f2f1ef
f2f1ef
f2f1ef
f2f1ef
f2f1ef
f2f1ef
f2f1ef
f2f1ef
f2f1ef
f2f1ef
f2f1ef
f2f1ef
f2f1ef
f2f1ee
f2f1ed
f2f1ed
f2f1ed
f2f1ec
f4f0eb
f7f0ec
f4eee9
ede7e2
e9e3dd
f0eae3
cbc6bf
29221b
3e3430
534b41
4d4433
6c5c47
775f48
765c43
7c664a
7e6445
825f42
825f43
856345
876445
876445
856342
81603f
816346
83654c
81644a
7f6045
836246
846347
876349
876346
866542
866542
876442
866341
886443
8a6443
896443
876245
815b40
825d41
825f43
7c5b3e
7b593c
79573b
765336
714d32
684e3d
3b2e25
32261e
3b2d23
3a2c21
3f352d
3c332b
423529
3d3226
3f3328
403429
43362a
43362a
44362b
45332c
2a2720
23231c
483328
644331
5f3f26
6a3f2e
6d3b2d
6b3e28
6a3e29
6b3e29
6b3e29
6b3e29
6b3e29
6c3d29
6b3e2b
6b3d2c
6c3e2c
6b3c2b
6c3e2d
6c402f
6a422e
6b4732
5f412b
654535
372618
3b2f1d
6c4e36
77533a
41291c
513322
7d4d31
805438
614634
2f1e16
573c36
694638
62442d
60412a
af7c4c
ae7c4c
a87646
aa7847
a77545
a97847
aa7748
ac7949
aa7648
ab774a
ac774a
ad784b
ad794b
ad7a4b
a87547
ac774d
a9764c
ae794e
b27a4f
b0774b
b3764a
b5764a
b47647
b17947
b17848
af7648
b1774b
b37950
b57b54
b87e57
ba815d
b77d5b
b77d5a
b57d5a
b7805d
b7805c
b17d59
b4815c
b7815d
b6815e
b37e59
b37f58
b48059
b17f55
b17e53
b48157
ae7c51
b18052
b28050
a77446
9f6b42
97623f
915a3d
a36d48
8f6748
442c1c
492f22
794f39
935f43
8f5a41
714838
503b34
402d27
21120b
8a7f79
f9f1ee
f4eeed
f5f1f0
f5f1ef
f5f1ee
f5f1ee
f4f2ee
f3f2ee
f2f3ee
f2f3ee
f2f3ee
f3f2ee
f3f2ee
f3f2ee
f3f2ee
f3f2ee
f3f2ee
f3f2ee
f4f2ee
f3f2ee
f3f2ee
f3f2ee
f3f2ee
f3f2ee
f3f2ee
f3f2ee
f2f3ee
f2f3ee
f2f3ee
f2f3ee
f2f3ee
f2f3ee
f2f3ee
f2f3ee
f3f4ef
f3f4ef
f3f4ef
f3f4ef
f3f4ef
f3f4ef
f3f4ef
f4f4f1
f3f3f1
f2f2f1
f4f4f2
f7f7f6
f4f4f4
f2f2f2
f3f3f3
f4f2f4
f4f2f3
f4f3f1
f4f3f0
f4f3ee
f4f3ee
f4f3ed
f4f3ee
f4f3ef
f4f3ef
f4f3ef
f4f3ef
f4f3ef
f4f3ef
f4f3ef
f5f4f0
f5f4f0
f5f4f0
f5f4f0
f5f4f0
f5f4f0
f5f4f0
f5f4f0
f5f4f2
f5f4f2
f5f4f2
f5f4f2
f5f4f2
f5f4f2
f5f4f2
f5f4f2
f5f4f2
f5f4f2
f5f4f2
f5f4f2
f5f4f2
f5f4f2
f5f4f2
f5f4f2
f5f4f2
f5f4f2
f5f4f2
f5f4f2
f5f4f2
f5f4f2
f4f3f1
f3f3f1
f3f3f1
f3f3f1
f3f3f1
f3f3f1
f3f3f1
f3f3f1
f3f3f1
f3f3f1
f3f3f1
f3f3f1
f3f3f1
f3f3f1
f3f3f1
f3f3f1
f3f3f1
f3f3f1
f3f3f2
f3f3f1
f3f3f2
f4f4f4
f7f7f7
f2f3ef
f3f4ee
f4f5ef
f3f4ee
f3f4ee
f3f4ee
f3f4ee
f3f4ee
f2f3ee
f2f3ee
f2f3ee
f1f2ed
f1f2ed
f1f2ed
f1f2ed
f1f1ee
f2f1ef
f2f1ef
f2f1ef
f2f1ef
f2f1ef
f2f1ef
f2f1ef
f2f1ef
f2f1ef
f2f1ef
f2f1ef
f2f1ef
f2f1ef
f2f1ef
f2f1ef
f2f1ef
f2f1ef
f2f1ee
f2f1ed
f2f1ed
f2f1ed
f2f1ec
f4f2ed
f5f2ed
f2eeea
ece8e4
e8e4df
efece7
c8c5c0
25231e
2f2e27
484237
3f3324
493723
4c3823
4a3724
483827
4a3a2a
4b3628
4d3829
4d3726
533d29
4e3822
543e26
503b23
4f3b22
503d24
4e3c22
4f3a21
4d361d
4d351c
4f351d
4d341f
4c3222
4a3021
493020
492f1e
4a3021
4d3325
4a3121
4d2e1e
513020
503121
4f3020
503121
4e3120
4b2d1e
583825
704f36
634c3c
392e24
332a21
45392d
413425
41372c
3e3529
403529
40362a
3f3529
40362a
44382c
43372b
45392d
42322a
2f2521
27231e
403528
604632
633d27
6d402f
6b3e2d
693c27
6b3d28
6d3e29
6d3e29
6c3d29
6c3d29
6c3d29
6c3d2b
6b3e2b
6b3f2c
6a3e2e
6d4130
6a3f2e
6d4331
6a4231
633f2d
674a30
322b14
402c23
76463a
745336
45291d
5c332b
764c2b
7c5832
624435
301b1b
514035
5f4731
654031
60412b
7d4f30
7b4f30
805435
86593a
845637
86593a
875a3b
875a3c
865a3c
885a3c
8a5c3e
8a5b3e
895b3d
8a5c3e
87593c
87593c
895b3e
8f5f42
946544
9d6c49
9f6c47
9f6b45
9f6944
a06945
9e6744
996241
9a6242
985f42
975e41
975e43
905f3f
8a5d3a
8b5e3b
8a5d3a
8d613e
865c39
855c37
865d3a
81573a
81583b
7b5236
784e2f
784e30
784f30
734a2a
754c2b
734929
734a2c
693e26
6b3f27
794e34
8c6344
8f6543
9d6b43
916a4b
442c1c
4c3224
6e442e
895138
945a46
784b3d
453129
3e2b24
1e0f0b
b4aaa5
fff9f5
f2edec
f3f1f0
f3f0ed
f6f1ee
f5f1ee
f3f2ee
f3f2ee
f2f3ee
f2f3ee
f2f3ee
f3f2ee
f3f2ee
f3f2ee
f3f2ee
f3f2ee
f3f2ee
f3f2ee
f3f2ee
f3f2ee
f3f2ee
f3f2ee
f3f2ee
f3f2ee
f3f2ee
f3f2ee
f2f3ee
f2f3ee
f2f3ee
f2f3ee
f2f3ee
f2f3ee
f2f3ee
f2f3ee
f3f4ef
f3f4ef
f3f4ef
f3f4ef
f3f4ef
f3f4ef
f3f4ef
f3f3f0
f3f3f1
f2f2f0
f4f4f2
c9c9c6
e2e2e0
f5f6f3
f2f3f0
f4f2f1
f4f3f1
f4f3f0
f4f3ef
f4f3ef
f4f3ef
f4f3ee
f4f3ef
f4f3ef
f4f3ef
f4f3ef
f4f3ef
f4f3ef
f4f3ef
f4f3ef
f5f4f0
f5f4f0
f5f4f0
f5f4f0
f5f4f0
f5f4f0
f5f4f0
f5f4f0
f5f4f2
f5f4f2
f5f4f2
f5f4f2
f5f4f2
f5f4f2
f5f4f2
f5f4f2
f5f4f2
f5f4f2
f5f4f2
f5f4f2
f5f4f2
f5f4f2
f5f4f2
f5f4f2
f5f4f2
f5f4f2
f5f4f2
f5f4f2
f5f4f2
f5f4f2
f4f3f1
f3f3f1
f3f3f1
f3f3f1
f3f3f1
f3f3f1
f3f3f1
f3f3f1
f3f3f1
f3f3f1
f3f3f1
f3f3f1
f3f3f1
f3f3f1
f3f3f1
f3f3f1
f3f3f1
f3f3f1
f3f3f2
f3f4f1
f4f5f2
f0f0ee
e4e4e1
f1f2ed
f3f4ed
f3f4ee
f3f4ee
f3f4ee
f3f4ee
f3f4ed
f3f4ee
f2f3ee
f2f3ee
f2f3ee
f1f2ed
f1f2ed
f1f2ed
f1f2ed
f1f1ee
f2f1ef
f2f1ef
f2f1ef
f2f1ef
f2f1ef
f2f1ef
f2f1ef
f2f1ef
f2f1ef
f2f1ef
f2f1ef
f2f1ef
f2f1ef
f2f1ef
f2f1ef
f2f1ef
f2f1ef
f2f1ee
f2f1ed
f2f1ed
f2f1ed
f2f1ec
f4f2ed
f5f2ed
f1eee9
ece9e4
e7e4df
f0ede8
ccc9c4
282622
2a2a28
4c4640
45372d
4a3627
4b3325
493226
453127
45342d
45342e
46372e
46362c
4b392e
4b392a
493628
4f3c2e
544129
513f25
514026
554128
58442b
59432b
574128
57412c
573f32
583f32
594133
594033
594133
5c4438
584033
5a402d
5b412a
5b412c
5b412b
5c422d
5c442d
5b422c
5f452e
6a4d33
584434
31271e
362e25
43342a
47362a
46382e
43362c
43362a
43352a
43352a
44352a
45372c
44362b
46382d
41332b
2f2620
28231e
41362a
5b432e
603a24
6b4230
6a3e2d
6c3c28
6d3c28
6d3c28
6c3c28
6c3d29
6c3d29
6c3d29
6b3d2c
693d2b
683f2b
67402b
68442d
66412b
66422b
684531
674431
694b2f
373217
452f26
79493b
755636
452c1e
5d362e
795230
7c5831
634436
351e20
503f32
604932
674332
66462f
633b2c
603829
593223
562d1f
562d1e
522a1b
552d1e
552d1f
583020
582f20
562d1e
562e1e
572e1f
572e1f
512919
532916
592d18
5f311c
62341b
66391e
673a1c
683b1d
673a1c
663d1d
623b1a
653d1d
643b1b
6a4021
663d1e
684021
643819
683919
693b1b
6a3b1b
683918
6c3d1d
6e401f
6f4120
744828
774b2c
6e4224
6f4323
754929
724726
734727
714425
774b2c
6e4129
5e3120
6a3c2c
764932
8a5e3e
8c6138
996238
976b4c
4c3324
483124
61402b
613a1f
59351c
563a29
59463d
39271f
352721
ded4cf
fcf6f1
f3efed
f1f1ef
f4f1ee
f5f1ee
f5f1ee
f3f2ee
f3f2ee
f2f3ee
f2f3ee
f2f3ee
f3f2ee
f3f2ee
f3f2ee
f3f2ee
f3f2ee
f3f2ee
f3f2ee
f3f2ee
f3f2ee
f3f2ee
f3f2ee
f3f2ee
f3f2ee
f3f2ee
f3f2ee
f2f3ee
f2f3ee
f2f3ee
f2f3ee
f2f3ee
f2f3ee
f2f3ee
f2f3ee
f3f4ef
f3f4ef
f3f4ef
f3f4ef
f3f4ef
f3f4ef
f3f4ef
f3f4f0
f3f3f1
efefed
fdfefa
848580
a4a59f
fcfef7
f1f2ed
f4f3f0
f5f4f1
f5f4f0
f4f3ef
f4f3ef
f4f3ef
f4f3f1
f4f3f0
f4f3f0
f4f3ef
f4f3ef
f4f3ef
f4f3ef
f4f3ef
f4f3ef
f5f4f0
f5f4f0
f5f4f0
f5f4f0
f5f4f0
f5f4f0
f5f4f0
f5f4f0
f5f4f2
f5f4f2
f5f4f2
f5f4f2
f5f4f2
f5f4f2
f5f4f2
f5f4f2
f5f4f2
f5f4f2
f5f4f2
f5f4f2
f5f4f2
f5f4f2
f5f4f2
f5f4f2
f5f4f2
f5f4f2
f5f4f2
f5f4f2
f5f4f2
f5f4f2
f4f3f1
f3f3f1
f3f3f1
f3f3f1
f3f3f1
f3f3f1
f3f3f1
f3f3f1
f3f3f1
f3f3f1
f3f3f1
f3f3f1
f3f3f1
f3f3f1
f3f3f1
f3f3f1
f3f3f2
f3f3f1
f3f3f1
f2f3ee
fcfdf9
c3c4be
888983
f5f6f0
f2f3ed
f3f4ee
f4f5ef
f3f4ee
f3f4ee
f3f4ee
f3f4ee
f2f3ee
f2f3ee
f2f3ee
f1f2ed
f1f2ed
f1f2ed
f1f2ed
f1f1ee
f2f1ef
f2f1ef
f2f1ef
f2f1ef
f2f1ef
f2f1ef
f2f1ef
f2f1ef
f2f1ef
f2f1ef
f2f1ef
f2f1ef
f2f1ef
f2f1ef
f2f1ef
f2f1ef
f2f1ef
f2f1ee
f2f1ed
f2f1ed
f2f1ec
f2f1ec
f3f1ec
f5f2ed
f3f0eb
ece9e4
e8e5e0
ece9e4
ddd9d4
474641
2a2a25
4c473e
5a4c3d
624c38
634833
5e4331
614736
634432
67442d
65432b
69462e
67422a
6a442b
6b452d
6e472f
64432d
61422d
5f3f2a
5f402b
60412c
5f402a
654530
61432c
614527
624729
654a2c
64492c
624628
64492b
604528
62462f
60442f
604530
60452f
60452f
60442f
60442f
5f432c
62482e
564536
2b221a
352c25
43342b
47342a
47352f
402f27
402d23
423127
443329
44352a
44362b
45382c
44372c
41342b
2e2620
27211c
3f3327
5b422d
634028
64402c
67402e
6f412d
6f432e
6e422d
6b402a
6b402a
6b402a
683e28
6a402d
68402e
65422c
63422a
63432b
65442a
68452a
68452e
66422f
694b2f
383217
463327
764938
725535
45301f
5c3a2f
7a5332
7d5932
634333
341c1b
534232
5f482f
674531
63442d
975a39
985c3b
9b5f3e
995d3b
985c3b
995d3b
995d3c
a06443
9d6241
9f6342
995e3d
935837
995e3d
9b613f
985d3c
956144
936246
936244
936244
9c6b4d
9c6c4c
996849
9d6a49
9c6544
9c6444
a16948
9f6848
9b6344
9d6645
996242
996343
96603e
9a6342
986140
9a6240
995f3f
9e6445
9c6241
9c6840
9d6941
98643c
96633a
946039
98633d
9d6842
996540
96613f
955f3f
996445
a06b4c
8b5634
8d5932
956136
975830
976448
5b3f30
3f2b1d
573d27
634729
554225
3e2f1c
413027
291911
6a5e57
faf1ea
f4efea
f2f0ee
f1f1ef
f3f1ee
f5f1ee
f5f1ee
f3f2ee
f3f2ee
f2f3ee
f2f3ee
f2f3ee
f3f2ee
f3f2ee
f3f2ee
f3f2ee
f3f2ee
f3f2ee
f3f2ee
f3f2ee
f3f2ee
f3f2ee
f3f2ee
f3f2ee
f3f2ee
f3f2ee
f3f2ee
f2f3ee
f2f3ee
f2f3ee
f2f3ee
f2f3ee
f2f3ee
f2f3ee
f2f3ee
f3f4ef
f3f4ef
f3f4ef
f3f4ef
f3f4ef
f3f4ef
f3f4ef
f3f4f1
f3f2f2
efefed
fcfdf8
9b9b96
8b8b84
f3f4ec
f3f4ed
f4f3ee
f5f4ef
f5f4f0
f4f3ef
f4f3ef
f4f3f1
f4f3f2
f4f3f0
f4f3ef
f4f3ef
f4f3ef
f4f3ef
f4f3ef
f4f3ef
f4f3ef
f5f4f0
f5f4f0
f5f4f0
f5f4f0
f5f4f0
f5f4f0
f5f4f0
f5f4f0
f5f4f2
f5f4f2
f5f4f2
f5f4f2
f5f4f2
f5f4f2
f5f4f2
f5f4f2
f5f4f2
f5f4f2
f5f4f2
f5f4f2
f5f4f2
f5f4f2
f5f4f2
f5f4f2
f5f4f2
f5f4f2
f5f4f2
f5f4f2
f5f4f2
f5f4f2
f4f3f1
f3f3f1
f3f3f1
f3f3f1
f3f3f1
f3f3f1
f3f3f1
f3f3f1
f3f3f1
f3f3f1
f3f3f1
f3f3f1
f3f3f1
f3f3f1
f3f3f1
f3f3f1
f3f3f3
f3f3f2
f3f3ef
f1f3ed
fffffc
8b8c85
8e8f89
fffffd
f0f1eb
f3f4ee
f3f4ee
f3f4ee
f3f4ee
f3f4ee
f3f4ee
f2f3ee
f2f3ee
f2f3ee
f1f2ed
f1f2ed
f1f2ed
f1f2ed
f1f1ee
f2f1ef
f2f1ef
f2f1ef
f2f1ef
f2f1ef
f2f1ef
f2f1ef
f2f1ef
f2f1ef
f2f1ef
f2f1ef
f2f1ef
f2f1ef
f2f1ef
f2f1ef
f2f1ef
f2f1ef
f2f1ee
f2f1ed
f2f1ed
f2f1ed
f2f1ec
f3f1ec
f5f2ed
f3efeb
edeae5
e9e6e1
e8e5e0
f3f0eb
7c7a75
191c13
403e2f
554733
584228
583a21
5f4028
61402a
62422d
62422c
64422d
64402c
67422d
67422d
68432e
663e2a
6e4130
6c3e2e
6c3e2e
6c3f2f
6b402f
683e2c
6b4331
6a3f2f
6c3d2e
6d402f
6c3f2f
6e3f30
6f4131
6d402f
6f4132
6a4231
694433
694332
684331
684332
64402e
653f2f
66422f
684b34
4d3a2a
2d221c
2e251f
3c2e26
47352c
3b2c26
403029
443227
433228
433329
43352a
43382c
41372b
42382c
42362d
2e2620
25201b
413428
563c28
63432a
664630
654731
64462d
64472d
66482f
624229
68462e
67452d
69462d
6a4531
674230
64452d
63472d
65472c
69442a
71462d
6c412b
67412d
684b2c
383416
402d21
784d3a
6f5633
43331e
5e3e31
7a5736
7d5934
634131
371c1a
513f2e
644e30
63432b
65432d
96582e
94572d
94572d
95582e
95572e
93572c
93562c
94582d
91562b
91562a
92552a
93572c
92582b
965a2f
96592f
91582c
92592d
92592f
92592e
955b34
975d37
955d36
965c3a
955a3b
975d3d
995d3c
985c3c
955a39
985d3c
9b613f
976039
966037
9d673f
975f37
955c33
9a5f38
975c35
9c6038
945e31
946034
935e34
935f35
98633b
96613a
945e37
965f3c
965f3d
935d37
956136
8c572a
8e5a30
925d36
915c38
874d25
8a5b3e
593b2c
3c2117
593423
774c35
7d5342
68483c
413027
23140d
a89d95
fff8f2
f2eee9
f2f1ef
f0f1f0
f2f2ee
f5f1ee
f5f1ee
f3f2ee
f3f2ee
f2f3ee
f2f3ee
f2f3ee
f3f2ee
f3f2ee
f3f2ee
f3f2ee
f3f2ee
f3f2ee
f3f2ee
f3f2ee
f3f2ee
f3f2ee
f3f2ee
f3f2ee
f3f2ee
f3f2ee
f3f2ee
f2f3ee
f2f3ee
f2f3ee
f2f3ee
f2f3ee
f2f3ee
f2f3ee
f2f3ee
f3f4ef
f3f4ef
f3f4ef
f3f4ef
f3f4ef
f3f4ef
f3f4ef
f3f3f1
f2f2f3
f2f2f0
f5f6f2
d7d8d2
65665d
dddfd3
f7f9ee
f4f4ed
f5f4ef
f5f5ef
f4f3f0
f4f3f0
f4f3f2
f4f2f2
f4f3f2
f4f3ef
f4f3ef
f4f3ef
f4f3ef
f4f3ef
f4f3ef
f4f3ef
f5f4f0
f5f4f0
f5f4f0
f5f4f0
f5f4f0
f5f4f0
f5f4f0
f5f4f0
f5f4f2
f5f4f2
f5f4f2
f5f4f2
f5f4f2
f5f4f2
f5f4f2
f5f4f2
f5f4f2
f5f4f2
f5f4f2
f5f4f2
f5f4f2
f5f4f2
f5f4f2
f5f4f2
f5f4f2
f5f4f2
f5f4f2
f5f4f2
f5f4f2
f5f4f2
f4f3f1
f3f3f1
f3f3f1
f3f3f1
f3f3f1
f3f3f1
f3f3f1
f3f3f1
f3f3f1
f3f3f1
f3f3f1
f3f3f1
f3f3f1
f3f3f1
f3f3f1
f3f3f1
f3f2f3
f3f3f2
f2f2ef
fafbf5
dbdcd4
76776d
dcded3
f7f9f1
f1f2ed
f3f4ee
f3f4ee
f3f4ee
f3f4ee
f3f4ee
f3f4ee
f2f3ee
f2f3ee
f2f3ee
f1f2ed
f1f2ed
f1f2ed
f1f2ed
f1f1ee
f2f1ef
f2f1ef
f2f1ef
f2f1ef
f2f1ef
f2f1ef
f2f1ef
f2f1ef
f2f1ef
f2f1ef
f2f1ef
f2f1ef
f2f1ef
f2f1ef
f2f1ef
f2f1ef
f2f1ef
f2f1ee
f2f1ed
f2f1ed
f2f1ed
f2f1ec
f3f1ec
f4f1ec
f2efea
f0ede8
ebe8e3
e5e3de
f5f2ec
878580
0c0f0b
413d35
534536
5c4431
63412d
633f2c
603c2c
62402e
64442f
613f2d
613f2c
64402d
65402f
643e2d
613a2a
663929
673829
693c2d
673c2c
693f2e
683f2e
643d2c
673d2c
6a3e2e
683d2c
6a3d2d
6a3e2d
6b402f
6b3f2e
6b402e
6e402d
6d402b
6e3f2b
6f402b
6c3f29
6b3d27
6a3b26
71452f
6c4a37
543e31
30231f
302622
3b3027
473a30
3e342d
3f332b
413126
413328
423529
41372b
3f362a
403a2c
3f3b2c
41382e
2e2721
28211d
44352a
5a402c
62432b
61442e
5e4a32
594e2e
594b2c
5a4a2c
5e4b2e
624b2f
654a2f
63462b
694932
6a4934
694c34
65472e
6c4a2f
734a30
77432b
73402b
68412d
67482a
3d371c
3d2b20
744d37
735b36
40321d
604134
755231
845f39
644132
3a1f1c
574431
624d2c
61442a
67452f
8e5831
915a33
8f5931
905932
8f5931
8f5931
905a32
8e5a34
8c5935
8d5a34
8c5931
8f5b33
8f5a31
915b31
905a30
935a2b
965a29
935829
94592b
995d32
995e35
995d34
965b33
945f32
936031
946131
956131
956131
946031
935f2f
986234
9b6235
965e32
9b6235
996033
9a5f33
975d31
985d31
996239
955e36
976035
965f35
965e35
996237
976036
935d33
925e33
975e33
975e33
8d582d
905e34
8a5631
955b3b
824923
8d5f41
5a3a2c
3a1913
643a31
744234
713a2d
795145
3e312a
302620
d4cec7
f9f7f0
f1efeb
f1f1ed
f2f1ed
f2f2ed
f4f2ee
f4f2ee
f3f2ee
f3f2ee
f3f2ee
f3f2ee
f3f2ee
f3f2ee
f3f2ee
f3f2ee
f3f2ee
f3f2ee
f3f2ee
f3f2ee
f2f2ee
f2f3ee
f2f3ee
f2f3ee
f2f3ee
f2f3ee
f2f3ee
f2f3ee
f3f2ef
f3f2ef
f3f2ef
f3f2ef
f3f2ef
f2f2ef
f2f2ef
f2f3ef
f3f4ef
f3f4ef
f3f4ef
f3f4ef
f3f4ef
f3f4f0
f3f4ef
f3f3ef
f3f2f0
f4f4f0
f3f3ed
ecece3
5b5c52
cdcec3
f7f7ed
f5f3ec
f5f3ee
f6f3ef
f5f3ee
f5f2ef
f5f2f0
f5f2f0
f5f3f0
f4f3ee
f4f3ee
f4f3ee
f4f3ee
f4f3ee
f4f3ee
f4f3ee
f5f4f1
f5f4f1
f5f4f1
f5f4f1
f5f4f1
f5f4f1
f5f4f1
f5f4f1
f5f4f1
f5f4f1
f5f4f1
f5f4f1
f5f4f1
f5f4f1
f5f4f1
f5f4f1
f5f4f2
f5f4f2
f5f4f2
f5f4f2
f5f4f2
f5f4f2
f5f4f2
f5f4f2
f5f4f2
f5f4f2
f5f4f2
f5f4f2
f5f4f2
f5f4f2
f5f4f2
f4f4f1
f4f4f0
f4f4f0
f4f3f0
f4f3ef
f4f3ef
f4f3ef
f4f4f0
f4f4f0
f4f4ef
f4f4f0
f4f4f0
f4f4f0
f4f5f0
f5f5f1
f3f4f1
f3f4f0
f3f4ef
f8f9f3
969790
93958d
fffffa
f2f3ec
f2f3ee
f3f4ef
f3f4ef
f3f4ef
f3f4ef
f3f4ef
f3f4ef
f3f4ef
f3f4ef
f3f4ef
f2f3ee
f2f3ee
f2f3ee
f2f3ee
f1f1ee
f2f1ef
f2f1ef
f2f1ef
f1f0ee
f1f0ee
f1f0ee
f1f0ee
f2f1ef
f2f1ef
f2f1ef
f2f1ef
f2f1ef
f2f1ef
f2f1ef
f2f1ef
f2f1ef
f2f1ef
f2f1ee
f2f1ed
f2f1ed
f2f1ed
f2f1ec
f3f1ec
f4f0ed
f2eeeb
f1eeea
edeae6
e5e1dd
f1ede9
bebbb8
221f20
302d27
453a2f
574130
5e3e2d
603e30
5c4133
5e3f33
633d32
643c33
633d32
653e31
643d30
613a2b
643c2e
603a2f
643e35
633d33
623d32
613d32
613d33
613d33
643d35
673a36
673b36
673a36
663a35
623933
633a33
623a33
633b35
623833
623733
603831
643a32
643b32
633930
633d33
5d4638
47352c
32241e
2e231f
332923
392f2a
39302c
3e322a
423328
413529
413629
40362a
423a2e
3f372a
40392b
453c32
2e2521
291e1d
44332c
553f2d
624930
624a32
654f36
5c492c
604f31
605232
655637
625132
675034
694e32
6b4b32
6e4c35
6d4d35
704d34
6d492f
744a31
77482e
754331
6f3f30
724e2d
4a3522
442b23
725235
705535
493323
624131
825333
8a5b39
5f4233
2e2218
58462e
6c4e30
63402b
634530
975d33
975d33
975d32
975e33
975e33
975d32
955b31
955d35
97603a
965f39
976037
975f35
985f33
995f31
985e30
995e2f
985e2f
975d2f
955b2e
9b6035
965b31
975b31
975d32
955d30
955d30
945d2f
945e30
935c2f
955e30
935b2e
985e32
965a2f
985c30
985c30
975c30
985d31
985d31
975c31
975d36
955b34
975e33
975e32
985f31
9a6233
985f30
915c2d
956031
95592d
955831
925b35
895933
8b5735
975b3c
8b4f2d
936146
654235
361b13
5a3c33
684837
5b3c26
6a5241
261c17
514b46
f2efe9
eeefe8
f0f2ec
f1f2ec
f1f1ec
f3f1ed
f3f2ee
f3f2ee
f3f2ee
f3f2ee
f3f2ee
f3f2ee
f3f2ee
f3f2ee
f3f2ee
f3f2ee
f3f2ee
f3f2ee
f3f2ee
f3f2ee
f2f2ee
f2f3ee
f2f3ee
f2f3ee
f2f3ee
f2f3ee
f2f3ee
f2f3ee
f4f2ef
f5f1f0
f5f1f0
f3f2f0
f3f2f0
f2f2f0
f2f2f0
f2f3ef
f3f4ef
f3f4ef
f3f4ef
f3f4ef
f3f4ef
f3f4ef
f3f4ef
f4f4ef
f4f2ee
f3f2ee
f3f2ec
f6f5ee
55554c
b7b7ad
f5f5eb
f6f3ee
f6f3ee
f6f3ee
f6f3ee
f6f3ee
f6f3ee
f6f3ee
f5f3ee
f4f3ee
f4f3ee
f4f3ee
f4f3ee
f4f3ee
f4f3ee
f4f3ef
f5f4f0
f5f4f0
f5f4f0
f5f4f0
f5f4f0
f5f4f0
f5f4f0
f5f4f0
f5f4f0
f5f4f0
f5f4f0
f5f4f0
f5f4f0
f5f4f0
f5f4f0
f5f4f1
f5f4f2
f5f4f2
f5f4f2
f5f4f2
f5f4f2
f5f4f2
f5f4f2
f5f4f2
f5f4f2
f5f4f2
f5f4f2
f5f4f2
f5f4f2
f5f4f2
f5f4f2
f5f4f1
f5f4f0
f5f4f0
f4f4ef
f4f3ee
f4f4ed
f4f4ec
f4f5ef
f4f5ef
f4f5ee
f4f5ef
f4f5ef
f4f5ef
f5f6f0
f4f5ef
f4f5ef
f3f4ee
f9faf4
e0e1db
6e6f69
e6e7e1
f2f3ed
f3f4ef
f3f4ef
f3f4ef
f3f4ef
f3f4ef
f3f4ef
f3f4ef
f3f4ef
f3f4ef
f3f4ef
f3f4ef
f3f4ef
f3f4ef
f3f4ef
f3f4ef
f2f2ef
f2f1ef
f2f1ef
f2f1ef
f1f0ee
f0efed
f0efed
f0efed
f2f1ef
f2f1ef
f2f1ef
f2f1ef
f2f1ef
f2f1ef
f2f1ef
f2f1ef
f2f1ef
f2f1ef
f2f1ee
f2f1ed
f2f1ed
f2f1ed
f2f1ec
f2f0ec
f4f0ed
f3efec
f1edea
ede9e6
e5e1df
e9e4e2
e6e1e0
4f4a4f
1e1b19
352a22
41291f
49251c
4a251c
43261d
43261f
47251e
47261e
48251d
462519
462517
472615
442313
3d2313
3d2315
402617
422719
3d2314
3e2315
3f2418
412519
442319
45241a
47251c
432419
412418
402518
41261a
45251f
46231f
44221d
43231c
44231b
46241c
46261b
43251b
3a271b
38261a
3a291d
36261d
372a22
372a22
32251f
382b22
3e3025
403428
3b3024
3f362a
42382d
40372a
3f382b
433c31
2c221f
2b1e1e
43342d
503c2b
614b32
5e472e
6d4c36
6f4731
6f4e35
6b4f34
644a2f
684b31
6b4930
734b35
724f37
714f36
714d35
714c33
754e34
764c34
70462d
714231
743f32
744f2a
533527
472924
705432
735538
4e3025
694432
854f2e
8e5939
604334
2f241a
5d432d
73462e
6c4130
684733
965d32
965e32
965d32
965d32
975d32
965d32
955c31
955d34
955f38
965f37
965f35
985f34
995e32
9a5f31
985d30
975d2f
955a2d
9b6035
9b6035
985d32
985d33
955a31
975c32
975d31
965d30
955b2f
965c30
955b2f
985e31
965c30
995e32
9d6236
a0663a
a1663a
a06539
9f6438
9a5f33
9a5f34
995f36
996038
955c31
9d6438
9d6437
9f6639
9e6637
976334
996335
9e6239
985d38
925d37
845532
875736
915a3c
824b2c
8e6148
644437
382118
483226
5c4431
634e39
554635
190f07
8b867e
fefdf5
edeee7
f1f2ec
f1f2ed
f1f1ed
f3f1ee
f3f2ee
f3f2ee
f3f2ee
f3f2ee
f3f2ee
f3f2ee
f3f2ee
f3f2ee
f3f2ee
f3f2ee
f3f2ee
f3f2ee
f3f2ee
f3f2ee
f2f2ee
f2f3ee
f2f3ee
f2f3ee
f2f3ee
f2f3ee
f2f3ee
f2f3ee
f4f2ef
f5f1f0
f5f1f0
f3f2f0
f3f2f0
f2f2f0
f2f2f0
f2f3ef
f3f4ef
f3f4ef
f3f4ef
f3f4ef
f3f4ef
f3f4ef
f3f4ef
f4f4ef
f4f2ef
f2f1ed
efeee9
faf9f5
5e5e57
919189
f9f9f1
f3f2ec
f5f3ed
f5f3ee
f5f3ee
f5f3ee
f5f3ee
f5f3ee
f5f3ee
f4f3ee
f4f3ee
f4f3ee
f4f3ee
f4f3ee
f4f3ee
f4f3ee
f5f4f0
f5f4f0
f5f4f0
f5f4f0
f5f4f0
f5f4f0
f5f4f0
f5f4f0
f5f4f0
f5f4f0
f5f4f0
f5f4f0
f5f4f0
f5f4f0
f5f4f0
f5f4f1
f5f4f2
f5f4f2
f5f4f2
f5f4f2
f5f4f2
f5f4f2
f5f4f2
f5f4f2
f5f4f2
f5f4f2
f5f4f2
f5f4f2
f5f4f2
f5f4f2
f5f4f2
f5f4f1
f5f4f0
f5f4f0
f4f3ef
f4f3ee
f4f4ed
f4f4ec
f4f5ef
f4f5ef
f4f5ef
f4f5ef
f4f5ef
f4f5ef
f5f6f0
f5f6f0
f4f5ef
f4f5ef
fafbf5
a3a49e
979892
fafbf5
f1f2ed
f3f4ef
f3f4ef
f3f4ef
f3f4ef
f3f4ef
f3f4ef
f3f4ef
f3f4ef
f3f4ef
f3f4ef
f3f4ef
f3f4ef
f3f4ef
f3f4ef
f3f4ef
f3f3ef
f3f2f0
f3f2f0
f3f2f0
f1f0ee
f0efed
f0efed
f0efed
f2f1ef
f2f1ef
f2f1ef
f2f1ef
f2f1ef
f2f1ef
f2f1ef
f2f1ef
f2f1ef
f2f1ef
f2f1ee
f2f1ed
f2f1ed
f2f1ed
f2f1ec
f2f0ec
f4f0ed
f2efec
f1edea
ede9e6
e7e3e0
e1ddd9
f7f3f2
636062
1c1615
4f413a
62443c
6f403a
713e38
6d4039
684136
694234
684133
694132
694332
68422f
68402c
69422e
6b3f2f
6c3e30
6d3f2f
6c3f2e
6a3c2b
6b3e2c
6c3f2e
6e402e
71402e
6f3f2c
6e3d2a
6d3d2b
6e3d2b
6d3c2a
6b3b28
6a402b
69412a
693f2a
69432a
6a432b
6b442b
6b4429
66422c
5c4231
5c4232
5e4736
5c4437
594537
5a483c
4b3a32
32251b
3d3226
3d3225
3e3327
41382c
42382c
40372b
40372a
3e392d
28211c
2f2221
43322d
523b2c
654b34
654831
6b4531
7a4835
754833
744b35
714a33
734b34
764a34
794935
724d34
704f35
714d33
724b32
774c33
774d34
6e462a
71442f
73402f
724e28
56392b
492a25
725232
775438
533125
6a4832
7e502c
8c5a39
5c4031
34271e
5d402b
77462f
734133
6a4231
935a2f
935a2f
935a2f
935a2f
945b30
925a2f
935a2f
935c31
955e32
965d33
965d31
975c30
985c30
985c30
995c2f
965b2f
955b2f
995e33
9a5f35
90552b
955a32
945932
935830
94592e
94592d
93592d
94592d
965b2f
94592d
93582c
985d31
9b6034
9c6135
9c6135
9a5f34
9a5f33
995f33
985d32
975c34
935932
955c32
985f33
9a6134
9c6336
965d2f
996234
975f32
995d35
a56944
94623e
7b502e
805638
88583e
7b5031
89684f
5f4538
392017
513228
644034
745144
41281d
453b33
e8e2d8
f6f4eb
f0f1ea
f1f2ec
f1f2ee
f1f0ef
f3f1ef
f3f2ee
f3f2ee
f3f2ee
f3f2ee
f3f2ee
f3f2ee
f3f2ee
f3f2ee
f3f2ee
f3f2ee
f3f2ee
f3f2ee
f3f2ee
f3f2ee
f2f2ee
f2f3ee
f2f3ee
f2f3ee
f2f3ee
f2f3ee
f2f3ee
f2f3ee
f4f2ef
f5f1f0
f5f1f0
f3f2f0
f3f2f0
f2f2f0
f2f2f0
f2f3ef
f3f4ef
f3f4ef
f3f4ef
f3f4ef
f3f4ef
f3f4ef
f3f4ef
f3f3ef
f4f3f0
f3f2ef
ebeae6
f2f1ed
a09f9b
383632
e8e7e2
f4f3ef
f2f2ed
f2f2ed
f4f3ee
f4f3ee
f4f3ee
f4f3ee
f4f3ee
f4f3ee
f4f3ee
f4f3ee
f4f3ee
f4f3ee
f4f3ee
f5f4ef
f6f5f0
f6f5f0
f6f5f0
f6f5f1
f6f5f0
f5f4f0
f5f4ef
f5f4ef
f5f4f0
f5f4f0
f5f4f0
f5f4f0
f5f4f0
f5f4f0
f5f4f0
f5f4f1
f5f4f2
f5f4f2
f5f4f2
f5f4f2
f5f4f2
f5f4f2
f5f4f2
f5f4f2
f5f4f2
f5f4f2
f5f4f2
f5f4f2
f5f4f2
f5f4f2
f5f4f2
f5f4f1
f5f4f0
f5f4f0
f5f4ef
f5f4ef
f5f4ee
f5f5ed
f4f5ef
f4f5ef
f4f5ef
f4f5ef
f5f6f0
f5f6f0
f5f6f0
f5f5f0
f2f3ed
f7f8f2
d5d6d0
595a54
eaebe5
f8f9f3
f3f4ee
f2f3ee
f3f4f0
f3f4ef
f3f4ef
f3f4ef
f3f4ef
f3f4ef
f3f4ef
f3f4ef
f3f4ef
f3f4ef
f3f4ef
f3f4ef
f3f4ef
f3f4ef
f3f3f0
f4f3f1
f4f3f1
f4f3f1
f3f2f0
f2f1ef
f2f1ef
f2f1ef
f2f1ef
f2f1ef
f2f1ef
f2f1ef
f2f1ef
f2f1ef
f2f1ef
f2f1ef
f2f1ef
f2f1ef
f3f2ef
f3f2ee
f6f5f1
f4f2ee
f0efea
f2f0ec
f4f0ed
f3efec
f1edea
eeeae7
e8e4e1
e3dfdc
f4f1ed
908c85
1b150b
544335
6c483a
7a4436
7e4333
77422d
784531
733e2d
743f2f
723e2c
733e2b
733f2b
76422e
78422f
804033
814033
814031
814131
874636
864534
874633
874833
844934
824932
814730
814530
80432d
82442f
82452f
7c4430
794130
783e2e
773e2e
784030
784030
794030
744232
624330
60432e
61422e
60422e
543a2a
533e31
44342b
2f2319
3d3226
40362a
3e3327
40362a
40362a
44392d
40362a
3a372b
27231d
2c2120
493833
584031
644530
684731
6f4734
724430
774c36
6f4932
714b33
6e4831
714a33
714a33
6a4b30
6b4c30
714d32
744b31
774b30
7c5237
724c2d
6f462d
70412b
725127
583b2d
4a2a26
754f33
7a5135
5a2f21
694932
78562f
885e3a
584230
2f271c
654c35
72462d
6f4132
704433
955d32
965d32
965d32
965d32
955d32
955c31
945b31
955b30
945c2e
945b2e
955a2e
965a2f
975b2f
975a2f
995b2f
985b30
965b31
965c31
985d32
965b34
965a35
965a35
945932
94582d
965a2e
975b2f
955a2e
95592d
95592d
955a2e
965a2e
975b2f
995e32
9a5f33
9a5f33
9a5f33
985d31
985d31
965c33
91572e
965d32
91582b
975d30
995f32
945b2c
925b2d
986035
9e613a
9d603c
8f5e3d
8a6342
815b3f
82573f
825d40
7f644b
553f32
361e16
55382e
624336
674a3d
200b01
6d645b
fffef4
f0eee4
f0f1e9
f1f1ed
f1f1f0
f1f0f2
f3f1f0
f3f2ee
f3f2ee
f3f2ee
f3f2ee
f3f2ee
f3f2ee
f3f2ee
f3f2ee
f3f2ee
f3f2ee
f3f2ee
f3f2ee
f3f2ee
f3f2ee
f2f2ee
f2f3ee
f2f3ee
f2f3ee
f2f3ee
f2f3ee
f2f3ee
f2f3ee
f4f2ef
f5f1f0
f5f1f0
f3f2f0
f3f2f0
f2f2f0
f2f2f0
f2f3ef
f3f4ef
f3f4ef
f3f4ef
f3f4ef
f3f4ef
f3f4ef
f3f4ef
f3f3f0
f4f2f3
f4f3f1
ecebe9
ecebe7
e3e2de
2d2c27
d2d1cc
f4f5ef
f2f3ed
f2f3ed
f4f5ef
f3f4ee
f3f4ee
f3f4ee
f3f3ee
f4f3ee
f4f3ee
f4f3ee
f4f3ee
f4f3ee
f4f3ef
f5f4ef
f6f5ef
f6f5ef
f6f5ef
f6f5ef
f6f5ef
f5f4ef
f5f4ee
f5f4ef
f5f4f0
f5f4f0
f5f4f0
f5f4f0
f5f4f0
f5f4f0
f5f4f0
f5f4f1
f5f4f2
f5f4f2
f5f4f2
f5f4f2
f5f4f2
f5f4f2
f5f4f2
f5f4f2
f5f4f2
f5f4f2
f5f4f2
f5f4f2
f5f4f2
f5f4f2
f5f4f2
f5f4f1
f5f4ef
f5f4f0
f5f4ef
f5f4ef
f5f5ed
f5f5ed
f4f5ef
f4f5ef
f4f5ef
f4f5ef
f5f6f0
f5f6f0
f5f6f0
f5f6f0
f5f6ef
fbfbf7
757670
9e9f99
f7f8f2
f4f5ef
f4f5ef
f3f4ee
f3f4ef
f3f4ef
f3f4ef
f3f4ef
f3f4ef
f3f4ef
f3f4ef
f3f4ef
f3f4ef
f3f4ef
f3f4ef
f3f4ef
f3f4ef
f3f4ef
f3f3f0
f4f3f1
f4f3f1
f4f3f1
f3f2f0
f2f1ef
f2f1ef
f2f1ef
f2f1ef
f2f1ef
f2f1ef
f2f1ef
f2f1ef
f2f1ef
f2f1ef
f2f1ef
f2f1ef
f2f1ef
f3f2ef
f3f2ee
f5f4f0
f4f3ee
f1f1eb
f3f1ed
f5f1ee
f4efec
f2eeeb
efebe8
e8e4e1
e4e0dd
eeebe6
bfbcb1
2a2217
4c392b
704b3c
7b4535
834934
7a4429
78422b
7c4330
78402d
763e2b
773f2c
77402b
79412e
7a412e
7b4231
7b422f
7a422f
814833
7f472f
7f482e
80492c
7f4a2d
7d4a2f
7e4b31
804b31
7f4a30
824b30
81482f
7d452b
7f442c
824630
7b3f2a
7a3d29
7a3e2c
793d2a
7b3e2c
753f2e
654733
62432e
62422b
5f4029
573b29
513d32
3f312a
2d241b
3a3225
40382b
3d3427
3f362a
44382c
44362b
42352a
363529
292620
2b2120
4c3935
593f31
684631
6e4733
734836
714631
6f4630
6e462f
6e4931
6a472e
6c4b32
6b4d33
6c5033
694c2f
714c31
73482e
7a4c32
7c5234
714b2a
6f472d
71442b
6e4e21
55382b
4f2c2a
7a4f35
805237
5f2f20
724d35
79542d
8d5d3b
5d3f30
36241d
654632
74452d
724435
6e4230
a3653c
a2653c
a1663c
a1663c
a0673e
9e653a
9e653b
9f6639
a16738
a36738
a36839
a4663a
a5663a
a5663b
a6663c
a6663e
a5673e
a1633a
a06239
a0623b
a1643c
9e5e3a
9f613a
a06438
9f6236
9d6136
9d6136
9d6035
9d6136
9f6237
9d6236
9c6236
985d32
9a5e34
995c31
9e5f35
9e6035
9d6036
9a6338
9e673d
9a6336
9a6538
935d30
946031
966333
915d2f
935d34
8f5731
8c5837
8d6144
7c593f
6a4a35
6b4737
6b4531
674936
544335
47392c
4c3b2d
554537
3b3528
2c2a20
cac2b7
fbf5ec
f1eee5
f3f2ec
f2f1ed
f2f1f0
f2eff2
f3f1f0
f3f2ee
f3f2ee
f3f2ee
f3f2ee
f3f2ee
f3f2ee
f3f2ee
f3f2ee
f3f2ee
f3f2ee
f3f2ee
f3f2ee
f3f2ee
f3f2ee
f2f2ee
f2f3ee
f2f3ee
f2f3ee
f2f3ee
f2f3ee
f2f3ee
f2f3ee
f4f2ef
f5f1f0
f5f1f0
f3f2f0
f3f2f0
f2f2f0
f2f2f0
f2f3ef
f3f4ef
f3f4ef
f3f4ef
f3f4ef
f3f4ef
f3f4ef
f3f4ef
f3f3f1
f4f2f2
f4f3f1
edece8
e8e7e2
f0efeb
74736f
8a8985
f8f9f3
f1f3ed
f4f5ef
f3f4ef
f3f4ef
f3f4ee
f3f4ee
f3f3ee
f4f3ee
f4f3ee
f4f3ee
f4f3ee
f4f3ee
f4f3ef
f6f4ef
f7f5ee
f7f5ef
f7f5ee
f7f5ef
f7f5ef
f6f4ef
f6f4ee
f5f5ef
f5f4f0
f5f4f0
f5f4f0
f5f4f0
f5f4f0
f5f4f0
f5f4f0
f5f4f1
f5f4f2
f5f4f2
f5f4f2
f5f4f2
f5f4f2
f5f4f2
f5f4f2
f5f4f2
f5f4f2
f5f4f2
f5f4f2
f5f4f2
f5f4f2
f5f4f2
f5f4f2
f5f4f1
f5f4f1
f5f4f0
f5f4f0
f5f4f0
f5f4ee
f5f5ee
f4f5ef
f4f5ef
f4f5ef
f4f5ef
f6f6f1
f5f5f0
f5f5f0
f3f3ee
fdfdfa
c8c9c3
6a6b65
e6e7e1
f7f8f2
f3f4ee
f3f4ee
f3f4ef
f4f4f0
f3f4f0
f3f4f0
f3f4f0
f3f4f0
f3f4f0
f3f4f0
f3f4f0
f3f4f0
f3f4f0
f3f4f0
f3f4f0
f3f4f0
f3f4f1
f3f3f0
f4f3f1
f4f3f1
f4f3f1
f3f2f0
f2f1ef
f2f1ef
f2f1ef
f2f1ef
f2f1ef
f2f1ef
f2f1ef
f2f1ef
f2f1ef
f2f1ef
f2f1ef
f2f1ef
f2f1ef
f3f2ef
f2f1ed
f4f3ef
f4f3ee
f2f2ec
f4f1ed
f5f1ef
f4f0ee
f3efec
f1edea
e8e4e1
e5e1de
eae6e3
e2dad5
473f39
3e2e26
765349
7d4b3e
7c4332
79442e
784730
794a32
794832
794731
774530
77442f
794531
7c4734
7d4433
7e4334
814834
7e4630
7f462e
82492f
814a2c
84492f
864831
854630
864832
854530
864531
874531
874532
7e4531
7b4631
77422e
75402d
764030
753f2e
784032
713f30
674733
62442f
60412c
60412c
563c27
4f3c2f
3c312a
2b261c
383226
40382c
3e3428
423529
45392d
43342a
413429
39362a
2b2722
2a2120
4c3b36
5c4030
694631
6f4835
734836
6e422d
744934
734933
734b36
6c4831
6d4a32
6c4a33
6d5135
684d2f
704c31
73492e
7b4d33
774d2f
6e4a29
71492e
73432b
744e27
593b2a
482927
795037
814f35
602f21
7b4d39
875030
985a3c
673d31
3d221d
6a4532
78422b
754234
724531
875035
875135
875336
845234
835435
835637
7e5233
7c542f
7c552c
7d552f
7e5630
7f5430
7f5331
7f5331
805333
7d5334
7d5234
7e5333
7e5434
7d5232
7c5132
784c2e
784c2d
794d2d
784d2d
784c2c
794b2d
7b4d2e
794b2d
7a4c2d
794c2d
784a2b
78482a
784629
7b472a
7e462a
80482c
81492d
80492b
7f4a2c
7d4a2a
7d4b2c
7a4b2b
774b2a
734725
744523
754321
6c3c1d
754a30
694330
3e1d0d
422617
492e22
552f21
4f321e
483c22
4c4027
473522
46352a
231e18
4a4c46
fdf7f2
f5ede8
f5f0ed
f5f0ef
f4efef
f4f0ef
f4f0f1
f3f1ef
f3f2ee
f3f2ee
f3f2ee
f3f2ee
f3f2ee
f3f2ee
f3f2ee
f3f4ef
f3f4ef
f3f4ef
f3f4ef
f3f4ef
f3f4ef
f3f4ef
f3f4ef
f3f4ef
f3f4ef
f3f4ef
f3f4ef
f3f4ef
f3f4ef
f3f4ef
f4f4ef
f4f3f0
f4f3f0
f3f4f0
f3f4f0
f3f4f0
f3f4f0
f3f4ef
f3f4ef
f3f4ef
f3f4ef
f3f4ef
f3f4ef
f3f4ef
f3f4ef
f3f3ee
f4f3ef
f4f3ef
ecebe6
e9e8e3
f1f0eb
c3c2bd
393833
e7e7e4
f5f5f1
f2f2ef
f3f4f0
f3f4ef
f3f4ef
f3f4ef
f4f4ef
f5f4ef
f5f4ef
f5f4ef
f5f4ef
f5f4ef
f5f4ef
f5f4ef
f6f4ef
f7f4ef
f7f4ef
f7f4ef
f7f4ef
f7f4ef
f7f4ef
f6f4ef
f5f4f0
f5f4f0
f5f4f0
f5f4f0
f5f4f0
f5f4f0
f5f4f0
f5f4f0
f5f4f1
f5f4f1
f5f4f1
f5f4f1
f5f4f1
f5f4f1
f5f4f1
f5f4f2
f5f4f2
f5f4f2
f5f4f2
f5f4f2
f5f4f2
f5f4f2
f5f4f2
f5f4f2
f5f4f2
f5f4f0
f5f4f0
f5f4f0
f5f4ef
f5f4ef
f5f4f0
f5f4f0
f5f4f0
f5f4f0
f5f4f0
f5f4f0
f6f4f1
efefea
ffffff
7b7b76
b4b5af
fbfcf6
f2f3ed
f3f4ee
f3f4ee
f3f3f0
f3f3f1
f3f3f1
f3f3f1
f3f3f1
f3f3f1
f3f3f1
f3f3f1
f3f3f1
f3f3f1
f3f3f1
f3f3f1
f3f3f1
f3f3f1
f3f3f1
f3f2ef
f3f2ef
f3f2ef
f3f2ef
f3f2ef
f3f2ef
f3f2ef
f3f2ee
f2f1ef
f2f1ef
f2f1ef
f2f1ef
f2f1ef
f2f1ef
f2f1ef
f2f1ef
f2f1ef
f2f1ef
f2f1ee
f2f1ed
f3f2ee
f3f2ed
f3f2ed
f3f1ed
f4f1ec
f4f1ec
f4f1ec
f2efeb
ebe8e4
e6e3df
e8e2dd
f4e5e2
5a4f4d
392e29
695345
77503d
784631
7b4333
764430
74482f
754730
76442e
78442e
78432d
7d4631
7a412e
7d4432
7d4331
804632
7c432f
7f462f
7f472f
7d452b
80462e
83452e
82452f
80442e
864b36
834734
814532
834835
794530
77442f
73412b
733f2d
764130
74402e
754031
713f2e
68442d
62432f
5f4331
5c412d
543923
574131
3c312a
27261e
36342a
43372e
413128
423628
443c2c
45382b
402f24
3f332a
2d2720
28231d
4a3e31
5e4630
69472d
6a4631
6e4835
653f2b
6d4531
6b4430
6c4731
6e4b35
6f4c36
6c4934
6c5136
6b4f33
704e33
724a31
6f462a
7f5438
6c4526
71472c
774131
814d32
5f4121
3f2c26
75523f
834d34
603126
7a4d3a
915234
9b583d
693f32
40291f
6c4a32
774428
713f2d
70422e
693c25
673a25
633922
633b23
5d371e
59351d
59341c
59381e
59381c
58361e
56341b
58341b
59341d
5b331d
5b321d
58321e
5a3520
5c3720
5d3720
5a351e
59331c
5e3921
5d3921
5b361d
5b381f
5b371e
5d3920
58341a
5c3720
5b371e
5c371e
5e3921
613c23
653d25
693f28
6c3e28
663823
6d3d28
733b26
723a25
723b27
723c26
6f3924
713b26
6f3b26
713a25
753d29
723e27
6c3b21
7b4d31
7e5332
795530
78542f
805434
785231
6f542d
6e542f
76593c
6c513c
231103
6f665d
fcf7f5
f4edea
f5f0ed
f4efec
f5f0ee
f3f0ef
f3f0f0
f4f1ee
f3f2ee
f3f2ee
f3f2ee
f3f2ee
f3f2ee
f3f2ee
f3f2ee
f3f4ef
f3f4ef
f3f4ef
f3f4ef
f3f4ef
f3f4ef
f3f4ef
f3f4ef
f3f4ef
f3f4ef
f3f4ef
f3f4ef
f3f4ef
f3f4ef
f3f4ef
f3f4ef
f3f4ef
f3f4ef
f3f4ef
f3f4ef
f3f4ef
f3f4ef
f3f4ef
f3f4ef
f3f4ef
f3f4ef
f3f4ef
f3f4ef
f3f4ef
f3f4ef
f3f3ee
f4f3ee
f4f3ed
ecebe6
eae9e4
ebeae6
e7e6e1
44433e
b1b2ae
fafbf8
f1f2ec
f3f4ef
f3f4ee
f3f4ef
f3f4ef
f4f4ef
f5f4ef
f5f4ef
f5f4ef
f5f4ef
f5f4ef
f5f4ef
f5f4ef
f6f4ef
f7f4ef
f7f4ef
f7f4ef
f7f4ef
f7f4ef
f7f4ef
f6f4ef
f5f4f0
f5f4f0
f5f4f0
f5f4f0
f5f4f0
f5f4f0
f5f4f0
f5f4f0
f5f4f0
f5f4f0
f5f4f0
f5f4f0
f5f4f0
f5f4f0
f5f4f0
f5f4f2
f5f4f2
f5f4f2
f5f4f2
f5f4f2
f5f4f2
f5f4f2
f5f4f2
f5f4f2
f5f4f2
f5f4f0
f5f4f0
f5f4f0
f5f4ef
f5f4ef
f5f4f0
f5f4f0
f5f4f0
f5f4f0
f5f4f0
f6f5f1
f1f1ec
fffffb
bebfb9
898a84
e9eae4
f5f6f0
f3f4ee
f4f5ee
f4f5ef
f3f4f1
f3f3f1
f3f3f1
f3f3f1
f3f3f1
f3f3f1
f3f3f1
f3f3f1
f3f3f1
f3f3f1
f3f3f1
f3f3f1
f3f3f1
f3f3f1
f3f3f1
f3f2ef
f3f2ee
f3f2ee
f3f2ee
f3f2ee
f3f2ee
f3f2ee
f3f2ee
f2f1ef
f2f1ef
f2f1ef
f2f1ef
f2f1ef
f2f1ef
f2f1ef
f2f1ef
f2f1ef
f2f1ef
f2f1ee
f2f1ed
f3f2ee
f3f2ed
f3f2ed
f3f1ed
f4f1ec
f4f1ec
f4f1ec
f3f0eb
ece9e4
e7e4df
e6e0dc
f4e7e1
706662
2b231f
645143
77533e
784730
7c4331
77412e
77462f
73412b
77442e
76412c
78402c
79402d
79402c
7a412d
7b422e
7b422e
7b442d
7c452d
7e462e
7f482f
80462e
83462e
81462e
7d442d
7e4630
7c452e
7f4633
7b432f
78442e
78462e
74422a
72402a
74412c
73402a
733f2c
73412e
674128
62432f
5f4432
5f432e
5a3e27
513b2a
3e332b
25241e
35322a
45362e
443229
423627
403927
473a2c
423224
3f3229
2d251e
2b251e
483c2f
5f4630
68462b
6c4831
6d4935
6d4631
6d4731
6e4833
704b35
6d4933
6b4831
6b4931
6b4c31
6b4d31
704d33
6f4a30
754d33
785135
724d30
6f472d
764132
804b33
624323
372520
714f3c
875238
64362a
7e563f
8f5736
965a3b
6c4637
3e2c1f
67482e
7c4d2f
764832
724530
965a35
965b35
965c36
955c35
965f38
9a623b
9b643d
9d673d
9e693b
9f683b
a1683d
a0673d
a1683e
a2683e
a3673e
a36940
9d623a
9e633b
9e633c
985e36
995f37
9b6038
9c623a
9e643b
9f643b
9e663d
996139
955d34
986138
945e35
986036
996037
986037
995f36
9b6239
9d6039
975a33
9a5d36
975e36
975f36
996137
9c6239
985e36
995f37
975c33
975c38
975d40
935a3a
935a37
905833
925c30
966234
966232
8d5730
915c36
88572f
865933
7e5638
6e4c37
301408
b4a199
fef8f7
f3eeec
f3efeb
f6f1ee
f3f0ed
f2f1ed
f1f1ee
f2f2ed
f4f2ee
f3f2ee
f3f2ee
f3f2ee
f3f2ee
f3f2ee
f3f2ee
f3f4ef
f3f4ef
f3f4ef
f3f4ef
f3f4ef
f3f4ef
f3f4ef
f3f4ef
f3f4ef
f3f4ef
f3f4ef
f3f4ef
f3f4ef
f3f4ef
f3f4ef
f3f4ef
f3f4ef
f3f4ef
f3f4ef
f3f4ef
f3f4ef
f3f4ef
f3f4ef
f3f4ef
f3f4ef
f3f4ef
f3f4ef
f3f4ef
f3f4ef
f3f4ef
f3f3ee
f4f3ee
f4f3ee
ecebe6
e9e8e3
e9e8e3
f1f0eb
81807b
6f706a
fffffb
eff0eb
f2f3ee
f3f4ef
f3f4ef
f3f4ef
f4f4ef
f5f4ef
f5f4ee
f5f4ef
f5f4ef
f5f4ef
f5f4ef
f5f4ef
f6f4ef
f7f4ef
f7f4ef
f7f4ef
f8f5f0
f8f5f0
f8f5f0
f7f5f0
f5f4f0
f5f4f0
f5f4f0
f5f4f0
f5f4f0
f5f4f0
f5f4f0
f5f4f0
f5f4f0
f5f4f0
f5f4f0
f5f4f0
f5f4f0
f5f4f0
f5f4f0
f5f4f2
f5f4f2
f5f4f2
f5f4f2
f5f4f2
f5f4f2
f5f4f2
f5f4f2
f5f4f2
f5f4f2
f5f4f0
f5f4f0
f5f4f0
f5f4ef
f5f4ef
f5f4f0
f5f4f0
f5f4f0
f5f4f0
f6f5f1
f3f2ee
fcfbf7
e3e3df
595b55
d1d2cc
fdfdf8
f4f5ef
f5f6f0
f4f5f0
f5f6ef
f4f4f1
f3f3f1
f3f3f1
f3f3f1
f3f3f1
f3f3f1
f3f3f1
f3f3f1
f3f3f1
f3f3f1
f3f3f1
f3f3f1
f3f3f1
f3f3f1
f3f3f1
f3f2ef
f3f2ee
f3f2ee
f3f2ee
f3f2ee
f3f2ee
f3f2ee
f3f2ee
f2f1ef
f2f1ef
f2f1ef
f2f1ef
f2f1ef
f2f1ef
f2f1ef
f2f1ef
f2f1ef
f2f1ef
f2f1ee
f2f1ed
f3f2ee
f3f2ed
f3f2ed
f3f1ed
f4f1ec
f4f1ec
f4f1ec
f3f0eb
efebe6
e9e7e1
e5e0da
f5ebe1
716b63
221d17
635145
77533e
7d4c36
7b432f
7e4833
7c4931
7b4730
79442d
79442d
7f4832
7d442f
7c442e
7d442f
804632
7d442f
814830
7d442c
7f462c
81492f
81462d
86482e
81462d
834932
7d442d
7e4630
7e4530
7b442f
7b432f
7a4630
76452e
754630
754831
774731
784733
794833
6a432a
654430
5f4231
654733
5c3e29
513a28
3c3026
24211a
37322a
46352e
453329
433728
413b28
423a2a
413125
43352c
2f251f
2d261f
4b3d31
614730
69452b
6c4732
6d4a35
6d442d
744c34
724c34
714a34
704c33
714c34
714d33
6e4b32
6e4c31
704d32
704c32
764f35
714c32
6f482f
714930
754332
7c4a33
624327
34201e
6f4c3a
875439
633928
79593d
875a34
94613e
6c4d3b
3d2e21
694d32
7d5131
6d442c
744731
975d34
955b32
935930
91582f
945a32
965c34
935a31
945b2f
925d2e
945d2d
925c2b
935d2c
955d2c
955d2b
965c2b
91592b
935c2f
8c5528
8e5629
90592d
8f582b
945d30
93592e
9c5d33
99592f
9a5d32
92572c
965d30
996134
915a2e
945c30
965c30
965c30
985e32
965c2f
965b2f
965c31
955b30
985d33
985b32
93572c
93582e
93572e
965a30
96592f
93592d
91592a
945c2d
955b2f
91552c
8e532b
915530
945833
915632
90532f
935432
865030
8c6348
5a3e2c
3c251f
e6d3d1
f9f2f3
f3eeee
f4f1ee
f3f1ed
f1f1ed
f1f2ed
f1f2ed
f2f2ed
f4f2ee
f3f2ee
f3f2ee
f3f2ee
f3f2ee
f3f2ee
f3f2ee
f3f4ef
f3f4ef
f3f4ef
f3f4ef
f3f4ef
f3f4ef
f3f4ef
f3f4ef
f3f4ef
f3f4ef
f3f4ef
f3f4ef
f3f4ef
f3f4ef
f3f4ef
f3f4ef
f3f4ef
f3f4ef
f3f4ef
f3f4ef
f3f4ef
f3f4ef
f3f4ef
f3f4ef
f3f4ef
f3f4ef
f3f4ef
f3f4ef
f3f4ef
f3f4ef
f4f3ee
f4f3ee
f4f4ef
eeede8
eae9e4
e8e7e2
edece7
c9c9c2
3b3d34
d0d2c8
f6f7ed
f0f1eb
f3f4ef
f3f4f0
f3f3f1
f4f4ef
f5f4ef
f5f4ef
f6f5f0
f6f5f0
f5f4ef
f5f4ef
f5f4ef
f6f4ef
f7f4ef
f7f4ef
f8f5f0
f8f5f0
f8f5f0
f8f5f0
f7f5f1
f6f5f1
f5f4f0
f5f4f0
f5f4f0
f5f4f0
f5f4f0
f5f4f0
f5f4f0
f5f4f0
f5f4f0
f5f4f0
f5f4f0
f5f4f0
f5f4f0
f5f4f0
f5f4f2
f5f4f2
f5f4f2
f5f4f2
f5f4f2
f5f4f2
f5f4f2
f5f4f2
f5f4f2
f5f4f2
f5f4f0
f5f4f0
f5f4f0
f5f4ef
f5f4ef
f5f4f0
f5f4f0
f5f4f0
f5f4f0
f4f3ee
f4f4f0
f4f2ef
63635f
a9aaa4
fffffb
f3f4ee
f4f5ef
f5f6f0
f3f5ef
f3f5ee
f3f3f0
f4f4f2
f4f4f2
f4f4f2
f3f3f1
f3f3f1
f3f3f1
f3f3f1
f3f3f1
f3f3f1
f3f3f1
f3f3f1
f3f3f1
f3f3f1
f3f3f1
f3f2ef
f3f2ee
f3f2ee
f3f2ee
f3f2ee
f3f2ee
f3f2ee
f3f2ee
f2f1ef
f2f1ef
f2f1ef
f2f1ef
f2f1ef
f2f1ef
f2f1ef
f2f1ef
f2f1ef
f2f1ef
f2f1ee
f2f1ed
f3f2ee
f3f2ed
f3f2ed
f3f1ed
f4f1ec
f4f1ec
f4f1ec
f3f0eb
f1eee9
ebe8e4
e6e3da
faf3e4
938f85
1d1911
5c4a3e
75523e
805037
7f472f
804931
7e492f
7f492f
7f482f
7f472f
7d462e
7e462f
7e452e
824832
814731
80462f
81472f
854c31
854b30
81482b
82482b
824529
82472c
82482e
7e462c
824a33
804730
7e4830
7b412d
7b432f
704029
734730
71482f
71462e
764733
744530
6f462d
684531
614331
634530
5b3c26
5c4331
403227
27221b
39312c
47362f
443228
413626
413a28
413a29
3f3124
493931
30251e
2d241e
4f3f33
5e432c
6b462d
6b4631
704936
744a32
744c33
734b32
6f4930
6e492f
6f4a30
704b31
704e33
715135
715136
6c4b2f
724e36
6f4630
71442f
754732
724532
794a33
624328
331d1e
6c4a39
89593b
5f3922
775e3d
835e34
91633c
6b4c38
3b291c
6b4c31
7d502e
6f462c
764932
925c34
905a32
905932
905a32
8e5830
88522b
864f28
8a512c
894c2b
8a4d2c
8b4d2b
8a4c28
8d4d28
8d4c29
8d4c29
8b4c25
8f5028
93552c
894b23
8c4f26
94562d
90512a
8e5028
904f28
8e5027
8d5128
8d5329
8f582d
8c572b
8e5a2e
8d582d
90582e
91582e
90592e
8f582d
8d582b
8b562a
8b542a
90522b
92522c
94552f
91552e
90552d
8e562d
8c532c
8d542a
8e5428
91592d
945c31
91592d
8f562d
8a5129
8a522b
8b552c
93542d
975330
824a28
937354
41351d
463f32
f7f0ed
f3eff1
f3f0f0
f2f1ef
f1f2ee
f1f2ec
f1f2ec
f0f1eb
f2f2ed
f3f2ee
f3f2ee
f3f2ee
f3f2ee
f3f2ee
f3f2ee
f3f2ee
f3f4ef
f3f4ef
f3f4ef
f3f4ef
f3f4ef
f3f4ef
f3f4ef
f3f4ef
f3f4ef
f3f4ef
f3f4ef
f3f4ef
f3f4ef
f3f4ef
f3f4ef
f3f4ef
f3f4ef
f3f4ef
f3f4ef
f3f4ef
f3f4ef
f3f4ef
f3f4ef
f3f4ef
f3f4ef
f3f4ef
f3f4ef
f3f4ef
f3f4ef
f3f4ef
f3f3ee
f4f3ee
f4f3ee
eeede8
eae8e3
e8e7e2
e7e5e1
f1f0e9
5d5f52
85877a
fefff5
eeefe8
f3f4ef
f3f4f0
f3f3f1
f4f4f0
f5f4ef
f5f4ef
f6f5f0
f6f5f0
f5f4ef
f5f4ef
f6f4ef
f6f4ef
f7f4ef
f7f4ef
f8f5f0
f8f5f0
f8f5f0
f8f5f0
f7f5f1
f6f5f1
f5f4f0
f5f4f0
f5f4f0
f5f4f0
f5f4f0
f5f4f0
f5f4f0
f5f4f0
f5f4f0
f5f4f0
f5f4f0
f5f4f0
f5f4f0
f5f4f0
f5f4f2
f5f4f2
f5f4f2
f5f4f2
f5f4f2
f5f4f2
f5f4f2
f5f4f2
f5f4f2
f5f4f2
f5f4f0
f5f4f0
f5f4f0
f5f4ef
f5f4ef
f5f4f0
f6f4f0
f6f4f0
f4f3ef
f3f2ee
ffffff
8f8f8b
666661
fafbf6
f4f5ef
f5f7f0
f6f7f1
f5f6f0
f5f5ee
f4f5ef
f5f5f2
f4f4f2
f3f3f1
f2f2f0
f3f3f1
f3f3f1
f3f3f1
f3f3f1
f3f3f1
f3f3f1
f3f3f1
f3f3f1
f3f3f1
f3f3f1
f3f3f1
f3f2ef
f3f2ee
f3f2ee
f3f2ee
f3f2ee
f3f2ee
f3f2ee
f3f2ee
f2f1ef
f2f1ef
f2f1ef
f2f1ef
f2f1ef
f2f1ef
f2f1ef
f2f1ef
f2f1ef
f2f1ef
f2f1ee
f2f1ed
f3f2ee
f3f2ed
f3f2ed
f3f1ed
f4f1ec
f4f1ec
f4f1ec
f3f0ec
f3f0eb
edeae6
e8e3db
f4f0de
babaae
212017
483a2f
785541
824e35
83492f
80482f
7d452c
7d452c
814930
7f462d
80472f
80482f
7f472e
81452d
80442c
81452d
82462b
84492f
864a2e
83472b
84482c
814529
83472b
80472b
7e462b
7e472d
80472e
80482f
7d442d
7d4431
74442d
71472f
6e482f
70462e
744531
73432e
6d442a
67442e
644532
65452f
5d3c25
5a412e
423328
241e18
38312b
493831
453329
413525
403b28
3e3828
3f3425
483830
332722
312722
4d3d31
60442e
6b452b
6e4731
6f4834
71462e
6e432b
744a31
6c442a
724b31
714b31
6b452c
6b4d2f
63492b
6e5235
6d5034
6f4c34
734734
794636
784635
724633
794a33
614229
361f23
684435
875739
613e23
735e39
836037
90613b
6e4d38
3e291a
6f4a2e
80502e
72452c
774a34
91552b
91562b
92572c
92562b
8e5327
905528
925829
8d5227
8d522b
8e512b
8f522a
8e522a
8e5128
8f522a
8e5128
8f5327
905427
915628
905428
8e5327
8e5226
8f5429
915328
965528
955428
905125
935528
915327
915628
915728
94572c
96572e
96572c
95572b
935529
925628
965a2d
995b2e
985a2e
975a2e
985b2f
965c30
965c30
975e32
955c32
955c31
965c33
925930
91592f
935c32
90582e
8e562c
8e572e
8d592d
8e5327
8f5027
8a5734
82644c
241b0c
7e7d73
fbfbf7
f1efee
f2f2ef
f2f2ee
f2f3ee
f1f2ec
f3f4ed
f4f5ed
f4f4ed
f2f1ed
f3f2ed
f3f2ed
f3f2ed
f3f2ed
f3f2ed
f3f2ed
f2f3ee
f2f3ee
f2f3ee
f2f3ee
f3f4ef
f3f4ef
f3f4ef
f3f4ef
f2f3ee
f2f3ee
f2f3ee
f2f3ee
f3f4ef
f3f4ef
f3f4ef
f3f4ef
f3f4ef
f3f4ef
f3f4ef
f3f4ef
f3f4ef
f3f4ef
f3f4ef
f3f4ef
f3f4ef
f3f4ef
f3f4ef
f3f4ef
f3f4ef
f3f4ef
f3f4ef
f3f4ef
f2f3ee
eeeee9
eaeae5
eaeae5
e4e4e0
f0f1eb
b3b4a9
505146
d9dad1
f5f5ef
f1f2eb
f2f3ee
f2f4ee
f4f4ef
f4f3ef
f4f3ef
f5f4ef
f5f4ef
f4f3ef
f4f3ef
f5f3ee
f6f4ef
f6f4ef
f6f4ef
f6f4ef
f7f5f0
f7f5f0
f7f5f0
f6f4f0
f5f4f0
f5f4f0
f5f4f0
f5f4f0
f5f4f0
f5f4f0
f5f4f0
f5f4f0
f5f4f0
f5f4f0
f5f4f0
f5f4f0
f5f4f0
f5f4f0
f5f4f0
f5f4f2
f5f4f2
f5f4f2
f5f4f2
f5f4f2
f5f4f2
f5f4f2
f5f4f2
f5f4f2
f5f4f2
f5f4f1
f5f4f1
f5f4f0
f5f4f1
f6f4f1
f8f3f0
f8f3f0
f7f3f0
f3f0ed
ffffff
a5a4a0
555450
eaeae6
f6f7f2
f3f4ef
f4f5ef
f5f6f0
f4f5f0
f4f5f0
f4f5ef
f5f4f1
f4f3f2
f4f3f1
f3f3f1
f4f3f1
f4f3f1
f4f3f1
f4f3f1
f3f2f0
f2f2f0
f2f2f0
f2f2f0
f2f2f0
f2f2f0
f2f2f0
f2f2ef
f3f2ee
f3f2ee
f3f2ee
f3f2ee
f3f2ee
f3f2ee
f3f2ee
f2f1ef
f2f1ef
f2f1ef
f2f1ef
f2f1ef
f2f1ef
f2f1ef
f2f1ef
f2f1ef
f2f1ef
f2f1ee
f2f1ed
f3f2ee
f3f2ed
f3f2ed
f4f1ee
f5f1ee
f3f0ed
f2f0ed
f1efec
f2efec
ecebe8
e5e2de
ecebe1
d5d4cc
36302a
493830
705141
794c35
804c2f
814a2e
80462e
81472f
7e442d
81462e
81462e
7e422a
824830
854930
864a31
84482f
81452b
83472d
85492d
85492c
83472b
84482d
864b2f
81482c
7e452a
80482e
814830
80492f
7b442d
7c452f
76452c
74472e
73482f
73472f
744631
72472f
6a4c2f
62422b
674733
62422a
5e3e26
58402c
48372d
221914
352e28
493830
433026
443325
433827
3e3626
3e3526
44362c
30251f
2e261f
4d3f32
624531
684028
6f412f
714635
67412a
6d472f
6c462d
6b462d
6a462d
6b472b
69472c
644a2c
644e2e
685134
694e34
6a4a31
6f4532
764335
784234
744833
735030
61422c
371e1e
694336
835839
5e3d1f
765b39
8a5d36
8f613b
664e37
3c291b
744a31
7d5130
73442e
784a33
8e542c
90562d
91582d
91572d
965d30
975e30
955e2e
995f32
9e6236
9c6135
9a5f33
9e6337
9c6235
9c6135
9d6236
9d6336
9d6236
9c6236
9a5f34
92572d
93582e
945832
975c33
9b6035
9d6236
9d6237
965b2f
92572b
93582c
94592d
975b33
975b36
965a34
955932
92572e
93582e
975c33
995e33
975c30
93572d
90552a
92572e
92562f
955a33
965a35
945931
8f5729
884f23
8d5328
955b32
91562f
91582f
905630
8e562f
93562d
894c25
916041
715243
251914
a0a09d
f8faf9
f1f1ee
f2f3ee
f2f3ee
f2f3ed
f3f4ee
f0f1ea
e2e3db
edece7
f4f3ee
f3f2ec
f3f2ed
f3f2ed
f3f2ed
f3f2ed
f3f2ed
f2f3ee
f2f3ee
f2f3ee
f2f3ee
f3f4ef
f3f4ef
f3f4ef
f2f3ee
f2f3ee
f2f3ee
f2f3ee
f2f3ee
f3f4ef
f3f4ef
f3f4ef
f3f4ef
f3f4ef
f3f4ef
f3f4ef
f3f4ef
f3f4ef
f3f4ef
f3f4ef
f3f4ef
f3f4ef
f3f4ef
f3f4ef
f3f4ef
f3f4ef
f3f4ef
f3f4ef
f3f4ef
f1f2ed
f0f1ec
eff0eb
ebece8
e7e8e4
e7e8e2
e7e8e0
3b3c36
989992
fefff9
eeefe7
f2f3ec
f2f4ea
f4f4ed
f4f3ef
f4f3ef
f4f3ef
f4f3ef
f4f3ef
f4f3ef
f4f3ef
f5f4ef
f5f4ef
f5f4ef
f5f4ef
f5f5ef
f5f5f0
f5f5f0
f5f4ef
f5f4f0
f5f4f0
f5f4f0
f5f4f0
f5f4f0
f5f4f0
f5f4f0
f5f4f0
f5f4f0
f5f4f0
f5f4f0
f5f4f0
f5f4f0
f5f4f0
f5f4f0
f5f4f2
f5f4f2
f5f4f2
f5f4f2
f5f4f2
f5f4f2
f5f4f2
f5f4f2
f5f4f2
f5f4f2
f5f4f2
f5f4f2
f5f4f1
f5f4f2
f5f3f2
f8f2f0
f9f4f1
f4efec
fffffe
bcb9b6
42413d
dbdad6
f5f5f0
f3f4ef
f4f5f0
f4f5f0
f4f5f0
f4f5f0
f4f5f0
f4f5f0
f4f4f0
f4f3f1
f4f3f1
f4f3f1
f4f3f1
f4f3f1
f4f3f1
f4f2f2
f2f2f0
f2f2f0
f2f2f0
f2f2f0
f2f2f0
f2f2f0
f2f2f0
f2f2ef
f3f2ee
f3f2ee
f3f2ee
f3f2ee
f3f2ee
f3f2ee
f3f2ee
f2f1ef
f2f1ef
f2f1ef
f2f1ef
f2f1ef
f2f1ef
f2f1ef
f2f1ef
f2f1ef
f2f1f0
f2f1ee
f2f2ed
f3f2ee
f3f2ee
f3f2ed
f4f2ef
f5f1f0
f3f0ef
f1f0ee
f1f0ee
f0f0ee
ebebea
e4e4e2
e6e6e0
deddd7
43403a
3f362c
6d5747
764e39
804b2e
874d31
7f462e
834931
7e442d
81462d
82462d
83462f
83452e
81442c
7f4328
83472c
83482d
83472b
84482c
83482b
85492c
84482c
854a2f
834b30
7d4529
814930
814930
814a30
7a432b
7a462e
77442b
77452e
784831
754730
754630
714930
674e31
60432c
684832
634127
614329
59422c
48362e
251b17
322c25
44372e
3f2e24
463325
463526
413425
3c3525
403328
2f261e
2b251d
4d4133
644735
673f2a
714232
6f4233
69422f
6b4631
69432e
68442d
68462f
66452b
65472b
624b2c
5f4c2d
634d30
654b30
6a4932
6e4533
724333
774135
744830
6e542d
61432d
382119
6c4438
815a3a
5f3f20
7a593b
8f5934
8e623b
5e4e35
392a1b
764a34
795331
734430
794933
8e542b
90562e
91582d
91582d
945b2e
925a2d
945c2d
955b2e
985c31
975c30
975c30
975c30
975c30
975b2f
965b2f
975d30
985e30
995f32
91562b
91562b
91562c
92562e
93572f
965b2f
965b2f
92572b
8e5327
905529
8f5429
8e5327
8b5027
8b5028
8b5028
8b5026
8a4f25
8c5127
8a4f23
8a4f23
8a4f23
8e5327
8b5025
8c5127
8c5127
894f26
894d27
90562d
895023
884f23
8f572b
90562e
8d532c
92582f
8e542e
925430
985732
90532f
885a3e
5e4637
322c27
c9cbc8
f6f7f5
f2f2ee
f2f3ee
f2f3ee
f2f3ed
f5f6f1
e4e5de
7b7c74
e1dfdb
f2f1ec
f3f2ed
f4f3ee
f4f3ee
f5f4ef
f5f4ef
f5f4ef
f2f3ee
f2f3ee
f2f3ee
f2f3ee
f3f4ef
f3f4ef
f3f4ef
f2f3ee
f2f3ee
f2f3ee
f2f3ee
f2f3ee
f3f4ef
f3f4ef
f3f4ef
f3f4ef
f3f4ef
f3f4ef
f3f4ef
f3f4ef
f3f4ef
f3f4ef
f3f4ef
f3f4ef
f3f4ef
f3f4ef
f3f4ef
f3f4ef
f3f4ef
f3f4ef
f3f4ef
f3f4ef
f3f4ef
f2f3ee
eff0eb
eaebe6
e6e7e2
e3e4df
f6f7f0
81827c
63645c
e8e9e1
f2f3eb
f1f2eb
f2f4eb
f4f4ed
f4f3ef
f4f3ef
f4f3ef
f4f3ef
f4f3ef
f4f3ef
f4f3ef
f5f4ef
f5f4ef
f5f4ef
f5f4ef
f5f4ef
f5f4ef
f5f4ef
f5f4ef
f5f4f0
f5f4f0
f5f4f0
f5f4f0
f5f4f0
f5f4f0
f5f4f0
f5f4f0
f5f4f0
f5f4f0
f5f4f0
f5f4f0
f5f4f0
f5f4f0
f5f4f0
f5f4f2
f5f4f2
f5f4f2
f5f4f2
f5f4f2
f5f4f2
f5f4f2
f5f4f2
f5f4f2
f5f4f2
f5f4f2
f5f4f2
f5f4f2
f6f4f2
f5f4f3
f7f3f1
f2edea
fffefb
b7b4b0
3f3e3a
dadad6
f8f9f4
f2f3ee
f4f5f0
f4f5f0
f4f5f0
f4f5f0
f4f5f0
f4f5f0
f4f5f0
f4f4f0
f4f3f1
f4f3f1
f4f3f1
f4f3f1
f4f3f1
f4f3f1
f4f3f1
f2f2f0
f2f2f0
f2f2f0
f2f2f0
f2f2f0
f2f2f0
f2f2f0
f2f2ef
f3f2ee
f3f2ee
f3f2ee
f3f2ee
f3f2ee
f3f2ee
f3f2ee
f2f1ef
f2f1ef
f2f1ef
f2f1ef
f2f1ef
f2f1ef
f2f1ef
f2f1ef
f2f1ef
f2f1ef
f2f1ee
f2f1ed
f3f2ee
f3f2ed
f3f2ed
f4f2f0
f4f2f0
f1f0ee
f1f0ee
f1f0ee
f1f1f0
edefec
e9e9e6
e7e3df
e5e7e2
4f564f
222519
645544
774f3c
8a4a32
87472e
824a32
824930
7e442c
81462e
81462e
82462e
83452e
844830
864a30
864a30
84482e
84482c
84482c
84492b
85492c
85492d
84492e
82492e
7f482c
7f462c
804830
824b31
804a31
77432b
78442c
76442c
794831
764730
72442e
704830
644a2d
5f422a
684631
6a482f
5f4026
5a422e
46342c
281c19
362f28
40352c
3f2e24
453426
443626
433628
3c3123
44362d
332a23
2b251e
463a2d
5f4330
68412c
6d4533
6c4332
6e4332
704534
6c4431
68432e
68462e
66452d
65482d
61492b
5f492b
654c31
684c32
694730
6e4531
754634
784535
71472e
6f552d
62432d
38211a
6b4339
82593a
5f3f20
7a593c
8e5a35
8e613a
604e36
3c291c
764a34
785331
71452f
784933
8e542b
8e552b
8f562b
8f562b
92592c
935b2d
945c2c
975e30
955a2e
965b2f
975c30
955a2e
955a2e
955a2f
955a2f
955b2e
955b2c
975d2f
945a2d
8f5428
8c5126
8e5328
93592f
8f5427
905529
955a2e
92572b
8f5428
8f5428
92572a
92572d
92572d
93582e
93582d
955a2f
945a2d
93582b
93592b
92572a
92572b
93582d
92572c
94592e
945930
935730
93592e
8a5123
91582c
91582c
945a31
8e542d
8d532b
925832
925432
935432
8d5734
805b44
4b3a2f
2f2f2a
e3e7e3
f4f5f1
f2f3ef
f2f3ee
f2f3ee
f1f2ed
f5f6ef
e7e8e1
7b7c74
d9d9d3
f5f4ef
f4f3ee
f5f4ef
f4f3ee
f4f3ee
f4f3ee
f4f3ee
f2f3ee
f2f3ee
f2f3ee
f2f3ee
f3f4ef
f3f4ef
f3f4ef
f2f3ee
f2f3ee
f2f3ee
f2f3ee
f2f3ee
f3f4ef
f3f4ef
f3f4ef
f3f4ef
f3f4ef
f3f4ef
f3f4ef
f3f4ef
f3f4ef
f3f4ef
f3f4ef
f3f4ef
f3f4ef
f3f4ef
f3f4ef
f3f4ef
f3f4ef
f3f4ef
f3f4ef
f3f4ef
f3f4ef
f3f4ef
eff0eb
e8e9e4
e6e7e2
e4e5e0
e8e9e2
d9dad1
363631
b5b6b0
fdfdf8
f1f2ea
f2f3eb
f3f3ed
f4f3ef
f4f3ef
f4f3ef
f4f3ef
f4f3ef
f4f3ef
f4f3ef
f5f4ef
f5f4ef
f5f4ef
f5f4ef
f5f4ef
f5f4ef
f5f4ef
f5f4ef
f5f4f0
f5f4f0
f5f4f0
f5f4f0
f5f4f0
f5f4f0
f5f4f0
f5f4f0
f5f4f0
f5f4f0
f5f4f0
f5f4f0
f5f4f0
f5f4f0
f5f4f0
f5f4f2
f5f4f2
f5f4f2
f5f4f2
f5f4f2
f5f4f2
f5f4f2
f5f4f1
f5f4f1
f5f4f1
f5f4f1
f5f4f1
f5f4f0
f5f4f0
f6f6f2
f1eeeb
ffffff
c4c2be
2c2b27
c9c9c5
fffffb
f0f2ed
f3f5f0
f3f4ef
f3f4ef
f3f4ef
f3f4ef
f3f4ef
f3f4ef
f3f4ef
f3f3f0
f4f3f1
f4f3f1
f4f3f0
f4f3f1
f4f3f1
f4f3f1
f4f3f1
f2f2f0
f2f2f0
f2f2f0
f2f2f0
f2f2f0
f2f2f0
f2f2f0
f2f2ef
f3f2ee
f3f2ee
f3f2ee
f3f2ee
f3f2ee
f3f2ee
f3f2ee
f2f1ef
f2f1ef
f2f1ef
f2f1ef
f2f1ef
f2f1ef
f2f1ef
f2f1ef
f2f1ef
f2f1ef
f2f1ee
f3f2ed
f2f1ed
f3f2ed
f3f2ed
f3f2ee
f4f3f0
f3f3ef
f2f2ee
f1f2ee
f1f3ef
eff1ed
e8e9e5
e7e4e1
ecf0eb
4f5b53
161e12
6e6452
6f4836
894a34
884931
804830
844d33
80472e
7f452d
80462e
81462e
82472f
884c34
874b32
864a30
81452b
84482c
83472b
83482a
84492c
864a2e
84492d
834a2f
81492d
7d462c
824932
7f472e
7f4931
7a442c
77422a
76432d
7a4831
75452f
73442e
6f462d
63482c
644731
684632
66452c
63442b
5a432e
45332a
2b1f1c
352c26
41352c
3e3025
433425
433626
413326
3f3124
41332a
332922
2d261f
45382d
5f4532
664630
664532
644331
6b4633
6a4432
684531
674832
64472f
664a32
62482e
62482d
654b31
684d33
684a2f
6b492f
744c33
764831
784532
724630
6f532d
63442e
39211b
6b4337
815939
5e3e1f
78593b
8d5b34
90613b
624d35
3e2a1d
754933
785432
6f4530
784932
8e542c
8f562d
91592d
935a2e
935a2d
935a2d
965e2e
985e31
985d31
985d31
975c30
995e32
9a5f33
9a5f33
995e33
985e30
975d2d
945a2a
93592b
955a2d
955a2d
955a2e
985d31
965b2f
955a2e
94592d
955a2e
965b2f
94592c
955a2e
975c32
985d32
975c32
985d32
985e31
985e30
985e2f
975d2f
975d30
975d2e
955b2e
965b2e
965b30
965b31
965b31
955b30
91582b
92592d
8f562b
935a31
935831
8e542c
874d27
8d5533
84512e
825836
806850
322c21
636864
f3f6f2
f1f1ec
f2f3ef
f2f3ee
f2f3ee
f2f3ed
f1f2ec
f6f7f0
a1a299
bab9b4
fcfbf8
f1f0eb
f5f4ef
f3f2ed
f4f3ee
f4f3ee
f4f3ee
f2f3ee
f2f3ee
f2f3ee
f2f3ee
f3f4ef
f3f4ef
f3f4ef
f2f3ee
f2f3ee
f2f3ee
f2f3ee
f2f3ee
f3f4ef
f3f4ef
f3f4ef
f3f4ef
f3f4ef
f3f4ef
f3f4ef
f3f4ef
f3f4ef
f3f4ef
f3f4ef
f3f4ef
f3f4ef
f3f4ef
f3f4ef
f3f4ef
f3f4ef
f3f4ef
f3f4ef
f3f4ef
f3f4ef
f3f4ef
f0f1ec
e9eae5
e6e7e2
e6e7e1
e3e4dd
f9faf1
5d5e58
797a72
fefef7
f3f4ec
f1f2ea
f3f3ed
f4f3ef
f4f3ef
f4f3ef
f4f3ef
f4f3ef
f4f3ef
f5f3ef
f5f4ef
f5f4ef
f5f4ef
f5f4ef
f5f4ef
f5f4ef
f5f4ef
f5f4ef
f5f4f0
f5f4f0
f5f4f0
f5f4f0
f5f4f0
f5f4f0
f5f4f0
f5f4f0
f5f4f0
f5f4f0
f5f4f0
f5f4f0
f5f4f0
f5f4f0
f5f4f0
f5f4f2
f5f4f2
f5f4f2
f5f4f2
f5f4f2
f5f4f2
f5f4f2
f5f4f0
f5f4ef
f5f4ef
f5f4f0
f5f4f0
f6f6f1
f5f4f0
f1f0ec
fffffc
c2c2be
32312d
abaca7
fefffa
f1f3ed
f2f5f0
f3f5f0
f3f4ef
f3f4ef
f3f4ef
f3f4ef
f3f4ef
f3f4ef
f3f4ef
f3f3f0
f4f3f1
f4f3f1
f4f3f1
f4f3f1
f4f3f1
f4f3f1
f4f3f1
f2f2f0
f2f2f0
f2f2f0
f2f2f0
f2f2f0
f2f2f0
f2f2f0
f2f2ef
f3f2ee
f3f2ee
f3f2ee
f3f2ee
f3f2ee
f3f2ee
f3f2ee
f2f1ef
f2f1ef
f2f1ef
f2f1ef
f2f1ef
f2f1ef
f2f1ef
f2f1ef
f2f1ef
f2f1ef
f2f1ee
f2f1ed
f5f4f0
efeeea
edebe6
f1f0eb
f1f2ec
f2f3ed
f1f2ec
f0f2ec
edf1eb
e8ede7
e4e8e2
e2e4e0
e9eeeb
949d98
24251c
554839
6a4833
7a482e
844b32
804b31
834d33
7d462c
7f472e
80462e
80462e
80462e
81452d
82462d
85492f
81462c
83482b
84482b
83482a
84492b
864a2e
84492d
834a2f
82492f
80472e
814930
7f472e
7f4730
7b432c
79412a
79432e
7a4730
77452f
75442e
6f452c
62482b
664933
694733
644229
604228
5a422e
45332a
2c1f1c
352b25
3f352c
3c3225
423626
423424
403225
433529
3e3028
332924
2c2420
413429
5b4531
634932
5f4731
5e4835
624d36
624c35
654f38
614b33
624d33
624d32
5f4b30
664b30
694b31
694c31
705135
714f33
70492f
74472e
78442f
72462e
6e542c
63432d
39211b
6b4237
805837
5f3f1e
785b3b
8a5b33
8e613a
624d35
3f291d
764833
775432
6e4730
784932
8f552e
90562e
91572e
91592d
935a2d
945b2e
955d2f
955b2e
965b2f
955b2e
965b2f
955a2e
94592d
955a2e
94592d
955b2d
955b2c
945a2b
945a2c
965b2e
975d30
965c31
965b30
975c31
965b2f
94592d
955a2e
94592d
975c30
965b30
965b30
965b30
975c30
975c30
985d31
995e32
975d2f
975d2f
985e2e
965c2d
965c2d
945a2c
94592d
94592d
93582c
965a30
995d31
94592e
90572d
91562e
915730
90552f
894f2a
8b5935
7f542f
805e3c
75644d
19190c
979e99
fcfffa
eeeee9
f1f2ee
f2f3ee
f2f3ee
f1f2ec
f0f1eb
fbfcf5
b9bab2
91908b
fcfcfa
efeee9
f3f2ed
f4f3ee
f4f3ef
f4f3ef
f4f3ef
f2f3ee
f2f3ee
f2f3ee
f2f3ee
f3f4ef
f3f4ef
f3f4ef
f2f3ee
f2f3ee
f2f3ee
f2f3ee
f2f3ee
f3f4ef
f3f4ef
f3f4ef
f3f4ef
f3f4ef
f3f4ef
f3f4ef
f3f4ef
f3f4ef
f3f4ef
f3f4ef
f3f4ef
f3f4ef
f3f4ef
f3f4ef
f3f4ef
f3f4ef
f3f4ef
f3f4ef
f3f4ef
f3f4ef
f3f4ef
f3f4ef
edeee9
e9eae5
e7e8e3
e4e5df
f1f1ea
b5b6ae
2b2c26
cfd0c8
f8f9f2
f0f2ea
f3f3ee
f4f3ef
f4f3ef
f4f3ef
f4f3ef
f4f3ef
f4f3ef
f4f3ef
f5f4ef
f5f4ef
f5f4ef
f5f4ef
f5f4ef
f5f4ef
f5f4ef
f5f4f0
f5f4f0
f5f4f0
f5f4f0
f5f4f0
f5f4f0
f5f4f0
f5f4f0
f5f4f1
f5f4f1
f5f4f1
f5f4f1
f5f4f1
f5f4f1
f5f4f1
f5f4f1
f5f4f2
f5f4f2
f5f4f2
f5f4f2
f5f4f2
f5f4f2
f5f4f2
f6f4f0
f6f4f0
f6f3ef
f5f4ef
f5f4ef
f3f3ee
f1f1eb
fffffc
b4b3b1
393834
aaaaa6
ffffff
f1f2ed
f0f2ed
f3f5f0
f2f3ee
f3f4ef
f3f4ef
f3f4ef
f3f4ef
f3f4ef
f3f4f0
f3f4ef
f3f4f0
f4f3f0
f4f3f1
f4f3f1
f4f3f1
f4f3f1
f4f3f1
f4f3f1
f2f2f0
f2f2f0
f2f2f0
f2f2f0
f2f2f0
f2f2f0
f2f2f0
f2f2ef
f3f2ee
f3f2ee
f3f2ee
f3f2ee
f3f2ee
f3f2ee
f3f2ee
f2f1ef
f2f1ef
f2f1ef
f2f1ef
f2f1ef
f2f1ef
f2f1ef
f2f1ef
f2f1f0
f2f0f0
f2f1ee
f2f1ee
f1f0ec
f7f6f1
cdccc7
cacbc5
f4f5ef
f1f2ec
eff2eb
f0f3ec
eef1ec
e5e9e3
e2e8e2
e1e6e2
e4eae6
c8cac6
332d26
3c2c20
6d503c
724a2e
7a492c
844f35
804a30
7c472d
80472e
80472e
80472e
7f462e
82462d
83462c
80442b
82452c
84472c
84482b
84482b
85492c
864a2e
844a2e
834a2f
82492f
824931
804831
804831
814833
7a422c
78432c
78432e
79452f
774530
75442f
6f462d
614a2c
654732
694733
634329
5f4227
5a3f2c
47332b
2c1d1b
362a25
3f352b
3b3124
413526
433526
413225
423228
44352e
302421
2d2421
3d2e27
5d4535
644a34
5d4831
5b4f38
565036
5b5538
5d553a
5b5236
5e5438
5c4f33
625137
684d33
6b4b33
6d4e34
6e4e33
6e4b2f
72492f
72452c
774530
71452e
6f512c
62422d
37211b
6a4237
7f5636
613f20
795c3e
8b5a34
8f613a
654b35
40291d
764934
785332
6e4631
784932
8f5630
905630
91572f
91582e
935a2e
965d30
935a2d
93592d
955a2e
945a2e
955a2e
955a2e
955a2e
955a2e
955a2f
955b2e
965b2f
965b2f
965b30
965b30
955a30
975c32
975c33
975c30
965b2f
975c30
965b2f
965b2f
975c30
965b2f
975c30
975c30
975c30
975c30
985d31
985d31
985d31
985e31
975d2d
965c2d
975d2f
955a2e
955a2f
955a2e
95592e
96592e
99592d
96592d
96592f
92562e
8f522d
905431
8a502b
8b552f
7d4d2b
805e42
745f4c
1e170c
9b9e95
fafff8
eaf0e8
f2f3ef
f2f3ee
f2f3ee
f2f3ee
f1f2ec
f7f8f1
ddded5
70716c
dcdcd8
f9f9f5
f1f2ed
f3f3ee
f3f4ef
f3f4ef
f3f4ef
f3f2ee
f3f2ee
f3f2ee
f3f2ee
f4f3ef
f4f3ef
f4f3ef
f3f3ee
f2f3ee
f2f3ee
f2f3ee
f2f3ee
f3f4ef
f3f4ef
f3f4ef
f3f4ef
f3f4ef
f3f4ef
f3f4ef
f3f4ef
f3f4ef
f3f4ef
f3f4ef
f3f4ef
f3f4ef
f3f4ef
f3f4ef
f3f4ef
f3f4ef
f3f4ef
f3f4ef
f3f4ef
f3f4ef
f3f4ef
f5f6f0
f1f2ed
ecede7
e7e8e3
e7e6e2
e6e5e1
f2f2ed
4e4d4b
9e9e9a
fbfbf6
efeeea
f4f3ef
f4f3ef
f3f4ee
f3f4ef
f3f4ef
f3f4ef
f3f4ef
f3f4ef
f4f5ef
f5f4ef
f5f4ef
f5f4ef
f5f4ef
f5f4ef
f5f4ef
f5f4ef
f4f3ef
f4f3ef
f4f3ef
f4f3ef
f4f3ef
f4f3ef
f4f3ef
f3f3f1
f3f3f1
f3f3f1
f3f3f1
f3f3f1
f3f3f1
f3f3f1
f3f3f1
f3f3f1
f3f3f1
f3f3f1
f3f3f1
f3f3f1
f3f3f1
f3f3f1
f6f3f3
f8f2f3
f8f3f2
f5f4f1
f3f4ee
edf0e8
f8fef2
cacfc5
40413b
bebeba
fffffc
eeefea
f2f2ed
f3f4ef
f3f4ef
f4f5f0
f4f5ef
f4f5ef
f4f5ef
f4f5ef
f4f5ef
f4f5ef
f4f5ef
f4f4ee
f5f4ef
f5f4ef
f5f4ef
f5f4ef
f5f4ef
f5f4f0
f5f4f0
f3f3f0
f3f3f1
f3f3f1
f3f3f1
f3f3f1
f3f3f1
f3f3f1
f3f2ef
f3f2ee
f3f2ee
f3f2ee
f3f2ee
f3f2ee
f3f2ee
f3f2ee
f2f1ef
f2f1ef
f2f1ef
f2f1ef
f2f1ef
f2f1ef
f2f1ef
f2f0f0
f2f0f3
f2f0f1
f2f1f0
eeedea
f7f6f2
d1d0cb
8b8a85
e3e4de
f0f1eb
eff0ea
f0f1ec
f2f2ee
f0f0ed
eeeeed
e8eae9
e2e7e6
e8eae3
d5d2c8
343025
35291e
6d5442
70462a
7e4a2d
834b32
7f472e
7c432b
7e452d
80452d
7d4129
834830
864b30
81472b
834a2e
80462a
82482a
82492b
834a2a
83492b
83492c
82492d
81492f
834831
834934
834936
834836
834835
7a442f
74472f
6e432b
71422c
774532
744530
6b4730
5d4b2e
684531
6b4734
5d452a
614428
613e2b
473128
2a1e1a
392b27
41352b
3e3025
423326
463629
47362b
3e2d24
3d3229
322a25
2a2021
402e29
5d4035
644531
5e462f
5c4f36
595538
5b5538
575234
575836
5c5d3b
5e5437
654e35
6d5035
6f5035
6e4f33
6c4c31
6e4b30
744a32
73432c
774532
744632
784d2f
5f402e
34221c
68463a
845236
623c1e
785c3d
8b5a35
925f3c
6d4536
3c271c
714934
7b5033
6e452f
784933
8e542e
8f552e
90562f
90572e
92592f
945b2f
945c2e
945b30
965b30
965b30
965b30
965b30
965b31
965b31
965b32
955a31
955a30
945930
955a2f
975c31
975c32
94592f
955a31
955a2e
995e32
985d31
975c30
975c30
975c2f
975c30
975c30
975c30
975c30
975c30
975c30
975c30
975c30
985d31
965c2e
975d2f
975d2f
965b2f
975c31
965b31
965b31
95592e
96572c
975a2d
985b31
945830
8c512c
965b37
894f2b
8b532e
81512f
7c5b42
766452
231e11
a5a79c
f6fdf3
ecf2ec
f2f3ef
f2f3ee
f2f3ee
f1f2ed
f2f3ec
f0f1ea
fcfcf8
81827c
999a95
fdfefb
f0f1ed
f3f4ef
f3f4ef
f3f4ef
f3f4ef
f3f2ee
f3f2ee
f3f2ee
f3f2ee
f4f3ef
f4f3ef
f4f3ef
f3f3ee
f2f3ee
f2f3ee
f2f3ee
f2f3ee
f3f4ef
f3f4ef
f3f4ef
f3f4ef
f3f4ef
f3f4ef
f3f4ef
f3f4ef
f3f4ef
f3f4ef
f3f4ef
f3f4ef
f3f4ef
f3f4ef
f3f4ef
f3f4ef
f3f4ef
f3f4ef
f3f4ef
f3f4ef
f3f4ef
f3f4ef
f4f5f0
f4f4f0
f0f0ec
e9eae5
e9e8e4
e7e6e2
f3f2ee
a7a6a2
5b5956
ebe9e6
f3f1ee
f3f3ef
f3f4ef
f3f4ef
f3f4ef
f3f4ef
f3f4ef
f3f4ef
f3f4ef
f4f4ef
f5f4f0
f5f4ef
f5f4ef
f5f4ef
f5f4ef
f5f4ef
f4f3ef
f4f3ef
f4f3ef
f4f3ef
f4f3ef
f4f3ef
f4f3ef
f4f3ef
f3f3f0
f3f3f1
f3f3f1
f3f3f1
f3f3f1
f3f3f1
f3f3f1
f3f3f1
f3f3f1
f3f3f1
f3f3f1
f3f3f1
f3f3f1
f3f3f1
f3f3f1
f6f3f2
f8f2f4
f7f3f3
f5f4f1
f2f3ee
f3f5ef
dbe1d8
565b52
b6b8b3
fefffb
edeee9
f2f3ee
f2f3ee
f2f3ee
f3f4ef
f3f4ef
f4f5ef
f4f5ef
f4f5ef
f4f5ef
f4f5ef
f4f5ef
f4f5ef
f4f4ef
f5f4ef
f5f4ef
f5f4ef
f5f4ef
f5f4ef
f5f4ef
f5f4ef
f3f3f1
f3f3f1
f3f3f1
f3f3f1
f3f3f1
f3f3f1
f3f3f1
f3f2ef
f3f2ee
f3f2ee
f3f2ee
f3f2ee
f3f2ee
f3f2ee
f3f2ee
f2f1ef
f2f1ef
f2f1ef
f2f1ef
f2f1ef
f2f1ef
f2f1ef
f2f1f0
f2f0f0
f2f1f0
f1f0ee
f7f6f3
eae9e4
3a3933
9d9c97
fefffa
edeee8
f0f1ec
f0f1ec
f0f1ee
f0f0ef
f2f2f1
eceeed
e4e7e6
e7e7e1
dcd8cf
3b352c
33271e
735648
744328
7d4428
824a31
7f472e
7d432b
7c422b
80452f
844931
834830
854c32
864c31
874e31
7e4528
7f4729
834a2c
83492a
834a2a
82492b
82492d
82492f
824831
834934
834835
834936
844a36
7a4530
6f452d
6f462d
74452f
76432f
744430
6d4730
654930
704232
6e4333
61472c
5e4224
643e2d
483229
2b201b
392c27
41342c
3c2f25
433528
433428
47352d
413128
3e332c
2e2824
2a2221
3d2c28
5b4335
664b35
614e35
604f37
604a32
644b35
654e36
68583c
615536
665135
6b4b32
744f35
704c32
714d33
6f4b30
6f4a30
744a32
73432d
764532
744633
7a4c30
60402d
34221c
68463a
865236
633b1e
795c3d
8b5936
915f3b
6f4536
3b271d
704b34
7c4f33
6e442e
774932
91572f
91572f
8f542d
90572c
92592e
935930
945b31
935930
945931
945931
945931
945931
955a31
945930
945931
935731
925730
935830
92572e
93582e
92572c
94592e
94592e
965b2f
955a2e
92572b
91562a
93582c
94592d
965b2f
965b2f
965b2f
965b2f
965b2f
965b2f
965b2f
965b2f
965b2e
93592b
92582b
955b2e
955a2f
945a2e
945930
945830
955930
985a30
975a2f
955a2e
945a2f
8f552e
945a37
884f2e
88522e
875837
84654b
675946
211f13
b5b7ae
f6faf2
eff2ec
f2f3ee
f2f3ee
f2f3ee
f2f3ee
f2f3ec
eff0e9
fcfdf6
c3c4bf
7e7f7a
f1f2ed
f2f2ee
f3f4ef
f3f4ef
f3f4ef
f3f4ef
f3f2ee
f3f2ee
f3f2ee
f3f2ee
f4f3ef
f4f3ef
f5f3ef
f3f3ee
f2f3ee
f2f3ee
f2f3ee
f2f3ee
f3f4ef
f3f4ef
f3f4ef
f3f4ef
f3f4ef
f3f4ef
f3f4ef
f3f4ef
f3f4ef
f3f4ef
f3f4ef
f3f4ef
f3f4ef
f3f4ef
f3f4ef
f3f4ef
f3f4ef
f3f4ef
f4f3ef
f4f3ef
f4f3ef
f4f3ef
f3f2ee
f4f3ef
f0efec
eaeae6
e7e7e2
e7e8e3
e6e6e2
ebebe6
454540
c0c0bc
f8f8f3
f3f3ee
f3f4ef
f3f4ef
f3f4ef
f3f4ef
f3f4ef
f3f4ef
f3f4ef
f4f4ef
f5f4ef
f5f4ef
f5f4ef
f5f4ef
f5f4ef
f5f4ef
f4f3ef
f4f3ef
f4f3ef
f4f3ef
f4f3ef
f4f3ef
f4f3ef
f4f3ef
f3f3f0
f3f3f1
f3f3f1
f3f3f1
f3f3f1
f3f3f1
f3f3f1
f3f3f1
f3f3f1
f3f3f1
f3f3f1
f3f3f1
f3f3f1
f3f3f1
f3f3f1
f5f3f3
f7f4f4
f5f4f2
f5f4f1
f5f5f1
fbfcf7
555852
7f827d
ffffff
eff0ea
f3f4ef
f2f3ee
f2f3ee
f3f4ef
f3f4ef
f3f4ef
f4f5ef
f4f5ef
f4f5ef
f4f5ef
f4f5ef
f4f5ef
f4f5ef
f4f4ef
f6f4ef
f5f4ef
f5f4ef
f5f4ef
f5f4ef
f5f4ef
f5f4ef
f3f3f1
f3f3f1
f3f3f1
f3f3f1
f3f3f1
f3f3f1
f3f3f1
f3f2ef
f3f2ee
f3f2ee
f3f2ee
f3f2ee
f3f2ee
f3f2ee
f3f2ee
f2f1ef
f2f1ef
f2f1ef
f2f1ef
f2f1ef
f2f1ef
f2f1ef
f3f2ef
f3f3ef
f1f1ed
f0f0ec
f8f8f5
60615b
666661
f5f5f0
eeefeb
efefed
f0f1ec
eff0eb
eff0eb
f0f1ed
f1f1ef
ebecea
e2e6e3
e6e4e0
dedad4
423a36
352622
6d4d41
77442a
80462a
7e492f
7c462c
7b4229
7b422a
824931
81462e
844931
80462d
80472d
7e452a
81482b
82492c
81482b
83492c
82492b
82492c
82492d
82492e
82492f
834931
834933
844a35
834933
7a462f
734a2f
72472e
76452f
76432d
76432f
71472f
6e4630
783f32
744133
68472f
604025
643d2f
47332b
29211d
392d29
40342c
3b2e25
41352a
42352b
43332b
3d2e28
3e322b
2e2823
2a2524
3a2e29
4f3d2d
604b32
5a4a31
614f36
694733
704937
714c36
694b34
685236
695034
6a4a31
754b33
774c34
724b32
724b31
724a30
754931
73442d
754532
734633
784d30
5d422c
33221c
68473b
845336
623b1e
775d3e
895b35
90603b
6e4637
3b281d
6f4b34
7c4f32
6f442f
774932
92592d
90572c
91582d
91582d
8f552e
915630
91572f
91562f
91562e
91562e
91562e
91562e
91562d
91562d
91552e
915530
915531
915530
91552f
91562e
90552c
905529
91562a
91562b
905529
905529
92572b
92572b
92572b
91562a
93582c
94592d
94592d
94592d
955a2e
955a2e
94592d
94592d
91562a
91562b
91562b
91562c
91562c
91562e
91562e
92562f
935730
92572d
92572a
90572b
8f5730
8c5331
885031
844e2c
825434
85694f
493e2b
222216
ced2ca
f6f9f2
f1f2ed
f1f2ee
f2f3ee
f2f3ee
f2f3ed
f2f3ed
f2f3ec
f1f2ea
f5f6f1
858681
b4b5b0
fdfefa
f1f2ed
f3f4ef
f3f4ef
f3f4ef
f3f2ee
f3f2ee
f3f2ee
f3f2ee
f4f3ef
f4f3ef
f4f3ef
f3f3ee
f2f3ee
f2f3ee
f2f3ee
f2f3ee
f3f4ef
f3f4ef
f3f4ef
f3f4ef
f3f4ef
f3f4ef
f3f4ef
f3f4ef
f3f4ef
f3f4ef
f3f4ef
f3f4ef
f3f4ef
f3f4ef
f3f4ef
f3f4ef
f3f4ef
f2f4ef
f5f3ef
f6f2ef
f6f2ef
f6f2ef
f6f2ef
f6f3f0
f2efec
ebe9e6
e6e7e2
e7e8e3
e5e6e1
f2f4ef
787a75
686a65
f9faf5
f3f4ef
f3f4ef
f3f4ef
f3f4ef
f3f4ef
f3f4ef
f3f4ef
f3f4ef
f4f4ef
f5f4ef
f5f4ef
f5f4ef
f5f4ef
f5f4ef
f5f4ef
f4f3ef
f4f3ef
f4f3ef
f4f3ef
f4f3ef
f4f3ef
f4f3ef
f4f3ef
f4f3f0
f4f4f2
f4f4f2
f4f4f2
f4f4f2
f4f4f2
f4f4f2
f4f4f2
f3f3f1
f3f3f1
f3f3f1
f3f3f1
f4f4f2
f4f4f2
f4f4f2
f4f5f3
f6f5f3
f5f4f2
f1f1ef
ffffff
898987
575755
fefffc
eeefea
f2f3ee
f2f3ee
f2f3ee
f3f4ef
f3f4ef
f3f4ef
f3f4ef
f4f5ef
f4f5ef
f4f5ef
f4f5ef
f4f5ef
f4f5ef
f4f5ef
f4f4ef
f6f4ef
f5f4ef
f5f4ef
f5f4ef
f5f4ef
f5f4ef
f5f4ef
f3f3f1
f3f3f1
f3f3f1
f3f3f1
f3f3f1
f3f3f1
f3f3f1
f3f2ef
f3f2ee
f3f2ee
f3f2ee
f3f2ee
f4f3ef
f4f3ef
f4f3ef
f2f1ef
f2f1ef
f2f1ef
f2f1ef
f2f1ef
f2f1ef
f2f1ef
f3f3ee
f0f1eb
e7e8e2
eef0ea
5d5d58
797b75
f3f4ee
f3f4ef
efefec
f0f0ef
f0f1ee
f0f1ec
f0f1ec
f0f1ec
f1f2ed
ecede9
e1e5e1
e6e6e1
e3dfdb
3c3635
342825
674b3e
784a2f
844e31
804d32
7e4a2f
7b442a
7d442c
7d462c
7f462d
81472f
7f452d
7c422a
7b4129
81482d
81482c
82492c
82492d
82492c
82492c
82492c
82492e
82492e
82492f
834a30
854b31
844931
7a482e
73492d
6f452a
74432c
7a432e
79442f
73452e
73472f
7a3c30
7b4437
69472e
66432b
623c2f
45332d
251e1a
372c29
413630
3d3129
40342a
40332a
3e2f28
3c2f29
3d332b
2e2823
262322
2f2722
4f3c2d
664e37
5e4931
625037
684e36
6e4b35
704b33
6e4f36
665032
624f30
684f32
714c32
744b32
734c33
714b32
724b32
754932
74442e
744431
714733
784d2f
5c422d
31231c
67473a
835336
623c1e
745d3b
855c35
8e613d
6c4737
3b2a1e
6f4b34
7c5033
714530
774932
8e5528
8c5326
90572a
90572c
90552f
915730
915731
915730
925630
925630
925630
925630
925630
925630
925630
925534
925534
925632
925631
92572f
92572d
92572b
92572b
92572b
92572b
92572b
92572b
92572b
92572b
92572b
93582d
94592d
94592d
94592d
94592d
94592d
93582c
93582c
91562b
91562c
91562c
91562d
91562e
91552f
915530
915631
905431
8f562d
905729
8d5628
8c562c
8b5432
875033
824c2c
7d5231
897156
39301e
2e3125
dde2da
f7f8f3
f3f2ee
f2f3ef
f2f3ee
f2f3ee
f2f3ed
f2f3ed
f2f3ec
efefe7
fffffd
a9aaa5
8b8c86
f3f4ef
f3f4ef
f2f3ee
f3f4ef
f3f4ef
f3f2ee
f3f2ee
f3f2ee
f3f2ee
f4f3ef
f4f3ef
f5f3ef
f3f3ee
f2f3ee
f2f3ee
f2f3ee
f2f3ee
f3f4ef
f3f4ef
f3f4ef
f3f4ef
f3f4ef
f3f4ef
f3f4ef
f3f4ef
f3f4ef
f3f4ef
f3f4ef
f3f4ef
f3f4ef
f3f4ef
f3f4ef
f3f4ef
f3f4ef
f2f4ef
f5f3ef
f6f2ef
f6f2ef
f6f2ef
f6f2ef
f7f3f0
f5efed
eeebe7
e7e9e4
e6e8e3
e3e5e0
eff0eb
bdbfba
444541
eff1ec
f1f2ed
f3f4ef
f3f4ef
f3f4ef
f3f4ef
f3f4ef
f3f4ef
f3f4ef
f4f4ef
f5f4ef
f5f4ef
f5f4ef
f5f4ef
f5f4ef
f5f4ef
f4f3ef
f4f3ef
f4f3ef
f4f3ef
f4f3ef
f4f3ef
f4f3ef
f4f3ef
f4f3f1
f4f4f2
f4f4f2
f4f4f2
f4f4f2
f4f4f2
f4f4f2
f4f4f2
f3f3f1
f3f3f1
f3f3f1
f3f3f1
f4f4f2
f4f4f2
f4f4f2
f5f5f3
f5f5f3
f2f2f1
fafaf8
d4d4d3
3b3b3b
d2d2d3
faf9f9
f1f2ed
f4f5ef
f3f4ef
f3f4ef
f3f4ef
f3f4ef
f3f4ef
f3f4ef
f4f5ef
f4f5ef
f4f5ef
f4f5ef
f4f5ef
f4f5ef
f4f5ef
f4f4ef
f5f4ef
f5f4ef
f5f4ef
f5f4ef
f5f4ef
f5f4ef
f5f4ef
f3f3f1
f3f3f1
f3f3f1
f3f3f1
f3f3f1
f3f3f1
f3f3f1
f3f2ef
f3f2ee
f3f2ee
f3f2ee
f3f2ee
f4f3ef
f4f3ef
f4f3ef
f2f1ef
f2f1ef
f2f1ef
f2f1ef
f2f1ef
f3f2f0
f1f0ee
edeee8
e7eae0
f2f5ec
777a70
45473f
f4f6f0
eff1ec
eef0eb
efefed
f0f0f0
f0f0ee
f0f0ee
f0f1ec
f0f1ec
f1f2ec
ecede7
e3e5e1
e4e4e0
ebe7e6
3d3b3e
2a2422
675345
714e2e
774827
7c4a2f
7c492e
79462b
7c462c
7d452c
824930
814930
814731
7e452e
7c422b
7d432c
81482d
82492d
82492c
81492c
81492e
82492e
82492c
82492d
82492c
82492c
844a2e
81482f
7c4a2f
704829
6f472b
77432b
7a402d
7a412d
75432c
72482f
7b3e2f
753f30
69492f
65442b
654133
45332f
241d1c
352c2b
3f3630
393028
3e342b
41342b
3d2f29
3c2f2a
3a3128
2d2a23
242320
2f2620
4e382a
674834
6a4935
694f38
624d32
6d4c34
724933
704c33
6b5033
675131
695132
6d4f32
715035
6f4d32
6e4d32
704c32
71462e
72422c
774633
714833
764d2f
5a422c
31241e
644539
855638
623d1f
735e3c
825a33
8e633e
6a4636
3b2a1e
6f4b34
7d5033
714530
784933
90572b
8f562a
8e5529
8f552e
8f552e
915730
8f552f
925732
925631
925631
925630
92572f
925830
92582f
92582f
925631
925632
925631
925730
91562e
92572d
92572d
93582c
92572b
92572a
92572a
91562a
91562a
91572a
91562a
93582d
94592d
94592d
94592d
955a2f
92572d
92572c
92572c
91572f
92572d
91562d
91562e
91562e
91562f
915530
91552e
915630
91572d
915729
91582c
905730
8b5232
8b5136
844a2d
835739
856f55
36311e
58594e
f1f2eb
f3f4ee
f1f2ed
f1f2ee
f2f3ee
f2f3ee
f3f2ee
f3f2ee
f3f2ee
f2f1ec
f7f8f3
e6e8e1
585955
c6c6c2
fcfcf8
f1f2ed
f4f5f0
f2f3ee
f3f2ee
f3f2ee
f3f2ee
f3f2ee
f3f3ef
f3f3ef
f3f3ef
f3f3ee
f3f2ee
f3f2ee
f3f2ee
f3f2ee
f3f3ef
f3f3ef
f3f3ef
f4f3ef
f4f3ef
f4f3ef
f4f3ef
f4f3ef
f4f3ef
f4f3ef
f3f3ef
f3f4ef
f3f4ef
f3f4ef
f3f4ef
f3f4ef
f3f4ef
f2f4ef
f4f3ef
f6f2ef
f6f2ef
f5f2ef
f6f1ee
f5f2ef
f4f1ee
f0efeb
e9eae5
e6e8e3
e4e5e0
e6e8e3
e7e9e4
4f534e
91948f
fdfdfb
f0f1ec
f3f4ee
f2f3ef
f2f3ee
f3f4ef
f3f4ef
f3f4ef
f4f3ef
f5f4ef
f5f4ef
f5f4ef
f5f4ef
f5f4ef
f5f4ef
f4f3ef
f4f3ef
f4f3ef
f4f3ef
f4f3ef
f4f3ef
f4f3ef
f4f3ef
f4f3f0
f4f4f0
f4f4f0
f4f4f0
f4f4f0
f4f4f0
f4f4f0
f4f4f0
f4f3f1
f4f3f1
f4f3f1
f3f3f1
f4f4f2
f4f4f2
f4f4f2
f4f5f1
f4f5f1
f1f2ee
ffffff
838481
929290
fefdfd
f3f1f0
f3f4f1
f3f4f1
f4f4f1
f3f3f1
f3f3f0
f3f3f0
f3f3f0
f4f4f0
f5f6f0
f4f5f0
f4f5f0
f4f5f0
f4f5f0
f4f5f0
f4f6f0
f4f4f0
f5f4f0
f5f4f0
f5f4f0
f5f4f0
f5f4f0
f5f4f0
f5f4f1
f3f3f1
f3f3f1
f3f3f1
f3f3f1
f3f3f1
f3f3f1
f3f3f1
f3f2ef
f3f2ee
f3f2ee
f3f2ee
f2f1ed
f1f0ec
f1f0ec
f1f0ec
f2f1ef
f2f1ef
f2f1ef
f1f0ee
f0efed
f2f1ef
f1efee
e9e8e4
f6f7ef
969790
21231a
cfd1cc
f3f5ef
eef0ea
f0f1ec
f0f1ed
f1f1ef
f0f0ec
eff0ed
f0f1ec
f0f1ec
f1f2ed
edede8
e6e4e1
e4e2de
ebece8
404541
242520
605142
6a4729
734223
804b31
804a30
7b472c
7d462c
7c462c
804b31
834c32
7f442d
824730
7d422b
82472f
82462c
83482d
84482e
84482d
834a2e
81482b
834a2d
7f4629
81482c
82492d
80472a
82482e
7d482f
79482f
74442a
76432b
77422c
75412d
72432c
744630
753f31
734232
6a432d
603a23
624131
43342d
231c1a
372c2c
3d342e
382f25
3d3529
3f352a
3d3128
3b3029
3a3127
2e2823
252321
312622
523b2e
63432e
6a4834
664933
62472b
6e4730
744431
754733
6d4932
6a4a32
68462d
69482f
69482e
745137
704b31
70472d
75482f
76442d
77442e
744631
784b2f
654331
32241c
644333
88593a
5c3a20
745b3f
815c34
8c643f
6b4739
3f261f
6c4a35
7b5035
724332
754732
8e552a
8e552a
8e542c
8e542c
90562f
8e542f
925832
8f552f
915730
915730
91572f
91582d
91592d
91592c
92582b
93582e
93582e
94592f
93582e
93582e
93582e
92572f
94592f
94592f
94592e
94592d
94592d
93582c
93592b
925929
955b2c
975c30
975c30
975c30
93582e
94592f
93582f
92572f
92572f
92572f
8f542c
965b33
91562e
91562e
91562f
90552c
91562c
91562b
91562b
90552e
945734
894c2e
8d5034
8c5033
82553b
867159
2f2b19
7d7d72
fefdf7
eef0e9
f1f4ed
f2f3ee
f2f3ee
f3f2ee
f3f2ee
f4f2ee
f5f1ee
f5f2ee
efefea
fdfdfa
565754
adadaa
fffffd
eff0ea
f3f4ee
f3f4ee
f2f3ee
f2f3ee
f2f3ee
f2f3ee
f2f3ee
f2f3ee
f2f3ee
f2f2ee
f3f2ee
f3f2ee
f3f2ee
f3f2ee
f3f2ee
f3f2ee
f3f2ee
f4f3ef
f4f3ef
f4f3ef
f4f3ef
f4f3ef
f4f3ef
f4f3ef
f3f3ef
f3f4ef
f3f4ef
f3f4ef
f3f4ef
f3f4ef
f3f4ef
f3f4ef
f3f3ef
f4f3ef
f4f3ef
f4f3ef
f4f3ef
f3f2ee
f4f2ee
f3f2ee
e9eae5
e4e5e0
e4e5e0
e2e3df
f2f6f0
848a84
4c514c
fbfcf9
eff0ea
f3f4ee
f2f3ed
f2f3ed
f3f4ee
f3f4ee
f3f4ee
f4f3ef
f4f3ef
f4f3ef
f4f3ef
f4f3ef
f4f3ef
f4f3ef
f4f3ef
f4f3f0
f4f3ef
f4f3ef
f4f3ef
f4f3ef
f4f3ef
f4f3ef
f4f3ef
f4f3ef
f4f3ef
f4f3ef
f4f3ef
f4f3ef
f4f3ef
f4f3ef
f4f3f1
f4f3f1
f3f3f1
f3f3f1
f3f4f2
f2f5f2
f3f5f2
f4f5f1
f2f3ed
fdfdfb
bbbcb7
61625c
e6e7e3
f7f7f3
f5f5f1
f4f4f1
f3f3f1
f3f3f1
f3f3f1
f3f3f1
f3f3f1
f3f3f1
f4f4f1
f5f6f1
f5f6f1
f5f6f1
f5f6f1
f5f6f1
f4f6f0
f4f6f1
f4f4f0
f4f3f1
f4f3f1
f4f3f1
f4f3f1
f4f3f1
f4f3f1
f4f3f1
f3f3f1
f3f3f1
f3f3f1
f3f3f1
f3f3f1
f3f3f1
f2f2f0
f2f2ef
f3f2ee
f2f1ed
f2f1ed
f2f1ed
f2f1ed
f1f0ec
f1f0ec
f2f1ef
f2f1ef
f2f1ef
f0efed
eeedeb
efeeec
ebeae8
f3f2ef
b5b5b1
22231e
b6b7b2
fffffd
eff0eb
f1f2ed
f1f2ed
f0f1ec
f0f1ec
f0f1eb
eff0eb
eff0eb
f0f1ec
f1f2ed
ecece8
e9e3e3
e8e5e1
ecf1e9
505c53
20261d
645546
71482f
784328
814a31
7f4a30
7a442a
7e482e
7e482e
7c492e
824d33
7f442a
884b31
7f432a
874b30
7f4329
82452b
84472d
84492d
834b2d
82492b
7f4629
834a2d
834a2e
7f462c
80472c
7d432c
814932
7b452d
76422b
74422b
73432c
72442d
72432d
76432f
724031
734436
6b3c29
663a24
5d3f2e
3e3428
241e1b
342a28
39312a
393328
3b3627
3c3628
3b3427
3a3227
3c3126
302922
282323
2f2422
4e382c
654834
644630
654a33
66472b
744832
76422f
744231
704634
6a4431
6e4533
6c4531
6c432e
744b33
71452d
72442a
7d4d32
774529
79462c
77462e
7b492f
704336
34251c
6c4836
8b5b3b
593b26
795742
845c36
8e6440
6e453a
411f1d
6a4b37
785037
723f32
70412e
8e552a
8e552a
8d542b
8f552d
915730
8b512c
925832
955b34
945a35
955b34
955b34
955b33
955c32
955c31
955c30
965b31
965b31
975c32
965b31
955a30
93582e
91562c
91562c
975c32
975c32
975c32
975c30
985d30
985d30
985e2f
995f31
995f32
995e32
9a5f34
9a5f35
90552c
92572f
91552d
92562e
91562f
8f542d
92572e
92572f
92572e
93572f
92572f
91582e
8f562b
92592e
945a31
915734
8a4e30
894c31
864c2f
845a3e
7c6851
252111
929188
fcfbf6
f2f3ee
f0f3ed
f2f3ee
f2f3ee
f3f2ee
f3f2ee
f4f2ee
f5f1ee
f5f1ee
f2f2ed
f7f8f4
c9cac5
595b54
e1e2dc
f8f9f3
f2f3ed
f3f4ee
f2f3ee
f2f3ee
f2f3ee
f2f3ee
f2f3ee
f2f3ee
f2f3ee
f2f2ee
f3f2ee
f3f2ee
f3f2ee
f3f2ee
f3f2ee
f3f2ee
f3f2ee
f4f3ef
f4f3ef
f4f3ef
f4f3ef
f4f3ef
f4f3ef
f4f3ef
f4f3ef
f3f4ef
f3f4ef
f3f4ef
f3f4ef
f3f4ef
f3f4ef
f3f4ef
f3f3ef
f4f3ef
f4f3ef
f4f3ef
f4f3ef
f4f3ef
f5f4f0
f4f4f0
edeee9
e7e8e3
e5e6e1
e0e2dd
ecf0ea
b0b5af
40443e
dbdfd8
f4f5ee
f4f5ef
f4f5ee
f5f6f0
f4f5ef
f4f5ef
f4f5ef
f5f4f0
f5f4f0
f5f4f0
f5f4f0
f5f4f0
f5f4f0
f5f4f0
f5f4f0
f5f4f0
f5f4f0
f5f4f0
f5f4f0
f5f4f0
f5f4f0
f5f4f0
f5f4f0
f5f4f0
f5f4f0
f5f4f0
f5f4f0
f5f4f0
f5f4f0
f5f4f0
f4f3f1
f4f3f1
f4f3f1
f3f3f1
f3f4f2
f3f5f2
f2f5f2
f4f5f1
f6f6f1
f6f7f4
5f605b
abaca7
fffffe
f0f1ec
f5f6f1
f3f4f0
f3f3f1
f3f3f1
f3f3f1
f3f3f1
f3f3f1
f3f3f1
f3f4f1
f5f6f1
f5f6f1
f5f6f1
f5f5f0
f4f4f0
f4f4f0
f4f4f0
f4f4ef
f4f3f0
f4f3f1
f4f3f1
f4f3f1
f4f3f1
f4f3f1
f4f3f1
f3f3f1
f3f3f1
f3f3f1
f3f3f1
f3f3f1
f3f3f1
f2f2f0
f2f2ef
f3f2ee
f2f1ed
f2f2ed
f2f0ed
f0efeb
f0efeb
efeeea
f1f0ef
f2f1ef
f2f1ef
f0efed
efeeec
e6e5e3
e9e8e6
dfdfdc
30312c
8c8d88
fdfefa
eff0eb
f1f2ed
f1f2ed
f2f3ee
f1f1ed
f0f1ec
f1f1ec
eff0eb
eff0eb
f0f1ec
f1f2ed
edece8
e9e6e6
e8e6e2
ebefe9
4f5952
21241d
5f4e42
6f462e
7e4a2d
804b31
7e492f
7a442a
7a442a
7a442a
7f4a30
7e472d
864a30
84462d
82462c
82462c
864a30
85492f
86492f
82482c
824b2d
824b2d
814a2d
854d31
824a2f
7f472e
834a32
7c452e
7e4931
79442d
75422b
714029
72422c
73452e
73442d
76412e
754533
714334
724330
633622
593a2a
40332b
282421
2e2b27
36322b
363227
363426
393627
393629
373227
392f23
352e28
282423
2f2321
4d362c
624431
674734
634730
66472b
744832
77422f
74412f
714431
6e4530
714430
724632
744a34
6d422a
72452d
75472d
7c4d31
754427
79472c
77462f
78482d
704436
36271d
714c3b
8e5c3d
5c3e27
7a513f
8c5a38
8c5d3b
693e34
421f1d
664a33
785537
724132
6f402c
8e552a
8e552a
8e542c
8f552c
90562f
905630
8e542e
8f5530
8f5530
8f552f
8f552f
8f552e
8f552d
8f562c
8f562b
90552c
90552b
90552b
90552b
90552b
91562c
91562c
91562c
92572e
92572e
92572e
92572c
92572c
92572b
92572a
92582c
93582e
93582e
93592f
945931
91562e
925630
91562f
92572f
92572f
945931
91562e
92562f
91562f
92562e
91562f
90582f
90582f
8f572e
965d36
925937
844b2e
894e34
8b5435
8c6446
75634e
1c190c
92938d
fdfcf9
eff1eb
f0f3ed
f2f3ee
f2f3ee
f3f2ee
f3f2ee
f4f2ee
f5f1ee
f5f1ee
f2f2ed
eff0ea
fffffe
878882
868780
fdfef8
f3f4ed
f3f4ee
f3f4ef
f2f3ee
f2f3ee
f2f3ee
f2f3ee
f2f3ee
f2f3ee
f2f2ee
f3f2ee
f3f2ee
f3f2ee
f3f2ee
f3f2ee
f3f2ee
f3f2ee
f4f3ef
f4f3ef
f4f3ef
f4f3ef
f4f3ef
f4f3ef
f4f3ef
f3f3ef
f3f4ef
f3f4ef
f3f4ef
f3f4ef
f3f4ef
f3f4ef
f3f4ef
f3f3ef
f4f3ef
f4f3ef
f4f3ef
f4f3ef
f4f3ef
f4f3ef
f5f5f0
f2f2ed
eaebe6
e6e7e2
e2e3df
e9ece6
d4d9d3
333932
969994
fbfbf7
f1f3ec
f2f4ee
f4f5ef
f4f5ef
f4f5ef
f4f5ef
f5f4f0
f5f4f0
f5f4f0
f5f4f0
f5f4f0
f5f4f0
f5f4f0
f5f4f0
f5f4f0
f5f4f0
f5f4f0
f5f4f0
f5f4f0
f5f4f0
f5f4f0
f5f4f0
f5f4f0
f5f4f0
f5f4f0
f5f4f0
f5f4f0
f5f4f0
f5f4f0
f4f3f1
f4f3f1
f4f3f1
f3f3f1
f3f4f2
f3f5f2
f4f6f3
f1f3ef
ffffff
a9a9a5
777873
f9faf6
f3f4f0
f5f6f1
f4f5f0
f3f3f0
f3f3f1
f3f3f1
f3f3f1
f3f3f1
f3f3f1
f3f3f1
f4f4f1
f5f6f1
f4f5f0
f5f5f0
f5f4f0
f5f4f0
f6f3f0
f7f3f0
f5f3f0
f4f3f1
f4f3f1
f4f3f1
f4f3f1
f4f3f1
f4f3f1
f4f3f1
f3f3f1
f3f3f1
f3f3f1
f3f3f1
f3f3f1
f3f3f1
f3f3f1
f3f2ef
f3f2ee
f3f2ee
f3f2ee
f2f1ed
f1f0ec
f1f0ec
f1f0ec
f2f1ee
f2f1ee
f0efec
efeeea
e9e8e4
e6e5e2
f8f7f4
5d5d59
444540
f4f5f0
ecede8
f0f1ec
f0f1ec
f1f2ed
f1f2ed
f1f1ec
f1f0ec
f0f0ec
f0efeb
f0efeb
f1f0ec
f2f1ed
edece9
e6e5e6
e8e8e4
edf0ea
5e6460
21211d
5d4d41
6c462f
7e4c30
804d32
7e4b30
7c462c
784227
7a4229
784027
7d442c
7c4026
7d4026
81462b
82462c
83462d
84482d
85492f
7e462a
81492b
7c4428
7d4529
794127
7d452c
7f4730
7e462f
78442c
77452e
74432c
73432c
6f3f29
71412d
72432f
73452f
73432c
744632
714433
6e3e2a
633822
5b3b2c
41322d
282421
2c2b28
33322c
333327
353528
343426
343327
363429
3a3326
343029
2a2825
2f2421
4d372c
5d3d2b
664532
634530
67482e
734631
77432f
76442f
73452f
744730
71422c
70402c
774935
70422c
72432b
75452c
7f5034
794b2e
78472b
74442d
794a2e
724838
36261d
6a4233
925e40
593a23
7b4d3d
8f5638
8e5d3c
704539
3e1e19
654b32
765634
6d3f2c
744732
8e552a
8e552a
8e542c
8f552d
90562f
905630
905630
905630
905631
905631
905630
905630
90562f
90562d
90562e
91562d
91562c
91562c
91562c
91562c
91562c
91562c
91562d
91562f
91562f
91562d
91562c
91562b
91562a
91562a
91562b
92572d
92572e
92572f
90552e
90542e
935732
915530
925730
92572f
935830
935830
91562e
91572e
91562e
925731
915a32
8d572e
8d572e
8c552f
8c5433
874e32
884e36
804c2c
8b6547
71634e
17150b
969795
ffffff
eff0eb
f1f3ec
f2f3ee
f2f3ee
f3f2ee
f3f2ee
f4f2ee
f5f1ee
f5f1ee
f4f3ee
f0f2ec
f8f8f3
e9eae4
44453f
bbbcb6
fbfcf6
f0f1ec
f1f2ed
f2f3ee
f2f3ee
f2f3ee
f2f3ee
f2f3ee
f2f3ee
f2f2ee
f3f2ee
f3f2ee
f3f2ee
f3f2ee
f3f2ee
f3f2ee
f3f2ee
f4f3ef
f4f3ef
f4f3ef
f4f3ef
f4f3ef
f4f3ef
f4f3ef
f3f3ef
f3f4ef
f3f4ef
f3f4ef
f3f4ef
f3f4ef
f3f4ef
f3f4ef
f3f3ef
f4f3ef
f4f3ef
f4f3ef
f4f3ef
f4f3ef
f4f3ef
f4f4ef
f2f2ed
e9eae5
e5e7e2
e4e5e0
e6e9e3
ecf1eb
4f554f
666863
ffffff
eeefe9
f1f2ec
f4f5ef
f4f5ef
f4f5ef
f4f4ef
f5f4f0
f5f4f0
f5f4f0
f5f4f0
f5f4f0
f5f4f0
f5f4f0
f5f4f0
f5f4f0
f5f4f0
f5f4f0
f5f4f0
f5f4f0
f5f4f0
f5f4f0
f5f4f0
f5f4f0
f5f4f0
f5f4f0
f5f4f0
f5f4f0
f5f4f0
f5f4f0
f4f3f1
f4f3f1
f4f3f1
f3f3f1
f3f4f2
f3f5f2
f3f6f3
f5f6f2
fafbf6
666762
949591
ffffff
f1f2ed
f5f6f1
f5f6f1
f3f3f1
f3f3f1
f3f3f1
f3f3f1
f3f3f1
f3f3f1
f3f3f1
f3f4f1
f5f6f1
f4f5f0
f4f5f0
f6f3f0
f8f3f0
f9f2f0
faf2f0
f7f3f0
f4f3f1
f4f3f1
f4f3f1
f4f3f1
f4f3f1
f4f3f1
f4f3f1
f3f3f1
f3f3f1
f3f3f1
f3f3f1
f3f3f1
f3f3f1
f3f3f1
f3f3ef
f3f2ee
f3f2ee
f3f2ee
f3f1ee
f2f1ed
f2f1ed
f2f1ed
f2f1ed
f2f1ec
edece8
e6e5e1
e4e3df
edece8
696864
2c2c27
d2d3ce
f1f2ed
eff0eb
f0f1ec
f0f1ec
f0f1ec
f1f2ed
f2f0ec
f3efec
f2efec
f2eeeb
f2eeeb
f3efec
f4f0ed
eeece9
e8e9e9
e5e5e3
eeefea
747875
201f1d
5a493e
6d4932
7b4c30
804e33
7e4c31
78442a
764227
774026
7e452d
7b4029
7f4329
7d4127
81452b
84482e
81442a
83472d
874a31
7b4127
7a4327
7b4529
7b452b
7c462c
7e4830
7d4730
7a442c
74422c
73432d
71422b
73432e
71412d
71422e
71422f
72432f
72442b
714631
714432
6d3e28
643722
5b3a2d
44332f
2a2524
2c2b28
33322d
34332a
343428
343527
343428
353428
373325
312e27
262623
2c241f
4e362c
5c3a28
684431
644631
674a30
71442f
77422f
78452f
72442d
74472e
72402a
72402b
784734
73422c
73422b
73442a
7f5035
78492d
7b4b30
764830
794d30
6f4637
33231a
714939
966143
583621
7a4e3e
875534
8d613e
6c4638
392017
604c2e
72532d
6e412a
754831
8e552a
8e552a
8e542c
8f552c
90562f
905630
905630
905631
905632
905631
905532
905631
905630
905630
90562e
91562e
91562d
91562d
91562d
91562d
91562d
91562d
91562e
925530
915530
91562f
91562e
91562d
91562d
91562c
91562c
92572e
925730
92572f
905430
8f532d
915531
915531
92552f
92572f
92572f
92572f
92572f
92572f
92562f
905831
8f5932
8e592f
8e5a2f
8a552e
8d5734
854d30
844c32
7e4c2b
856343
6f634f
181610
aaa9aa
fefefe
f0f1ed
f2f3eb
f2f3ee
f2f3ee
f3f2ee
f3f2ee
f4f2ee
f5f1ee
f5f1ee
f3f1ed
f4f5f0
f1f2ec
fcfcf7
b9bab3
4f5048
eeeee9
f0f1ea
f1f3ee
f2f3ee
f2f3ee
f2f3ee
f2f3ee
f2f3ee
f2f3ee
f2f2ee
f3f2ee
f3f2ee
f3f2ee
f3f2ee
f3f2ee
f3f2ee
f3f2ee
f4f3ef
f4f3ef
f4f3ef
f4f3ef
f4f3ef
f4f3ef
f4f3ef
f4f3ef
f3f4ef
f3f4ef
f3f4ef
f3f4ef
f3f4ef
f3f4ef
f3f4ef
f3f3ef
f4f3ef
f4f3ef
f4f3ef
f4f3ef
f4f3ef
f4f3ef
f4f4ef
f2f2ed
e9eae5
e6e7e2
e3e5e0
e5e8e2
eff4ee
737872
595a56
f8f9f3
f0f1eb
f4f4ee
f4f5ef
f4f5ef
f4f5ef
f4f5ef
f6f5f1
f6f5f1
f6f5f1
f6f5f1
f5f4f0
f5f4f0
f5f4f0
f5f4f0
f5f4f0
f5f4f0
f5f4f0
f5f4f0
f5f4f0
f5f4f0
f5f4f0
f5f4f0
f5f4f0
f5f4f0
f5f4f0
f5f4f0
f5f4f0
f5f4f0
f5f4f0
f4f3f1
f4f3f1
f4f3f1
f4f3f2
f4f5f2
f3f5f2
f3f4f2
fcfdf9
cdcec9
71726d
dfe0dc
f7f8f4
f4f5f0
f5f6f1
f5f6f1
f3f4f0
f3f3f1
f3f3f1
f3f3f1
f3f3f1
f3f3f1
f3f3f1
f3f4f1
f5f6f1
f4f5f0
f5f4f0
f7f3f0
f9f3f0
faf2f0
fbf1f0
f8f2f0
f4f3f1
f4f3f1
f4f3f1
f4f3f1
f4f3f1
f4f3f1
f4f3f1
f3f3f1
f3f3f1
f3f3f1
f3f3f1
f3f3f1
f3f3f1
f3f4f1
f3f3ef
f4f2ef
f3f2ef
f3f2ef
f2f2ed
f2f1ed
f2f1ed
f3f1ed
eeede8
e8e7e2
e3e2dd
dfded9
f3f1ec
73726d
1b1a15
cacac6
f5f6f1
eeefea
eff0eb
f0f1ec
f0f1ec
f1f1ed
f2f1ed
f3efec
f3efec
f2efec
f2eeeb
f2eeeb
f3efec
f4f0ed
eeece9
e7e9ea
e5e4e4
efeeec
919393
1f1d1b
56453b
6e4934
7a4b31
7c4f34
7a492f
78442a
764126
7b4329
81462f
81452d
874b31
81452b
7f4329
84472d
81462c
82472d
854a2f
7b4328
7a4428
7b452b
7d472d
7c462d
7d4830
7c472e
7b452e
74432e
73452e
70422b
72422e
6f3f2d
71412f
724130
74432f
72432a
70442e
734633
6e3f2b
653725
5b392e
463432
2c2325
2e2a29
36312e
36322a
373328
373328
373329
373329
383425
323129
242320
2d2220
4f362d
5d3b28
694331
664631
684a30
6f442f
77422e
7b4731
71422b
74452c
754129
723e2a
794633
75412c
74422c
72422a
7d4e33
77482d
77482d
774a32
774a2f
6e4636
34231a
714938
946142
5e3b26
754939
865837
89603c
5e3f2d
362216
5d4c2d
73552d
70432a
734630
8d532b
8d532b
8e542c
8e542c
8f552d
91572f
90562e
905630
905631
905630
905631
905630
905630
905630
905630
905630
905630
905630
905630
905630
905630
905630
905630
915531
915530
915530
915530
915530
91552f
915530
91562f
92572f
92572f
92572f
91552d
90552e
92562f
91562e
93562d
90552b
90562d
935731
905630
915630
8f5631
905731
90572f
8f5830
8f5931
8c552f
88532d
885231
814c2c
7d4f29
866649
635a4a
1f201a
afb1af
fdfcfa
f0f1eb
f2f3ed
f0f2ed
f1f2ed
f1f2ed
f2f2ee
f4f1ee
f5f1ee
f6f1ee
f5f1ef
f3f3f1
f2f3ee
f2f3ed
f8faf2
72746a
808277
fcfef3
ecebe9
f2f1ee
f0f0ed
f2f2ef
f3f2ef
f3f2ef
f3f2ef
f3f2ef
f3f2ee
f3f2ee
f3f2ee
f3f2ee
f3f2ee
f3f2ee
f3f2ee
f4f3ef
f4f3ef
f4f3ef
f4f3ef
f4f3ef
f4f3ef
f4f3ef
f4f3ef
f3f4ef
f3f4ef
f3f4ef
f3f4ef
f3f4ef
f3f4ef
f3f4ef
f3f4ef
f3f4ef
f3f4ef
f3f4ef
f3f4ef
f3f4ef
f3f4ef
f3f4ef
f1f3ee
ecede8
e4e7e1
e4e6e1
e3e6e0
f3f6f1
848781
4b4c48
eaebe7
f3f5ef
f2f3ef
f2f3ee
f4f5ef
f4f5ee
f5f6ee
f7f5ef
f8f5ef
f8f5f0
f8f5f0
f6f3ef
f6f2ef
f6f2ef
f6f2ef
f4f3ef
f4f3ef
f4f3ef
f4f3ef
f4f3ef
f4f3ef
f4f3ef
f4f3ef
f5f4f0
f5f4f0
f5f4f0
f5f4f0
f5f4f0
f5f4f0
f5f4f0
f6f3f2
f7f3f2
f7f4f2
f6f5f3
f5f4f2
f4f4f2
f2f1f0
fffffc
7d7e79
7f807c
ffffff
f0f1eb
f5f6f1
f4f5f0
f4f6f1
f4f6f1
f3f5f0
f2f4ef
f2f3ee
f3f4f0
f4f3f1
f4f3f1
f4f3f1
f5f3f1
f6f3f1
f8f0f0
f7f1f1
f8f2f1
f8f1f1
faf0f1
f7f2f0
f4f3f1
f4f3f1
f4f3f1
f4f3f1
f4f3f1
f4f3f1
f4f3f1
f3f3f1
f3f3f1
f3f3f1
f3f3f1
f3f3f1
f3f3f1
f3f3f1
f4f2f2
f7f1f2
f6f1f2
f5f1f1
f3f0ee
f4f1ef
f1f0ec
eeede9
e7e7e2
dfe0db
dedfda
f7f7f2
858680
1d1e19
bcbdb8
fbfcf7
edefea
eff1ec
f1f1ed
f1f0ec
f1f0ec
f2f0ec
f4efec
f3efec
f3efec
f2efeb
f0efeb
f0efeb
f1f0ec
f2f1ed
ecece9
e8e9e8
e5e5e5
ecebeb
a5a7a4
23221b
4f3d31
785341
784833
7a4b33
7a4932
76422b
76422a
7c452d
844b32
834931
81472c
7e4427
814529
81452b
7e452a
7c462b
7a462a
78452a
7b482c
7b482c
7b482d
7c482d
7c472d
7c462d
7d462e
77452d
76462e
74432d
74422e
713f2c
754330
744130
764331
75402b
754431
724433
71412f
643823
583a2b
433531
2a2423
2d2925
343029
353327
373428
373428
353228
363329
363526
323129
292222
2f2220
4d372b
5a3c29
694231
69442f
68482c
71452d
77422d
7b4933
6f432b
72452d
75432c
6f3e29
774733
73442e
73442e
784a32
75472f
774830
784b31
784732
7d4532
714737
36201e
6f5039
926241
623828
794a37
8d5437
8f5f3e
633f30
39231a
5f4d30
715431
6f432d
70442f
8d532b
8d532b
8e542c
8e542c
8f552d
91572f
90562d
90562f
905630
905630
905630
905630
90562f
905630
905630
905630
905630
905630
905630
905630
905630
905630
905530
915530
915530
915530
915530
915530
915530
915530
91562f
925730
92572f
92572f
92562f
91572e
92562f
92562f
93542b
91552c
91562e
91572f
905630
905630
8e5731
8f5730
91572f
905830
8e5731
8c552f
89532d
895331
834e2c
7a4e28
85684b
675f52
1a1b17
b1b3af
fefffb
eff0ea
f0f1ec
f0f2ed
f1f2ed
f1f1ed
f2f1ed
f4f2ee
f5f1ee
f6f1ee
f5f2ef
f3f3f1
f3f4ef
f2f3ed
f6f7f0
e4e5dc
4d4f43
bcbdb1
fdfcf9
f1f0ec
f2f0ed
f2f0ed
f3f2ee
f3f2ee
f3f2ee
f3f2ee
f3f2ee
f3f2ee
f3f2ee
f3f2ee
f3f2ee
f3f2ee
f3f2ee
f4f3ef
f4f3ef
f4f3ef
f4f3ef
f4f3ef
f4f3ef
f4f3ef
f3f3ef
f3f4ef
f3f4ef
f3f4ef
f3f4ef
f3f4ef
f3f4ef
f3f4ef
f3f4ef
f3f4ef
f3f4ef
f3f4ef
f3f4ef
f3f4ef
f3f4ef
f3f4ef
f1f3ee
f1f3ee
e8ebe5
e4e7e2
e3e5e0
f5f7f2
8c8e89
383936
e6e6e3
f6f7f1
f3f4f0
f3f3ee
f4f5ef
f4f5ee
f5f6ee
f8f5ee
f8f5ee
f8f5f0
f8f5f0
f6f3ef
f6f2ef
f6f2ef
f7f2ef
f5f2ef
f4f3ef
f4f3ef
f4f3ef
f4f3ef
f4f3ef
f4f3ef
f4f3ef
f5f4f0
f5f4f0
f5f4f0
f5f4f0
f5f4f0
f5f4f0
f5f4f0
f7f3f2
f7f3f2
f7f4f2
f6f5f3
f5f4f3
f3f3f1
f5f5f3
e9eae7
43443f
a4a5a0
fefefb
f1f1ed
f3f4ef
f5f5f1
f5f7f1
f4f7f0
f4f6f0
f3f5f0
f3f5ef
f4f4f0
f4f3f1
f5f3f1
f6f2f2
f6f1f1
f6f2f1
f7f1f1
f6f1f1
f6f1f1
f6f1f1
f7f1f1
f5f2f1
f4f3f1
f4f3f1
f4f3f1
f4f3f1
f4f3f1
f4f3f1
f4f3f1
f3f3f1
f3f3f1
f3f3f1
f3f3f1
f3f3f1
f3f3f1
f3f3f1
f5f2f2
f7f1f3
f7f1f2
f6f1f2
f4f0f0
f1efed
ecebe7
e5e4e0
e1e1dc
e5e6e1
f5f6f1
888984
2c2d28
c1c2bc
fefffa
edeee9
eff1ec
f0f1ec
f1f0ec
f1f0ec
f2f0ec
f3efec
f4efec
f3efec
f3efec
f2efeb
f0efeb
f0efeb
f0f0ec
f1f1ed
eceee9
e8e9e7
e4e3e3
eeeded
b1b4af
26251d
4a392b
765241
784934
784831
7b4b34
75422b
77432c
7c462d
834b32
7e452d
7e462a
7e4628
814529
82462c
7e462c
7a432a
77462b
77472d
7a482d
7a482c
7a482d
7a472d
7b462c
7c462c
7d462d
77422a
75422c
77452e
75422c
723e29
74412e
774431
764230
77422c
764332
734534
71402d
643622
5b3b2c
41342d
292421
2c2a25
323027
343226
363427
363428
353226
343327
343627
31322a
2a2323
302221
4b372b
593b28
684230
694430
6b482d
6f432b
78422e
7a4a33
6d432a
72452e
75442e
6e3d28
754632
73452e
754730
784932
764831
774831
784b32
774532
804534
714834
361e1e
6e5137
906242
633727
7a4d38
8b5638
895e3b
664233
372018
614d32
725433
6f412e
724431
8d532b
8d532b
8e542c
8e542c
8f552d
91572f
90562e
90562f
905630
905630
905630
905630
905630
905630
905630
905630
905630
905630
905630
905630
905630
905630
905630
915530
915530
915530
915530
915530
915531
915530
91562f
92572f
92572f
92572f
92572f
92572f
91562e
91562e
91532e
91552f
91562f
91562d
90562e
8f562f
8d562f
8f572f
90572e
915730
905833
8b532e
8b5530
854f2c
875331
7a4f2d
866a4f
73685c
1d1b17
a9a9a4
fcfcf4
edefe9
eef1ec
f2f2ed
f2f1ed
f1f1ed
f2f2ed
f3f2ee
f4f2ee
f4f2ee
f4f3ef
f3f4f0
f3f4ef
f3f4ef
eff0e9
fffffb
abaca4
505149
e8e7e4
f3f3ef
f0efea
f2f2ed
f3f2ee
f3f2ee
f3f2ee
f3f2ee
f3f2ee
f3f2ee
f3f2ee
f3f2ee
f3f2ee
f3f2ee
f3f2ee
f4f3ef
f4f3ef
f4f3ef
f4f3ef
f4f3ef
f4f3ef
f4f3ef
f3f3ef
f3f4ef
f3f4ef
f3f4ef
f3f4ef
f3f4ef
f3f4ef
f3f4ef
f3f4ef
f3f4ef
f3f4ef
f3f4ef
f3f4ef
f3f4ef
f3f4ef
f3f4ef
f2f4ef
f1f3ee
e9ebe6
e6e8e3
e3e5e0
f6f8f3
8d8f8a
2f302d
e3e4e0
f7f8f3
f1f2ed
f4f5ef
f4f5ef
f4f6ef
f5f6ee
f8f5ee
f8f5ed
f8f5f0
f8f5f0
f6f2ef
f6f2ef
f6f2ef
f6f2f0
f4f3ef
f4f3ef
f4f3ef
f4f3ef
f4f3ef
f4f3ef
f4f3ef
f4f3ef
f5f4f0
f5f4f0
f5f4f0
f5f4f0
f5f4f0
f5f4f0
f5f4f0
f7f3f2
f7f3f2
f8f3f2
f6f5f3
f5f4f3
f2f2f0
f8f8f6
d4d4d1
3e3f3a
dadbd6
f5f6f1
f2f3ee
f2f3ee
f5f6f1
f7f8f3
f6f7f1
f5f6f0
f5f6f1
f6f6f1
f5f5f0
f6f4f2
f7f3f2
f7f2f1
f7f1f1
f6f2f1
f6f2f1
f6f2f1
f6f2f1
f5f3f1
f5f3f1
f4f3f1
f4f3f1
f4f3f1
f4f3f1
f4f3f1
f4f3f1
f4f3f1
f4f3f1
f3f3f1
f3f3f1
f3f3f1
f3f3f1
f3f3f1
f3f3f1
f3f3f1
f4f2f2
f6f1f3
f7f2f2
f5f2f1
f2f1ef
ecece7
e4e4de
e0e1db
e9eae5
edeee9
676863
2a2b26
d5d5d1
fcfdf8
edeee9
f0f1ec
f1f1ec
f1f0ec
f1f0ec
f1f0ec
f1f0ec
f2f0ec
f2f0ec
f3efec
f3efec
f2efeb
f0efeb
f0efeb
f0f1ec
f1f2ed
ecede9
e8e7e5
e5e3e3
eaeae9
bebfbb
28281f
453628
6f4d3b
744631
774730
75432e
744029
754129
7c472c
80492f
7d452c
7a4127
81482c
7f442c
81462f
7a412a
764129
78472f
77482f
79492d
7a482d
7b482d
7a472c
7a462c
7a472c
7c462c
7a452e
79452f
79452f
74402b
713d28
74402b
713d28
77422d
77422c
74422f
754635
713f2b
653420
5e3b2c
403029
2b2320
2d2a25
323027
343327
363427
363527
353226
343327
343726
32332a
292423
302422
4b382b
593c28
684331
684430
6c492e
6d412a
774330
7b4a33
6f432b
71452f
76432f
6d3d29
754632
73452e
74462f
7a4c35
754730
764830
764a30
74462f
804835
6e4832
331f1c
6d5337
8f623f
623927
704d34
805a36
88653f
614231
382018
634e33
745432
6f3f2c
714330
8d532b
8d532b
8e542c
8e542c
8f552d
91572f
90562e
90562f
905630
905630
905630
905630
905630
905630
905630
905630
905630
905630
905630
905630
905630
905630
905630
915530
915530
915530
915530
915530
915530
915530
91562f
92572f
92572f
92572f
92572f
91562e
8f542c
8e522b
91532e
90542f
91552f
91562e
8f552d
90572f
8d572e
90582f
90562e
905831
905833
915a35
89532f
885230
804b2a
7e5535
836751
6b5f54
1d1a14
aeaca5
f9f9f1
eeefe9
eff3ee
f3f1ed
f3f1ed
f2f1ed
f3f1ee
f3f2ee
f3f2ee
f3f2ee
f3f4ef
f4f5f0
f4f5f0
f3f4ef
f2f3ed
eeefe9
fffffc
6f706b
6c6b67
ffffff
eeede8
f1f0eb
f2f1ed
f3f2ee
f4f3ee
f4f2ee
f3f2ee
f3f2ee
f3f2ee
f3f2ee
f3f2ee
f3f2ee
f3f2ee
f4f3ef
f4f3ef
f4f3ef
f4f3ef
f4f3ef
f4f3ef
f4f3ef
f4f3ef
f3f4ef
f3f4ef
f3f4ef
f3f4ef
f3f4ef
f3f4ef
f3f4ef
f3f4ef
f3f4ef
f3f4ef
f3f4ef
f3f4ef
f3f4ef
f3f4ef
f3f4ef
f2f4ef
f0f2ed
e8eae5
e6e8e3
e3e5e0
f4f6f1
8e908b
2a2a27
e6e6e3
f9faf5
f2f3ee
f4f5ef
f4f5ef
f4f5ee
f4f5ed
f7f4ed
f7f4ed
f7f4ef
f7f4ef
f6f2ef
f6f2ef
f6f2ef
f6f2f0
f5f4f0
f5f4f0
f5f4f0
f4f3ef
f4f3ef
f4f3ef
f4f3ef
f4f3ef
f5f4f0
f5f4f0
f5f4f0
f5f4f0
f5f4f0
f5f4f0
f5f4f0
f7f3f2
f7f3f2
f7f3f2
f5f4f2
f5f4f2
f3f3f1
fbfbf9
c8c8c4
575853
e8e9e4
f0f1ec
f2f3ee
f3f4ef
f4f5f0
f5f6f1
f5f6f0
f5f5f0
f5f4f0
f5f3f0
f7f3f0
f7f3f2
f8f2f2
f7f1f1
f7f1f1
f7f1f1
f7f2f1
f5f3f1
f4f3f1
f4f3f1
f3f3f1
f4f3f1
f4f3f1
f4f3f1
f4f3f1
f5f4f2
f5f4f2
f5f4f2
f5f4f2
f3f3f1
f3f3f1
f3f3f1
f3f3f1
f3f3f1
f2f2f0
f1f1ef
f0f0ee
f2eeee
f1efed
efefec
ecece7
e3e4de
dedfd9
e6e8e1
dbddd7
393a35
474843
ddded9
f8f9f4
ecede8
f0f1ec
f0f1ec
f2efec
f2efec
f1f0ec
f1f0ec
f1f0ec
f1f0ec
f1f0ec
f2efec
f3efec
f2efeb
f0efeb
f0efeb
f0f1ec
f1f2ed
ecede8
e9e7e5
e7e3e4
e8e6e6
cbcdc8
2f3027
3d3121
70503e
744631
794832
77462f
76432b
76422c
7b452c
7e462d
7f472e
7b4329
80482f
7e452c
814730
7a442c
77442c
774831
76482e
78482c
784a2e
79492d
79472c
78462b
79452b
79462a
7b462f
7c4530
78432d
78422d
79452e
7a442c
79442d
7a442c
77442b
74442f
744331
77442f
6e3c26
623c2d
4b372f
2b2320
2c2925
343127
363427
373528
363427
343227
343327
343726
32332a
262321
2f2622
49372b
593e2a
674431
694431
6a472f
6f432e
774230
7b4936
70442f
714430
774431
6f3d2a
744531
75462f
754730
7a4c35
74472f
764730
73472e
71442c
824e37
6d4a33
31201a
695234
8d633d
613a27
6c4e33
7e5c36
886841
5e3e2e
3c201a
695036
735030
703f2d
71422e
8d532b
8d532b
8e542c
8e542c
8f552d
91572f
90562e
90562f
915630
905630
905630
905630
905630
905630
905630
905630
905630
905630
905630
905630
905630
905630
905630
915530
915530
915530
915530
915530
915530
915530
91562f
92572f
92572f
92572f
92572f
92572e
90552d
90552e
935431
925431
915530
90542f
915730
8d552b
8c562a
8c542b
925830
8f572f
8d5530
8e5732
8c5731
8b5532
875230
7d5437
806551
53463c
3e3a33
dfdcd2
f6f4ea
edf1ea
edf2ed
f5f0ee
f4f0ec
f3f0ed
f3f1ed
f3f3ee
f2f3ee
f2f3ee
f2f3ee
f2f4ef
f2f4ef
f2f4ee
f3f4ef
eff0ed
f5f5f3
f0f1ee
504f49
8f8f88
fefef8
efeee8
f3f3ed
f4f3ee
f5f4ee
f4f3ee
f3f2ee
f3f2ee
f3f2ee
f3f2ee
f3f2ee
f3f2ee
f3f2ee
f4f3ef
f4f3ef
f4f3ef
f4f3ef
f4f3ef
f4f3ef
f4f3ef
f4f3ef
f3f4ef
f3f4ef
f3f4ef
f3f4ef
f3f4ef
f3f4ef
f3f4ef
f3f4ef
f3f4ef
f3f4ef
f3f4ef
f1f2ed
f2f3ee
f3f4ef
f3f4ef
f3f5f0
f2f4ef
edefea
e6e8e3
e4e6e1
f0f2ed
6d706a
525350
f8f8f5
f5f6f1
f3f4ef
f3f4ee
f4f5ef
f4f5ee
f4f5ed
f7f4ed
f7f4ed
f7f4ef
f7f4ef
f6f2ef
f6f2ef
f6f2ef
f6f2f0
f5f4f0
f5f4f0
f5f4f0
f4f3ef
f4f3ef
f4f3ef
f4f3ef
f4f3ef
f5f4f0
f5f4f0
f5f4f0
f5f4f0
f5f4f0
f5f4f0
f5f4f0
f7f3f2
f7f3f2
f6f4f2
f4f3f1
f4f3f1
f2f2f0
fffffd
b4b5b1
595a55
f1f2ed
f3f4ef
f3f4ef
f4f5f0
f5f6f1
f5f6f1
f5f5ef
f5f4ef
f5f4f0
f7f3f0
f7f3f0
f8f2f2
f8f2f2
f8f1f1
f8f0f1
f6f2f1
f6f2f1
f4f3f1
f3f3f1
f2f4f1
f1f4f1
f3f3f1
f4f3f1
f4f3f1
f4f3f1
f5f4f2
f5f4f2
f5f4f2
f5f4f2
f3f3f1
f3f3f1
f3f3f1
f3f3f1
f3f3f1
f1f1ef
efefed
efeeeb
ebeae8
e7e6e2
e6e5e0
e3e4de
dfe1db
e7e9e3
edf0e8
62635d
444541
ededea
f8f9f4
ecede8
f1f2ed
f0f1ec
f2f0ec
f4efec
f3efec
f2f0ec
f1f0ec
f1f0ec
f0f1ec
f0f1ec
f1f0ec
f3efec
f2efeb
f0efeb
f0efeb
f0f1ec
f1f2ed
ecede9
ebe7e6
e8e3e5
ebe9e9
c6c9c4
2b2d23
3c3020
6e4e3c
754833
7c4c35
784730
75422a
76422a
7b452c
7f452d
7e452c
7d462c
7f482e
7c442c
804630
7d4831
784730
764831
75482f
76492c
784a2e
78492d
78472c
77462b
78462b
78462b
79432e
7c4430
78402b
784129
7b462e
7d452d
7b462b
7b462a
77452b
75452f
754431
7a4630
7a4831
694231
543d35
2b221f
2a2722
363229
353327
373528
363427
353226
343327
333726
31342b
262422
2d2521
49392c
573e28
684432
684530
6a4832
6e402e
794434
7a4837
704330
724532
764332
6f3e2b
754632
74462f
754730
74462f
7c4e36
74472f
70452b
6c442a
815037
6b4a30
2f211a
665333
8c663e
5d3923
6e4e33
805d37
8b6540
633d2f
3e1d19
6a4c35
765032
713f2d
734632
8d532b
8d532b
8e542c
8e542c
8f552d
90562e
90562e
8f562f
905630
905630
905630
905630
905630
905630
905630
915530
915530
915530
915530
915530
915530
915530
915530
915531
915531
915531
915531
915531
915531
915531
915630
92572f
92572f
92572f
92572f
92572f
92572f
91562e
935531
935530
90552f
90542e
8f562d
8f562b
8b5427
8f562b
8f542d
8f5630
905731
8e5530
8a532e
89502e
8d5635
7b5136
826853
413628
3e3a31
e2ded6
f6f5ed
edf0ea
eef2ed
f4efed
f4f0ed
f3f0ed
f2f1ed
f2f2ee
f2f2ee
f2f2ee
f3f2ee
f3f2ee
f3f2ee
f3f3ee
f3f2ef
f2f1ef
efeeeb
faf9f7
e0dfdc
474540
c2c1bb
fffffc
eeeee8
f3f3ed
f5f5ef
f4f3ef
f3f2ee
f3f2ee
f3f2ee
f3f2ee
f3f2ee
f3f2ee
f3f2ee
f4f3ef
f4f3ef
f4f3ef
f4f3ef
f4f3ef
f4f3ef
f4f3ef
f3f4ef
f3f4ef
f3f4ef
f3f4ef
f3f4ef
f3f4ef
f3f4ef
f3f4ef
f3f4ef
f3f4ef
f3f4ef
f2f3ee
fcfdf8
f8f9f4
f2f3ee
f4f5f0
f2f3ee
f3f4ef
f1f2ed
e9ebe6
e9eae6
eaebe7
2a2b25
686967
ffffff
f1f2ed
f4f5f0
f4f5f0
f4f5ef
f4f5ef
f4f5ef
f5f4ef
f7f3ef
f7f3ef
f7f3ef
f6f2ef
f6f2ef
f6f2ef
f4f3f0
f5f4f0
f5f4f0
f5f4f0
f4f3f1
f4f3f1
f4f3f1
f4f3f1
f4f3f0
f5f4f0
f5f4f0
f5f4f0
f5f4f0
f5f4f0
f5f4f0
f5f4f0
f7f3f2
f7f3f2
f7f3f2
f6f3f1
f6f4f2
f3f2f0
fffffe
969692
595a55
f5f6f1
f1f2ed
f6f7f2
f5f6f1
f6f7f2
f6f7f2
f4f3ef
f5f4f0
f6f4f0
f6f4f1
f9f5f2
f7f2f1
f6f2f1
f9f2f2
f7f1f1
f6f2f1
f6f2f1
f4f3f1
f4f3f1
f2f4f1
f2f4f1
f3f3f1
f4f3f1
f4f3f1
f4f3f1
f4f3f1
f5f4f2
f5f4f2
f5f4f2
f3f3f1
f3f3f1
f3f3f1
f4f4f2
f3f3f0
f0f0ee
efefed
ebeae7
e7e4e1
e4e3df
e5e5df
e2e3de
eaebe6
e5e6e0
4c4d47
4c4d48
e4e5e0
f3f4f0
edeee9
f0f1ec
f0f1ec
f0f1ec
f1f0ec
f3efec
f3efec
f2efec
f1f0ec
f0f0ec
f0f0ec
f0f0ec
f1efec
f2efec
f2efeb
f0efeb
f0efeb
f1f0ec
f2f1ed
ededea
eae7e8
e9e1e3
ede9e7
c9ccc7
282d24
3b3122
70513e
754832
774831
7c4a35
75402a
753f28
7c462d
7d462e
7b442c
7b4730
7c472e
824c31
7c442d
79442e
77462f
77472f
77492f
75492b
774b2d
794a2d
78472c
79462d
7b462d
7a452d
7e4431
7e4631
76412b
7a472f
77462b
744126
794428
7a4227
7a442a
794530
784430
7c462f
79442e
724936
533b31
2d231e
2a2621
353229
353327
363427
363427
353227
343329
323725
30332a
262522
2c241f
4a3c2d
563e28
684532
694431
6c4932
6e402e
7a4535
794837
704430
744634
754331
703e2b
754531
72422b
764831
774932
754830
774a32
71442c
6b4429
7e5436
674a31
312118
6a5336
89663e
5d3c25
6d4d34
845e37
906541
623d2e
40201c
6f4a34
79492c
76412f
744532
8d532b
8d532b
8d532b
8d532b
8e542c
8f552d
90562e
8e572f
8d5830
8e5730
8e5730
8f5730
905630
905630
915530
915530
915530
915530
915530
915530
915530
915530
915530
915531
915531
915531
915531
915531
915531
915531
915630
92572f
92572f
92572f
92572f
92572f
92572f
92572f
92552d
91532b
8f542b
8f552b
8e552b
8e552b
8f552b
8d562b
8e542b
8c522a
8c522c
8f5530
884e2c
8c5232
8b5032
82563c
816850
473d2c
403f35
dedcd7
f8f4f2
eff0ec
f0f2ed
f2f1ed
f3f1ed
f2f1ed
f2f1ed
f2f1ed
f2f1ed
f2f1ed
f2f2ed
f3f2ee
f3f2ee
f3f2ee
f2f0ed
f2f1ed
f2f1ed
edece9
fffbf9
cac5c2
55514e
d6d5d2
faf9f5
efefeb
f3f4ef
f2f3ee
f2f3ee
f2f3ee
f2f3ee
f2f3ee
f2f3ee
f2f3ee
f2f3ee
f3f4ef
f4f3ef
f4f3ef
f4f4ef
f3f4ef
f2f4ef
f2f4ef
f2f4ef
f3f4ef
f3f4ef
f3f4ef
f3f4ef
f3f4ef
f3f4ef
f3f4ef
f3f4ef
f3f4ef
f1f2ed
fafbf6
a3a49f
cacbc6
fafbf6
f4f5f0
f4f4f0
f3f3ee
eceee9
e6e6e1
f1f2ed
babbb6
1f201b
b1b2ad
fafbf8
f3f4ef
f3f4ef
f4f5f0
f3f4ef
f3f4ef
f3f4ef
f4f3ef
f4f3ef
f4f3ef
f4f3ef
f4f3ef
f4f3ef
f4f3ef
f4f3ef
f5f4f0
f5f4f0
f5f4f1
f4f3f2
f4f2f4
f4f2f5
f4f2f5
f4f2f1
f4f3ef
f4f3ef
f4f3ef
f4f3ef
f4f3ef
f4f3ef
f4f3ef
f4f3f1
f4f3f1
f5f4f2
f6f5f1
f4f3ef
f6f5f1
fffffe
a8a8a3
5e5f5a
eeefea
f1f2ed
f6f7f2
f6f7f2
f6f7f2
f7f8f3
f4f4ef
f3f2ee
f4f4f0
fbfaf6
eeede9
f1efec
f1f0ec
f3f2ef
f4f3f1
f4f3f1
f4f3f1
f4f3f1
f4f3f1
f4f3f1
f4f3f1
f4f3f1
f4f3f1
f4f3f1
f4f3f1
f3f2f0
f4f3f1
f4f3f1
f4f3f1
f4f4f2
f4f4f2
f3f4f2
f3f3f1
f0f0ef
f0f0ee
ededeb
e7e6e3
e4e5df
e4e4df
e1e2dd
f3f4ef
e4e4e0
4a4b47
686964
eeefea
f3f5ef
eff0eb
f0f1ec
f1f2ed
f0f1ec
f0f1ec
f0f0eb
f0efeb
f0efeb
f0efeb
f0efeb
f0efeb
f0efeb
f0efeb
f0efeb
f1f0eb
f1f0ec
f1f0ec
f1f0ec
f1f0ec
f1f0eb
ecebe8
e7e6e9
ebe2e3
ede4e1
d7dad4
2f3830
312b1e
6d4e39
744830
744730
7d4c36
78412d
793f2c
7b422c
7d4830
7b4730
78422f
774329
7b4829
774327
7a4530
7a4631
79462c
794729
794930
79482f
7a4930
784831
794832
794933
794833
784832
764832
724831
714a32
6f4a2f
754a30
73452d
7c4731
7d412c
7c4230
7b4230
7d432d
794228
784e37
553d2e
2b231b
2b2923
343127
353427
353326
363427
363328
343329
323525
2e3027
242421
2a231f
493c2e
573e2a
694532
6b4532
6c4931
6e422e
7a4533
7a4a36
70442e
734732
76442f
713f29
76462f
74432c
73412c
77462f
76482f
7c4f37
744730
71482c
785935
644d36
382017
6c4e38
866841
5c3d26
6a4b34
885f39
956845
5a3d2b
3e261c
734831
81492d
703f2b
734531
8d532b
8d532b
8d532b
8d532b
8e542c
8f552d
90562e
8e572f
8e5831
8e5730
8e5730
8f5630
905630
905630
915530
91552f
915530
915530
915530
915530
915530
915530
915530
915531
915531
915531
915531
915531
915531
915531
915630
92572e
92572f
92572f
92572f
92572f
92572f
92572f
92552e
90532c
8e532b
8f542d
8e542c
8c552c
8c552c
8c562c
8d552d
8d542d
8c542d
8d5330
8b5131
854c2d
884f30
7c5137
7f654d
4a4231
38382f
dbdbd6
f7f3f2
eeeeeb
f0f2eb
f2f1ed
f2f1ed
f2f1ed
f2f1ed
f2f1ed
f2f1ed
f2f1ed
f2f1ed
f3f2ee
f3f2ee
f3f2ee
f2f1ed
f2f1ed
f2f1ed
f3f2ee
f1edea
fffffb
a4a39f
4f4f4a
e2e3de
f2f2ee
f0f2ed
f4f5f0
f2f3ee
f2f3ee
f2f3ee
f2f3ee
f2f3ee
f2f3ee
f2f3ee
f4f3ef
f5f3ef
f4f3ef
f3f4ef
f3f4ef
f3f4ef
f2f4ef
f2f4ef
f3f4ef
f3f4ef
f3f4ef
f3f4ef
f3f4ef
f3f4ef
f3f4ef
f3f4ef
f3f4ef
f0f1ec
fffffd
5d5e59
3d3e39
eaebe6
f2f3ee
f2f3ee
f0f1ec
e8e9e4
e6e7e2
e4e5e0
353631
787974
fffffd
f1f2ed
f3f4ef
f3f4ef
f2f3ee
f3f4ef
f3f4ef
f3f4ef
f4f3ef
f4f3ef
f4f3ef
f4f3ef
f4f3ef
f4f3ef
f4f3ef
f4f3ef
f5f4f0
f5f4f0
f5f4f1
f4f3f1
f4f2f2
f4f2f4
f4f2f4
f4f2f0
f4f3ef
f4f3ef
f4f3ef
f4f3ef
f4f3ef
f4f3ef
f4f3ef
f4f3f1
f4f3f1
f5f4f1
f5f4f0
f5f4f0
f4f3ef
fffffc
d1d1cc
474944
e8e9e4
f8f9f4
f3f4ef
f3f4ef
f5f5f0
f5f6f1
f2f2ed
f8f7f3
efeeeb
696865
a6a5a2
f4f4ef
f2f1ed
f2f2ee
f4f3f1
f4f3f1
f4f3f1
f4f3f1
f4f3f1
f4f3f1
f4f3f1
f4f3f1
f4f3f1
f4f3f1
f4f3f1
f4f3f1
f3f2f0
f2f1ef
f2f1ef
f2f2f0
f2f2f0
f3f3f1
f3f2f0
f3f3f1
f0f0ee
e8e8e5
e5e5e2
e2e3de
e6e8e3
fafbf6
b6b6b2
2d2e2b
858681
fdfef9
f4f5f0
eeefea
f1f2ed
f0f1ec
f0f1ec
f0f1ec
f0f1ec
eff0eb
efeeea
efeeea
efedea
f0eeea
f0efeb
f0efeb
f0efeb
f0efeb
f0efeb
f1f0ec
f1f0ec
f0efeb
f0efeb
f0efea
ebebe8
e6e6e8
e8e2e0
eae2de
dbe0da
2f3931
333021
6a4c36
73472f
774932
7c4b35
7b4530
7c412f
7c432e
7e462e
7f4732
7d4332
7c4730
794728
77462a
784732
784736
77482f
79452b
7c4332
77412d
794430
784731
764830
734930
724a30
704e34
5b3c23
522f18
4f2815
4b2410
562d1a
5e3927
6d4531
7d432f
7d4432
78402e
7b422b
7b442a
764c35
543c2c
2d241d
2b2724
34312a
353327
363427
363427
363328
353328
333525
2f2f27
23201e
2c2622
4a3c2e
583f29
694433
6c4733
6a462e
6f432e
7a4533
7a4935
70442e
744632
77432f
6e4229
73482f
77442e
7b422d
7d4531
794731
754d33
6e482e
71452a
7a5a37
624a35
3a1e17
70503b
87663f
5e3d26
694833
8b603b
946844
573f2c
39271c
6f4b33
7c4c2e
69422b
69452e
8d532b
8d532b
8d532b
8d532b
8e542c
8f552d
91562e
8f562f
8f5630
905630
915731
915630
915530
925530
925530
925630
915630
925530
915530
90542f
905530
915530
915530
915530
915530
915530
915530
915530
915530
915530
925630
92572e
92572f
91562e
90552d
91562e
91562e
91562f
90552f
8d532d
8f552e
8d552e
8e542e
8c552d
8c562d
8b552d
8a552d
8a542e
89522d
8d5733
8b5434
8d5437
875032
7b5339
7d684e
4b4633
2c2e23
d1d1cc
f6f3f1
efefeb
eff0eb
f2f1ed
f2f1ed
f2f1ed
f2f1ed
f2f1ed
f2f1ed
f2f1ed
f3f2ee
f4f3ef
f4f3ef
f4f3ef
f4f3ef
f4f3ef
f4f3ef
f4f3ef
f5f4f0
f0f0ec
fffffc
8f908b
464742
ebece9
f6f7f2
ecede8
f1f2ed
f1f2ed
f1f2ed
f1f2ed
f2f3ee
f2f3ee
f2f3ee
f6f2ef
f6f2ef
f5f2ef
f4f3ef
f3f3ee
f3f3ef
f1f2ee
f3f4ef
f3f4ef
f3f4ef
f3f4ef
f3f4ef
f3f4ef
f3f4ef
f3f4ef
f3f4ef
f3f4ef
f1f2ed
fafbf7
c2c3be
181914
bfc0bb
f4f5f0
ecede8
ebece7
e4e5e0
e7e8e3
5b5c57
2e2f2a
edeee9
f3f4ef
f2f3ef
f2f3ee
f3f4ef
f2f3ee
f3f4ef
f3f4ef
f3f4ef
f4f3ef
f4f3ef
f4f3ef
f4f3ef
f4f3ef
f4f3ef
f4f3ef
f4f3ef
f5f4f0
f5f4f0
f5f4f0
f5f4ef
f4f3f1
f4f3f1
f5f4f1
f5f4ef
f4f3ef
f4f3ef
f4f3ef
f4f3ef
f4f3ef
f4f3ef
f4f3ef
f4f3f1
f4f3f1
f5f4f1
f6f5f0
f5f4f0
f5f4f0
fbfaf5
e9e9e4
373833
7b7c77
f9faf6
f1f3ed
f4f5f0
f3f4ef
f3f4ef
f9f9f5
eeeeea
4d4c48
5a5956
e9e8e5
f6f5f1
f3f2ee
f3f2ee
f4f3f1
f4f3f1
f4f3f1
f4f3f1
f4f3f1
f4f3f1
f4f3f1
f2f1ef
f3f2f0
f4f3f1
f4f3f1
f4f3f1
f3f2f0
f3f2f0
f0f0ee
f1f1ef
f0f2ef
efefed
eceeeb
ebece9
e8eae7
e2e4e1
e1e1de
edf0ea
dddfda
636560
42443f
b0b1ae
f3f5f0
edeee9
eff0eb
f1f2ed
f0f1eb
f0f1ec
f0f1ec
f0f1ec
f0f1ec
eff0eb
efeeea
efeeea
efeeea
efeeea
f0efeb
f0efeb
f0efeb
f0efeb
f1f0ec
f1f0ec
f0efeb
f0efeb
efeeea
efece8
e8e8e5
e5e5e7
e8e2e0
ede6e3
c4c9c3
1a261d
3c392a
684d37
744830
774731
7d4b36
7c4932
7c4530
7d432f
7e412c
81422f
814433
7a432c
764528
73452c
764c38
6b3f30
6a3e29
77462d
80492e
814a2f
7d462a
81482c
83492d
82482c
83482c
834c33
7b442f
7c412f
7a3e2c
69321e
5b2d16
58351d
623f26
7a452e
794430
804a37
7d442e
7a4428
754c36
553c2c
2e241f
2b2726
34302c
343329
363428
363428
353328
353328
343525
303028
242120
2c2521
4b3d2f
583d28
6a4332
6d4633
68462d
71442f
7a4533
7a4935
70442e
744632
774431
6b4128
73482f
79452f
7c412d
7f4431
7a4732
714a30
6e4a2f
6e4126
7b5835
644835
391a14
77533f
886440
5c3923
6d4a36
895d3b
936645
563e2c
3b2c22
694a32
7a5132
62412a
63482f
8c532b
8d532b
8d532b
8d532b
8d532d
8f552e
90562d
905630
905630
90562f
8f542f
915430
925530
925530
945530
925631
925631
925631
925631
8f532e
90542f
915530
925630
91562f
91552f
915530
91552f
91552f
91552f
91552f
91552f
91562f
91562e
91562e
90552d
90552d
91562e
90552d
8e542e
8c532d
8f5630
8d562f
8c552e
8b562e
8b552e
8a552d
88532b
89532d
89532e
895330
895233
854e30
8a5435
765235
78684d
53513d
22271b
c0c2bc
fdfcfa
eeefeb
f1f2ec
f2f1ed
f2f1ed
f3f1ed
f2f1ed
f2f1ed
f2f1ed
f2f1ed
f4f3ef
f4f3ef
f4f3ef
f4f3ef
f4f3ef
f4f3ef
f4f3ef
f4f3ef
f4f3ef
f3f5f0
f3f4ef
fefffa
787a75
474b45
e0e5e0
fffffc
eeefea
f0f1ec
f2f3ee
f2f3ee
f2f3ee
f2f3ee
f2f3ee
f6f2ef
f7f2ef
f6f2ef
f7f3f0
f3f2ee
f6f6f1
f7f8f3
f2f2ed
f3f4f0
f3f4ef
f3f4ef
f3f4ef
f3f4ef
f3f4ef
f3f4ef
f3f4ef
f3f4ef
f3f4ef
f0f1ec
f9faf5
4f504b
3a3b36
f5f6f1
f3f4ef
eeefe9
fffffe
787974
020300
b6b7b3
f9faf5
eff0eb
f3f4ef
f3f4ef
f3f4ef
f3f4ef
f3f4ef
f3f4ef
f3f4ef
f4f3ef
f4f3ef
f4f3ef
f4f3ef
f4f3ef
f4f3ef
f4f3ef
f4f3f0
f5f4f1
f5f4f0
f5f4f0
f5f4f0
f5f4ef
f5f4ee
f6f5f0
f6f5f0
f5f4f0
f5f4f0
f5f4f0
f5f4f0
f5f4f0
f5f4f0
f5f4f0
f5f4f2
f5f4f2
f5f4f1
f6f5f0
f5f4f0
f5f4f0
f5f4ef
fafaf5
e5e4e1
5f605b
aaaba6
ffffff
eeefea
f2f3ee
f5f6f1
fafaf7
6c6b67
6b6a66
fdfcf9
f7f6f2
f0efeb
f4f3ef
f4f3ef
f4f3f0
f4f3f1
f4f3f1
f3f2f0
f4f3f1
f4f3f1
f1f0ee
fdfbfa
f9f8f6
f1f0ee
f2f1ef
f4f3f1
f4f3f1
f5f4f2
efeeec
e6eae7
e6ebe7
e5e9e5
e3e8e4
e2e6e2
dfe2df
eef2ef
f5faf5
b4b8b2
262a24
656b65
edf2ec
f7fcf6
e9eee8
ebeee9
f1f2ec
f0f1ec
f0f1ec
f0f1ec
f0f1ec
f0f1ec
f0f1ec
f0f0eb
f0efeb
f0efeb
f0efeb
efeeea
efeeea
f0efeb
f0efeb
f0efeb
f1f0ec
f0efeb
efeeea
f1f0ec
efeeea
ecebe7
e7e7e4
e4e5e8
e8e3e1
efece7
b1b7b1
121f16
3c3c2b
6b4f39
71462e
7b4a34
7a4a34
794932
7c4632
7e432f
83422e
84412f
844435
7a412c
744429
6f462d
77523f
573024
482211
7d5135
955e3b
8e5735
8b5131
8a4d30
8c4c30
975439
99553c
9a5241
9c5546
9e5948
995844
8e533a
7e4c30
73492a
7a5132
7b4930
774732
7a4834
7e4830
774226
764d36
543c2c
2e221f
2b262a
34302f
34322b
363427
363428
353327
353327
363425
323029
272321
2b2320
4d3c2f
593d29
6c4433
6d4433
69482f
734631
794432
784733
71452f
744631
774330
6e3e28
75472f
7a4932
75412b
78452e
774830
7d5339
744931
724229
805b39
674a37
3c1c15
754f3a
8e6843
5f3923
6f4a37
895c3b
926545
593f30
3a2b22
694731
805437
613f29
64482f
925831
925830
925831
925830
91572f
91572f
90562e
8f562e
925732
925731
925630
945631
945631
955631
955631
935631
925631
925631
925631
915530
91542f
90542f
90552f
91552e
91562e
91552d
91562d
91562e
90552d
90552d
91562d
91562e
92572e
92572f
90552d
8d522a
925730
91562e
8f562f
8a542d
8f5831
8c562f
89542c
8a552d
89552d
8b562e
8b562f
8a552f
86512d
895331
8a5434
875132
8a5537
765539
75674c
5d5b47
181d12
9c9f99
f9f8f6
efeeec
f0f1ec
f2f1ed
f2f1ed
f3f1ed
f2f1ed
f2f1ed
f2f1ed
f2f1ed
f3f2ed
f3f2ee
f3f2ee
f3f2ee
f3f2ee
f3f2ee
f3f2ee
f3f2ee
f3f4ef
f3f4ef
f1f3ee
f1f3ee
fefffb
a3a7a1
343833
949792
fbfcf7
f8f9f4
edeee9
f1f2ed
f2f3ee
f2f3ee
f2f3ee
f6f2ef
f7f2ef
f7f2ef
f6f2ef
f5f1ee
deddda
dddcd9
f1f0ec
f2f3ee
f3f4ef
f3f4ef
f3f4ef
f3f4ef
f3f4ef
f3f4ef
f3f4ef
f3f4ef
f3f4ef
f1f2ed
f3f4ef
cccdc8
21221d
5c5d58
d2d3ce
e4e4e1
7f807c
252521
bbbcb8
fafbf7
eeefea
f2f3ee
f3f4ef
f3f4ef
f3f4ef
f3f4ef
f3f4ef
f3f4ef
f3f4ef
f4f3ef
f4f3ef
f4f3ef
f4f3ef
f4f3ef
f4f3ef
f4f3ef
f4f3f0
f5f3f2
f5f4f1
f5f4f0
f5f4ef
f5f4ee
f5f5ed
f6f6ee
f6f5ef
f5f4f0
f5f4f0
f5f4f0
f5f4f0
f5f4f0
f5f4f0
f5f4f0
f5f4f2
f5f4f2
f5f4f1
f5f4f0
f6f5f1
f5f4f0
f3f2ed
f1f1ec
fffffd
d5d6d2
444540
bcbdb8
ffffff
f6f7f2
fbfcf9
6e6e6a
63625e
fffefa
efefeb
f2f1ed
f5f4f0
f4f3ef
f5f4f1
f4f3f1
f4f3f1
f4f3f1
f2f2f0
f1f0ef
f1f0ee
ffffff
bcbaba
918e8e
ebeae8
f4f2f0
f2f1ef
f1f0ee
f1efed
ebebe9
e6eae6
e4e9e6
e4e8e5
e2e6e2
e8ede9
f7fbf8
c4c8c5
595e59
454842
aaaca8
f8fcf6
f1f4ef
edf1ec
edf1ed
eef1ed
f0f0ed
f0f1ed
f0f1ed
f0f1ed
f0f1ec
f0f1ec
f0f1ec
f0f0eb
f0efeb
f0efeb
f0efec
efeeeb
efeeea
f0efeb
f0efec
f0efeb
f1f0ec
f0eeea
efeeeb
f1f0ed
efeeeb
edeae7
e8e6e5
e3e6e9
e4e1df
edeae6
9ba29d
0f1d13
414231
6d533e
70442d
7d4b36
7a4a34
7a4933
7b4630
7e432f
84422f
884230
803e30
7c412e
74432a
6f4931
6c4939
4c291c
442111
86573f
a26144
9e6043
985d43
854f36
77452f
6a3b27
683b27
613224
5e3324
5b321f
562f1a
5d371d
6a3f24
7c4a2f
885135
7f4c33
744630
764632
7d4930
754126
774e37
553c2c
2e2220
2b262b
34302f
35322b
363327
373328
353328
363227
373425
343129
262121
2e2420
4b392c
5b3d2a
6b4332
6f4734
69472e
6f432e
794532
794734
724631
734531
774330
733c28
7a452f
784831
72472e
72482e
774b32
7f5039
7a4631
6f3c23
815a39
6b4c39
3b1812
734c38
8e6543
5f3621
6d4735
885d3c
916445
5a3f2f
3b2821
6d4934
7b4b32
69412e
68462f
915330
90532f
8f532e
8f542f
8e542e
8d532b
8e542c
8f552f
905532
925733
935832
935833
935730
945832
945732
925631
925832
925731
945934
945933
955a35
925732
915530
8f5830
8e562f
905830
905630
915630
91542f
955733
945832
955b34
955b35
945a34
955a34
8e532d
8e542e
8f542d
8b532e
8b542f
89512c
8b532e
8a522c
89522d
8a532d
88532f
8b5534
87522f
875130
855132
7f502f
7f5532
7b5332
715837
6d5f41
6b6550
191a0e
797c76
f0f3f2
edeeee
eff0ed
f2f1ed
f1f0ec
f2f0eb
f2f1ec
f2f1ec
f2f1ec
f2f1ec
f2f1ec
f2f2ed
f1f2ed
f1f2ed
f1f2ed
f1f2ed
f1f2ed
f1f2ed
f1f2ed
f1f2ed
f1f2ed
f2f3ee
edeee9
fdfefa
dadcd7
656662
4b4c46
d0d1cc
ffffff
f6f7f2
eff0eb
f1f2ed
f2f3ee
f6f2ef
f6f2ef
f6f2ef
f4f0ed
fbf8f7
9e9b97
171311
d1d1cd
fafbf7
eff0eb
f2f3ee
f3f4ef
f2f3ee
f3f4ef
f3f4ef
f3f4ef
f3f4ef
f3f3ef
f2f3ee
ecede8
f9faf5
cdcec9
292a25
1d1e19
181915
464642
d6d7d2
fffffd
f1f3ed
f2f3ee
f3f4ef
f3f4ef
f3f4ef
f3f4ef
f3f4ef
f3f4ef
f3f4ef
f3f4ef
f3f4ef
f3f4ef
f3f4ef
f3f4ef
f3f4ef
f3f4ef
f3f4ef
f3f3ef
f4f3f0
f4f3ef
f4f3ef
f4f3ef
f4f3ef
f4f3ef
f4f3ef
f4f3ef
f4f3ef
f4f3ef
f4f3ef
f4f3ef
f4f3ef
f4f3ef
f4f3ef
f4f3f0
f4f3f0
f4f3ef
f4f3ef
f5f4ef
f5f3f0
f4f2ee
f5f4ef
f1f0ec
fbfaf8
c4c3bf
40403c
9e9d9b
fafaf9
888884
454441
ecebe7
f1f1ec
f1f0ec
f5f4ee
f4f3ee
f5f4ef
f4f3ef
f3f2f0
f1f0ee
f1efee
f4f1ef
ffffff
faf5f5
8c8786
4c4947
c3c2bf
f9f9f7
ecebe9
eaeaea
edeeed
ededec
e8e9e9
e4e7e7
dfe4e1
e2e7e3
f3f8f2
dadfda
6e726d
4c514b
959894
e9eae5
fefffa
f0f1ed
f1f1ee
f0f1ee
eff0f0
eff0f2
f0f1f1
eff1ef
eff1ef
eff1ef
f0f0ee
f0f0ed
f1f0ec
f1efec
f2eeee
f2eeed
f2eeee
f1eded
f1edec
f1eeec
f1edec
f0f0ea
eff0ea
efefec
f0eef2
f1edf1
f1eeef
efe9e7
ebe8e5
dfe6e7
e4e2e4
f3eced
81837e
121b0f
494838
654f3e
6d452f
7a4c30
75472c
75452d
79472f
7c4730
7c442f
7f4432
7e4034
7d4031
79432e
754b38
5c392c
401c0f
663e2c
97604c
a15c45
9d6042
844f33
633421
5e3225
643e2b
674425
6e4528
744a2f
744c2d
826142
54381b
502a0f
894d33
944e31
7c462a
764534
79472d
7c472b
763f2a
784f34
543b27
2c2221
2b292d
333130
35332d
373329
3a3228
393027
3b3127
3a3327
322f29
252524
2a2420
4b382c
5d3b2a
6b4333
6c4633
69462e
70422d
7a4632
784832
754931
744830
74422b
79402c
804733
75432c
784831
784a32
7c4b33
814f37
78432c
794125
81533b
6c4738
3f180f
7b4f3e
93634c
693a27
6d442f
8c5d3c
9e694b
5d3b2e
3e2923
694731
7a4a31
724735
734b34
8f5033
905132
8f5231
8c502d
8b512b
8f562f
8b532a
8c542d
8d532f
8f5531
8f5630
8d5430
8f5631
8d5330
8c532f
925835
8b522f
8d5431
8d5331
915735
925735
915835
935836
8f5634
935a37
8f5634
8f5634
905634
915736
905533
935836
8f5633
915735
955b39
935a38
8e5532
915836
8f5634
905835
905936
905935
8f5834
905935
915a36
8f5834
915837
8e5535
905536
8f5336
8b5234
8a5536
835132
7f5233
785638
70553a
776552
42382f
484541
e8e6e5
f4f0f0
f0ecea
f1f1eb
f2f1ec
f2f1ec
f2f1ec
f2f1ec
f2f1ec
f2f1ec
f2f1ec
f1f1ee
f1f2ed
f1f2ed
f1f2ed
f1f2ed
f1f2ed
f1f2ed
f1f2ed
f1f2ed
f1f2ed
f1f2ed
f2f3ee
ecede8
f7f8f3
fffffd
b3b4b1
585954
848580
dfe0dc
fffffd
fcfdf8
f2f2ed
f2eeeb
f3efec
f5f1ee
f4f0ed
f2edeb
f2efec
585452
42403c
f0f1ed
ffffff
eff0eb
eff0eb
f1f2ed
f1f2ed
f2f3ee
f3f4ef
eff0eb
f0f1ec
f5f6f1
ffffff
fafbf6
cecfca
3a3b36
30312c
959691
f3f4ef
f8f9f4
f0f1ec
f3f4ef
f3f4ef
f3f4ef
f3f4ef
f3f4ef
f3f4ef
f3f4ef
f3f4ef
f3f4ef
f3f4ef
f3f4ef
f3f4ef
f3f4ef
f3f4ef
f3f4ef
f3f4ef
f3f4ef
f3f4ef
f4f3ef
f4f3ef
f4f3ef
f4f3f0
f4f3ef
f4f3ef
f4f3ef
f4f3ef
f4f3ef
f4f3ef
f4f3ef
f4f3ef
f4f3ef
f4f3ef
f4f3ef
f4f3ef
f4f3ef
f4f3ef
f4f3ef
f4f3ef
f4f3ef
f4f3ef
f4f3ef
f6f5f1
f3f1ed
fffffd
e3e2de
5c5b58
272623
373633
e6e5e0
ffffff
fbfaf5
f7f6f1
f0efea
f1f0eb
f2f1ec
f4f3ef
f1f0ed
efeeec
fdfaf9
ffffff
b1adad
484444
857f7f
f1eeeb
f9f8f3
e8e6e4
e0e0de
e3e3e2
e4e5e6
e4e6e6
e8eae9
edf2f0
f9fdf9
dee2de
7c807d
474c4a
838782
e8ede9
ffffff
f2f2f1
efefee
f3f4f3
f0f0f0
f0f0f0
f0f0f0
f0f0f0
eff1f1
eff1f0
eff1f0
f0f0ef
f0f0ee
f1f0ed
f1f0ec
f1f0eb
f2efe9
f2efe9
f2efe9
f2efea
f2efea
f2efe9
f2efe9
f0f0ea
f0f0eb
efefeb
f0eeed
efebea
f1ebec
eee8e7
eae6e2
e4e3dd
e5e0dd
efe7e8
5b5957
26251c
5a4d3e
6c4938
784634
7b4530
7e4733
77402e
793e2e
7a3f2d
7a3e2f
7b4031
774534
75452f
73442c
714936
583727
482416
774a36
955c45
a05d44
995d3e
855334
5a2a18
5b2e20
8a604b
ab8460
b6876a
a97f61
90724c
6d5231
582f1a
6b3728
8d573f
7f4a29
7a4528
784437
79472a
7e472b
78412e
784f31
573d2a
2a2021
2a2b2c
31302e
34322c
373128
373026
382e26
3c3128
393126
312f2a
222524
292422
49362c
5f3e2d
65412f
674331
6b432f
754330
7b4532
7a4832
764a30
72472d
74432a
7c4430
7f4632
79412d
7e4a34
7e4934
78452e
7a4932
744028
7a4025
895846
673f32
481f13
7a4a3a
8e5e49
693a27
714731
8f5c3d
975d41
5b362a
3b2921
674831
7e4f35
734836
735035
8d4f36
8d4f34
8c4f33
8b5031
8a502e
8c542f
88512a
8a532b
8a522d
88502c
864e2b
824b29
8a5132
834a2d
864d2e
885031
864c2e
874d30
844c2e
854c2f
82482b
854b2e
844b2d
8b4e32
884b2e
894c2f
864d2f
854e2f
885033
875232
874f31
884f32
874e30
8a5133
8c5336
8e5537
8b5235
8e5538
8d5736
885230
8d5835
8a5431
87512e
8f5937
8d5734
8e5535
82482a
905539
8d5235
884d30
8e5237
874d32
895237
82543a
77513b
7c6253
524239
2c2320
d0caca
f8f1ef
f1ede9
f0efea
f1f0ec
f3f2ed
f2f1ec
f2f1ec
f2f1ec
f2f1ec
f2f1ec
f1f2ed
f1f2ed
f1f2ed
f1f2ed
f1f2ed
f1f2ed
f1f2ed
f2f1ed
f2f1ed
f1f1ed
f0f0ec
f2f2ee
f1f1ec
efefea
eeeee9
fffffe
e6e7e2
7d7e79
4d4e49
6e6f6b
c3c4bf
f5f5f1
ffffff
ffffff
fbf8f5
f6f3f0
efece9
f3f1ed
eceae7
514f4b
353631
bdbeb9
fffffc
fbfbf7
f3f4ef
f3f4ef
f4f5f0
fafbf6
ffffff
ffffff
ecece8
959692
525350
3a3b36
92938e
e6e7e2
fbfcf7
f2f3ee
f1f2ed
f3f4ef
f3f4ef
f3f4ef
f3f4ef
f3f4ef
f3f4ef
f3f4ef
f3f4ef
f3f4ef
f3f4ef
f3f4ef
f3f4ef
f3f4ef
f3f4ef
f3f4ef
f3f4ef
f3f4ef
f3f4ef
f3f4ef
f4f3ef
f4f3ef
f4f3ef
f4f3ef
f4f3ef
f4f3ef
f4f3ef
f4f3ef
f4f3ef
f4f3ef
f4f3ef
f4f3ef
f4f3ef
f4f3ef
f4f3ef
f4f3ef
f4f3ef
f4f3ef
f4f3ef
f4f3ef
f4f3ef
f4f3ef
f4f3ef
f5f4f0
f4f3ef
efeeea
f9f8f4
fbfbf6
858581
302f2c
5e5d5a
8a8986
cbcac5
e9e8e4
fffffc
fffffa
f7f6f1
f5f4f0
f9f8f6
fcfcfa
c2c1bf
52514f
4b4746
b4aeae
f6f2f1
e8e5e2
e2e1dd
e9e7e3
e8e9e4
efeeed
f5f6f4
f3f5f4
e2e3e2
b8bbb6
70726f
4b4e4b
7b7d7b
daddde
ffffff
f3f6f5
efeff0
f5f4f5
f3f2f4
f0eff2
f1f0f3
f0efef
f0f0ed
f0f0ec
f0f1ef
f0f0ef
eff1ef
f0f0ee
f1f0ec
f2f0ec
f2f0ec
f2f0eb
f2efe7
f2efe7
f2efe8
f2efe8
f2efe8
f2efe8
f2efe8
f1edeb
f2efeb
f7f4ed
faf7ec
fffff2
fdf9f0
eae5e1
e6e0db
e8dfd4
e7e0da
e1e0e2
444449
2e2725
664a41
7a4737
7e4837
794839
754432
744431
74432f
774530
76442e
74422c
73442e
75442b
704225
6f4730
613f2d
411f0d
694029
8e593d
935537
935a39
966142
804e35
5d2e19
6b3d26
6f4328
522a14
41210c
472e0e
4e2a10
794336
8f5449
7e513c
74502d
79462b
78463a
78482b
7c4629
7a4331
774d31
5b4230
281f21
2b2b2c
302f2c
32302a
332e24
342f24
342f25
383127
343023
32322a
212422
282221
4a372e
543829
5f412f
634232
6f4534
744131
7c4434
7a4632
73462e
74472e
7b4a31
834b37
7d4431
7d4430
7c4531
7a4530
6f3c26
723f29
754029
794028
7b4a3a
5a3124
673b2d
784935
7f4f38
6f412e
6a412c
855234
874e33
553024
38251e
6c4c36
7d4f32
724833
735034
92563f
92553e
92563c
8e5539
92583b
8e5636
8f5835
8e5734
8d5735
895331
8b5435
885133
884f34
885035
864e34
895135
8b5338
874f34
874f34
885035
844c32
874f32
875035
894d33
894d32
84482e
864e33
895136
865033
875336
834b30
854c31
8b5338
864e33
895135
885035
895135
854d31
824b2d
854f30
8e5738
8a5434
814a2b
8c5536
8f5839
865131
845131
895939
815232
7f5033
835436
7e5034
855439
7b5339
74543c
7b6755
564c41
1e1c14
acada7
f7f9f0
eeede6
f1efec
f2f0eb
f2f1ec
f2f1ec
f2f1ec
f2f1ec
f2f1ec
f2f1ec
f1f2ed
f1f2ed
f1f2ed
f1f2ed
f1f2ed
f1f2ed
f1f2ed
f2f1ed
f2f1ed
f2f1ed
f2f1ed
f3f0ed
f2f0ec
f2f1ed
f1f0ec
eceee8
f3f4ef
fffffd
e9eae6
a4a5a0
686965
585956
686866
959592
d5d5d1
f4f3f1
fffffd
fffffc
ffffff
ffffff
a3a49f
595955
6d6e6b
b2b3af
eeeeec
ebece9
e9e9e7
cbccc7
7e7f7b
666765
555553
666762
b2b2ad
e9eae5
fffffc
f3f4ef
eeefea
f2f3ee
f2f3ee
f2f3ee
f3f4ef
f3f4ef
f3f4ef
f3f4ef
f3f4ef
f3f4ef
f3f4ef
f3f4ef
f3f4ef
f3f4ef
f3f4ef
f3f4ef
f3f4ef
f3f4ef
f3f4ef
f3f4ef
f3f4ef
f3f4ef
f4f3ef
f4f3ef
f4f3ef
f4f3ef
f4f3ef
f4f3ef
f4f3ef
f4f3ef
f4f3ef
f4f3ef
f4f3ef
f4f3ef
f4f3ef
f4f3ef
f4f3ef
f4f3ef
f4f3ef
f4f3ef
f4f3ef
f5f4f0
f5f4f0
f5f4f0
f5f4f0
f6f5f1
f4f3ef
f4f3ef
f2f0ed
f6f3f0
ffffff
e2e1dd
9d9d99
6b6a67
444340
353532
5c5b56
9a9b95
d5d4cf
e5e5e1
d6d7d5
787876
464644
a2a19f
ffffff
ffffff
f1eeec
f6f5f1
f1f0ec
e2e1dc
dbdcd6
bfbfbb
7e7f7d
707070
696b69
8a8b87
abaca8
dcded9
ffffff
fafbf7
f3f5f0
f9faf6
fafaf3
f3f2ec
f1efed
f1efef
f3eff0
f3eeed
f2f0ea
f3f2eb
f1f1ee
f0f0ef
f0f0ed
f0f0ec
f1f0ec
f3f0eb
f3f0eb
f3efeb
f3efeb
f1eeeb
f2efec
f7f3f0
f8f5f2
f8f4f1
f6f2f0
f2eee7
fbf5eb
e8e3d5
a8a492
747266
adaa99
f3f1e0
f3eedf
e1dbce
edeee7
b2bbb9
292d2f
423636
674842
794a3d
814d3b
7d4936
723f2a
73412a
734229
734228
754428
744328
793f29
7e3e27
7b3e25
74422d
643f2f
492a18
52311b
885d3e
945d38
9d6745
a77052
aa7655
9c6a49
9b6a4f
784935
432610
53321a
966147
9e624a
8d5844
7d4f3a
794a32
814e2f
7a472e
6f3e32
75462b
7c492c
7a4534
775035
5c4332
281e21
29272b
2f2e2b
31312a
302e25
2f2d21
333226
353428
303022
2e3127
212523
282221
47352c
51372a
553b2c
593f30
674333
6f4032
764334
754430
72462e
7b4e34
7b482e
824a36
7f4633
7d4532
804835
763f2b
733d28
75412b
78422d
753d28
7b4b3b
592e22
643627
7e4d37
815039
6e412d
623a26
7e4c31
884e34
573327
39251d
6b4a34
845838
754b34
744b30
894c35
884d34
884d33
854c33
885037
844c34
854e35
854e35
834b32
864e35
834b32
854d34
854d33
854d33
824b31
824a2f
824b2e
844c31
844c31
834b30
844c31
854d31
864f33
844c31
895034
864f33
824b2f
875034
864f33
895135
885035
864e32
885034
895135
874f33
834a2f
895236
864e32
875234
854f32
8a5537
885235
854f32
834e30
865033
844f32
835131
7a4d2d
7b5030
7a5232
7a5435
7c5436
7e563a
77563a
71583e
766452
635b4f
1b1b10
8e8e86
f6f7eb
f0efe5
f0f0eb
f1f0ec
f2f2eb
f2f1ec
f2f1ec
f2f1ec
f2f1ec
f1f1ec
f1f2ed
f1f2ed
f1f2ed
f1f2ed
f1f2ed
f1f2ed
f1f2ed
f4f0ed
f4f0ed
f4f0ed
f4f0ed
f4f0ed
f4f0ed
f4f0ed
f2f1ed
f1f2ed
f0f1ec
edeee9
f2f3ef
fffffc
fafbf6
d5d6d2
a3a49f
787976
5b5b58
424240
656563
767675
6f6f6e
71716e
7f7f7d
737371
232320
0d0e0a
30312c
2f302b
464744
646462
7b7b78
a0a19b
dbdcd7
fffffb
fdfef9
f5f6f1
f0f1ec
f2f3ee
f2f3ee
f2f3ee
f2f3ee
f3f4ef
f3f4ef
f3f4ef
f3f4ef
f3f4ef
f3f4ef
f3f4ef
f3f4ef
f3f4ef
f3f4ef
f3f4ef
f3f4ef
f3f4ef
f3f4ef
f3f4ef
f3f4ef
f3f4ef
f3f4ef
f3f4ef
f4f3ef
f4f3ef
f4f3ef
f4f3ef
f4f3ef
f4f3ef
f4f3ef
f4f3ef
f4f3ef
f4f3ef
f4f3ef
f4f3f0
f4f3ef
f4f3ef
f4f3ef
f4f3f0
f4f3ef
f4f3ef
f5f3ef
f5f4f0
f5f4f0
f4f4f0
f5f4f0
f5f4f0
f5f4f0
f4f3ef
f5f3f0
f5f3f0
f5f3ef
faf8f4
ffffff
ffffff
f1f0ed
cfcecb
93928e
666561
575652
434340
2c2d2a
0a0d09
5e5e5d
858585
757475
727171
767575
737370
686761
5f5f5a
72736d
888984
979895
c0c0be
e2e4e1
ffffff
ffffff
fbfcf6
eeefe7
e0e2d6
d5d7ca
d4d7ca
dbddc9
f7f7e3
f8f6ea
f2efe9
f7f1f0
fbf7f4
fcf9f2
f6f3ea
efefeb
f1f0ee
f1f0ec
f1f0eb
f2f0eb
f4efeb
f4efeb
f2ede7
f5f2e9
fdfbf3
f3f0e7
e1dfd7
dbd9d0
e0ddd5
e5e2da
f5f2dc
e3ddc4
9a947f
b4af9d
bebba8
969479
858762
7e7e5a
87826e
868977
474d39
1e1809
593e30
664132
75513d
7b4e3b
824a39
7f4836
844d3c
7d4938
7f4b39
7d4b39
7c4a38
7d4b33
7d482c
814b31
71412d
6f4b3e
4d2f22
472715
795132
99673b
98623f
a2694a
9b653e
a06c42
9d694a
8f5c4d
664238
5a3727
7e4b35
78422c
82513e
875947
865641
804b30
7f4d34
704035
76482e
7d4a2e
764332
734d31
5a4532
281d20
29272a
2f2e2a
32312b
303024
29291d
323327
35372a
2e301f
2f3329
222626
272222
46342d
503a2d
4f3a2c
534030
5e4635
694536
754738
70432f
74482f
79492f
7a442a
834836
804435
7c4131
793f2f
783e2c
713826
78402e
7d4432
763e2e
764437
5b2c20
6c3c2b
8a5640
84523a
6c402d
613b27
7a472e
8a4f37
553126
36221b
6e4e35
815333
784d36
734a34
7f4628
7f4629
7f452a
7f452b
7e452d
7e462f
7b442d
7e462f
7f472e
7d432c
7d452c
794127
7b4327
7d4327
7b4125
7d4426
7d4526
7c4525
7a4324
7c4626
7b4525
7e4a29
814e2d
7f4d2a
7e4c2a
804e2b
844f2f
804b2b
834d2e
885031
834e2e
845130
845130
855231
7d4a28
855232
845230
84502e
854e31
844c30
8b5336
874f33
864f32
844d2f
865032
854d2f
8c5133
855031
835232
815436
7f5638
80553a
7a5135
755337
70533a
6a5340
706155
2c231a
615a52
f5efe7
f5f0e9
f0f0eb
f1f1ec
f2f1ed
f2f1ed
f2f1ed
f2f1ed
f2f1ed
f2f1ed
f2f1ed
f2f1ed
f2f1ed
f2f1ed
f2f1ed
f2f1ed
f2f1ed
f4f0ed
f4f0ed
f4f0ed
f4f0ed
f5f0ed
f5f0ed
f4f0ed
f2f1ed
f1f2ed
f1f2ed
f1f2ed
f0f1ec
eeefea
eeefea
f6f7f2
fffffd
ffffff
f4f3ef
c8c8c4
b9b8b6
b6b5b2
a5a5a1
8f908b
8e8f8a
a5a6a2
b8b9b5
b8b9b4
b8b9b4
c0c0bc
dadbd6
f3f5ef
fffffd
fffffd
f7f8f3
eeefea
eff0eb
f2f3ee
f2f3ee
f2f3ee
f2f3ee
f2f3ee
f2f3ee
f3f4ef
f3f4ef
f3f4ef
f3f4ef
f3f4ef
f3f4ef
f3f4ef
f3f4ef
f3f4ef
f3f4ef
f3f4ef
f3f4ef
f3f4ef
f3f4ef
f3f4ef
f3f4ef
f3f4ef
f3f4ef
f3f4f0
f4f3f1
f4f3f1
f4f3f0
f4f3f0
f5f2ef
f5f2f0
f6f2f0
f3f3f0
f3f4f0
f3f4f0
f3f4f0
f4f3ef
f3f1ed
f6f4ef
f7f5f0
f2f2ed
f1f1ec
f2f2ed
f1f1ec
f3f4ee
f5f4ef
f5f4ef
f5f2ee
f7f3f1
f5f1ed
f5f4ef
f6f5f0
f6f5f1
f1f2f0
f0f1f1
f8f7f1
fafaf0
f1f2e6
faf7ee
ffffff
ffffff
f6f5ef
d9dbd8
d5d5d7
cececb
c0c0b8
bdbab6
bfbcba
c3bcbb
c8c0bf
c6c5bf
cfcfc6
ebe8e5
f8f6f6
fffffd
ffffff
fcfcfb
f8f7f6
f7f6ef
d8d9cc
a3a594
b1b09f
aca99a
9a9887
a1a18a
999a7c
9a987b
e4e1cb
f7f4e1
e3e0d0
d0cdbe
d6d2c1
efebdb
f7f5ed
f0eee9
efedeb
f2efed
f3f0ec
f3f0e9
f4f0e6
fcfaea
e3e3c9
bbbaa2
b3b39b
9d9e86
9c9b83
9b9a82
909079
968e6b
5e512d
c5be9f
ffffec
f6f8e1
f5fadc
919469
9e9c6d
f6f0d6
d2d0af
6f6e40
5b4f23
9a7c53
835d3e
593620
482818
46281c
412718
4a3123
462f24
4f3930
4b3530
4d3732
4d3b29
503c24
563b27
624638
664c43
61473f
604439
7f5a41
986a44
966546
996447
9b6643
8f5c37
7d4c30
663427
542622
48241a
4a2c17
482811
55291a
6c3c32
704638
6f4a33
73462e
79493d
72432e
78472e
71402f
6f4b34
584034
281e21
282629
2f2e2a
31302c
2e2f24
2a2b1f
303023
37372b
2d2e20
33342c
252525
292424
423430
4b382d
463727
493e2d
4f4532
5c4937
634736
654a34
66472e
6a452c
71442c
72412e
754231
744230
72412f
713f2e
6d3c29
734331
84513f
7a4636
683e2f
4c291a
683f2d
8a5844
8a5943
653c27
593621
7b4c34
85513b
583428
3d251a
604028
754c2e
724b33
6e4c37
824f33
814f33
824f34
824f35
834f35
814f34
825136
845136
8c5739
8c563a
8a5338
8a5238
8b5139
8b5038
8d523a
8c543b
89543a
895538
895538
875639
88583a
855738
855636
875434
885537
885437
895439
875338
88533a
89533b
8b543c
8b553c
89533a
875439
8a563b
89573b
865437
8a583a
915942
8e5740
8a553d
8c5840
86543b
87573c
83573a
86563b
885339
86553b
87593f
81563e
825b44
805945
785540
7c5c45
785b44
725947
705d4e
46392e
332d24
e4e2dc
f2f1ed
f0efeb
f2f1ed
f2f1ed
f2f1ed
f2f1ed
f2f1ed
f2f1ed
f2f1ed
f2f1ed
f2f1ed
f2f1ed
f2f1ed
f2f1ed
f2f1ed
f2f1ed
f2f1ed
f2f1ed
f2f1ed
f2f1ed
f2f1ed
f2f1ed
f2f1ed
f1f1ed
f1f2ed
f1f2ed
f1f2ed
f1f2ed
f1f2ed
f1f2ed
f0f1ec
eeeeea
eeede9
f3f2ee
faf9f5
fffef9
fffffb
fffffc
ffffff
ffffff
fffffc
fcfdf8
fdfef9
fdfef9
fbfcf7
f8f9f4
f2f3ee
eff0eb
f0f1ec
f1f2ed
f2f3ee
f2f3ee
f2f3ee
f2f3ee
f3f4ef
f3f4ef
f3f4ef
f3f4ef
f3f4ef
f3f4ef
f3f4ef
f3f4ef
f3f4ef
f3f4ef
f3f4ef
f3f4ef
f3f4ef
f3f4ef
f3f4ef
f3f4ef
f3f4ef
f3f4ef
f3f4ef
f3f4ef
f3f4ef
f3f4ef
f3f3f0
f3f3f2
f3f3f3
f3f3f1
f5f3f1
f5f2f0
f6f2f0
f6f2f0
f4f3f0
f4f5f0
f4f5f0
f4f4ef
f5f4ef
fcfbf6
f2f1ec
eceae5
faf9f4
fcfcf8
f8f9f4
fcfffa
f4f7f1
f7f6f2
fcf7f6
faf4f2
faf5f0
fdf9f1
f0ebde
eee8da
f8f2e6
fffcf5
fff9f3
d9c7b8
bdb296
9b9470
908363
b89b86
b99f8d
ede0c5
faf7e1
fdf8f1
fffbe3
e1dab7
cdc3a6
bbaa99
b5a092
c5af99
d9d3b4
ffffec
fdf3f3
f6eef3
f3f2ed
f3f5ea
f5f3ef
f6edef
c4c0ad
85876a
aaad8c
dedbc1
f5ecda
fef5e2
f7f3d8
f1efcd
bfbb96
6b6644
77744d
9c996c
9d9b6f
b0ac82
928f67
d2cdb8
fffcf4
fcf4f4
f4edf1
f5edf1
f3eeea
eeebdd
c6c3ac
858264
aeab8f
e6e6c8
f0f0d2
f3f2d4
f1f0d1
ececcc
e8dfba
c0ad83
947d50
dfd0a7
f6f7d7
ebf2d5
eff0ca
f2edc2
f0e9c9
efeac6
dcdaad
eae4b2
fbefc0
c5ab86
5e3c1f
5c4233
615046
5c4e41
4c4637
3c3a2d
34342c
302f29
322f2d
2f2e2e
2d2b2a
2f2b29
2c2523
231915
291e18
2f221c
34231b
371e13
3c211a
462b23
52372e
583e33
573c32
634a41
6d4c40
815e4f
755441
704d3a
603a27
5a311f
663e2b
673f29
6e432b
71432f
6f3e2d
6c3d27
653c27
5e3d2e
533834
271a1c
292828
2d2c29
2e2d29
2e2e28
2e2e24
2f2f24
323226
2d2b20
34312a
272220
292223
38302d
40382e
433c2b
44402d
474835
3e3f2c
3e402a
4a4934
554b37
5a4635
5a3e2d
5c3e28
5d3f28
604028
63422b
624129
624127
634128
744d35
714630
604b31
3a3118
574030
7c5246
7d4e3e
623f26
513118
78513c
76503a
6d4935
6b4932
67462e
66452c
68482f
68462e
5f3e2e
5f3e2e
5e3d2d
5e3d2d
5e3d2d
5e3c2d
603f2f
664433
643f2d
654030
694232
6b4436
694033
6a3f33
6b4035
664235
644234
654233
654333
674332
674332
684431
684332
674133
664032
643d30
613b30
643d33
633d33
633c33
643c34
633b32
613a31
603b30
644132
613e2f
523020
573426
593429
5a3429
573327
502e22
4d2d22
4a2e20
472d1e
472b1e
47291f
452a1f
452c21
422b20
3d2920
3f2d25
3f2e27
412d21
433022
3d2d20
36291f
3c322a
1b160f
a5a39e
f9f9f4
efeeea
f1f0ec
f2f1ed
f2f1ed
f2f1ed
f2f1ed
f2f1ed
f2f1ed
f2f1ed
f2f1ed
f2f1ed
f2f1ed
f2f1ed
f2f1ed
f2f1ed
f2f1ed
f2f1ed
f2f1ed
f2f1ed
f2f1ed
f2f1ed
f2f1ed
f2f1ed
f1f2ed
f1f2ed
f1f2ed
f1f2ed
f1f2ed
f1f2ed
f1f2ed
f3f1ed
f2f1ed
f2f1ed
f1f0ec
f1f0ec
f1f0ec
f1f0ec
f0efeb
eff0eb
eff0ec
f0f1ec
f0f1eb
f0f1ec
f0f2ec
f1f2ed
f2f3ee
f2f3ef
f2f3ee
f2f3ee
f2f3ee
f2f3ee
f2f3ee
f2f3ee
f3f4ef
f3f4ef
f3f4ef
f3f4ef
f3f4ef
f3f4ef
f3f4ef
f3f4ef
f3f4ef
f3f4ef
f3f4ef
f3f4ef
f3f4ef
f3f4ef
f3f4ef
f3f4ef
f3f4ef
f3f4ef
f3f4ef
f3f4ef
f3f4ef
f3f4ef
f3f4ee
f3f4eb
f3f4ed
f3f4ed
f2f4ed
f2f4ee
f3f4ee
f2f4ee
f8f2ec
fcf1ec
faf3ec
f9f4ed
f2f1ea
cacbc3
a9aca4
9a9d93
888679
848475
9fa091
afb0a1
d9d9ca
dedcce
d6d1c6
ebe8d8
f5f7e2
d6d4bf
aea28e
b8a590
bba48c
bc9d81
ac876c
c2a790
dfd0b2
efe7c1
eee5c2
f0dec0
c9b08b
816e38
dfd298
fff0c1
b5a774
9d8e5e
cdbb98
e1d0b6
e1ceb1
e4d2aa
bfb482
aa9c71
f7e4cd
fff4e3
ece5cd
e6e5c9
f2ebd7
d0c4b3
a19c7c
e1ddc2
fffce4
fdfce0
fffedc
fcf9d8
f2f1d5
f7f3d2
ffffd1
d3cfa0
dad8a7
ffffd0
eae6b3
b9b483
656131
6c663d
938a6b
c2b8a2
fcf2e2
fff5e8
fef2e4
f0e3d0
988d77
dcd5be
ffffe6
f8f2d9
eee9ce
e7e5c7
ebebcd
eeeecf
ecf1cd
fffbd2
cbae80
a2774d
e6c6a0
f1dfba
f8f2c8
fbf8cd
fef1d3
fbeed4
fcf2d8
fbf0d5
f9eaca
c6ad86
ccac7d
ffeed1
ffede4
f5e5de
ece2df
e4dddd
dadbd8
d6d8d1
dbddd4
d6d8d3
d6d8d3
d8d7d4
c9c6c3
b1aeab
aaa5a2
9f9895
8c8587
766e78
69616a
635d63
5e595b
474241
332d2a
2c2823
2f211b
3a251e
573f35
684a3b
75513e
764b34
714328
714227
71452e
714331
6c3e2e
673c27
613d26
5b3e2d
4e3630
2c2121
292727
302e2e
32312d
31312b
31312a
32322a
37372e
323028
3b3933
292524
292525
3f3a37
443e37
474234
3e3e2d
434737
252919
1e2312
2d2d1f
2c2218
432f2a
5b403d
553a2a
593d25
5f432b
63462e
654830
62432b
5e3e25
704f35
6d4c33
5f5136
3b371c
52432f
765646
7b5642
60462b
5a3d23
724f38
76543d
69472f
6d4b32
6c4c34
694933
66462f
694831
342621
352622
362622
352722
352621
392925
362622
33231e
35241e
372520
392723
372422
392524
382324
392425
342724
332723
352623
362623
392420
3a2421
3b2420
3b2320
3b241f
3a241e
3a241e
37201b
3a231e
3a231e
3a231f
38231d
36211d
36211c
35221c
311f18
38251d
39281f
38271e
3d2720
3f2821
3a261e
3b2720
402c26
3f2c27
3f2d27
3e2d28
3c2e2b
3d2f2b
3c2f2e
3c3230
3a312e
38312e
36312f
3a312d
3b312d
39312b
39322e
433e39
2c2823
44423c
f2f1ec
f4f3ef
f0efeb
f2f0ec
f1f0ec
f1f0ec
f1f0ec
f1f0ec
f1f0ec
f2f1ed
f0efeb
f3f2ee
f2f1ed
f2f1ed
f2f1ed
f2f1ed
f2f1ed
f2f1ed
f2f1ed
f2f1ed
f2f1ed
f2f1ed
f2f0ed
f1f1ed
f1f2ed
f1f2ed
f1f2ed
f1f2ed
f1f2ed
f1f2ed
f1f2ed
f3f0ed
f2f1ed
f2f1ed
f2f1ed
f3f2ee
f3f2ee
f3f2ee
f2f2ee
f2f3ee
f2f3ee
f2f3ed
f2f3ee
f2f3ee
f2f3ee
f2f3ee
f2f3ee
f2f3ee
f2f3ee
f2f3ee
f2f3ee
f2f3ee
f2f3ee
f2f3ee
f3f4ef
f3f4ef
f3f4ef
f3f4ef
f3f4ef
f3f4ef
f3f4ef
f3f4ef
f3f4ef
f3f4ef
f3f4ef
f3f4ef
f3f4ef
f3f4ef
f3f4ef
f3f4ef
f3f4ef
f3f4ef
f3f4ef
f3f4ef
f3f4ef
f3f4ef
f3f4ef
f3f4ee
f3f4ee
f3f4ee
f3f4ef
f2f3ef
f3f4f1
f1f3f0
f3f3f0
f3f3ef
f3f3ea
f4f5e8
eaecd9
b2b49c
e0e4c6
fcffdf
8f956e
a5ac84
dbe2ba
b8be97
7e835c
8c8e69
a0a17c
8e8e67
79784d
9f9974
f4ebce
fcecd1
f7dfc3
dbbfa0
b09373
f2dfc1
fffada
f8f1d2
f7f1d7
fdf3dd
e7d8b8
7b6b3b
806e33
7a642b
a89365
fff2d3
fff5e6
fff6ea
fdf5e3
fef8de
fff1c6
d9c392
8c6f4d
a48c6e
baab8d
afa78a
b0a58c
68593d
c9bc8e
fffbda
f6e7cc
c5ba94
9a986d
8b895a
877a56
857856
7e784b
989164
989264
7c7654
756e48
afa87d
dfd9b0
e5e2b2
c9c594
9a9565
9e9868
d3ce9e
e6e0b1
b5ae7d
7f7747
aca37a
b7b087
d7cfa6
f3efc6
f8f3d0
eeebcd
ede8ce
e8ebca
eceac4
fbedbe
b59b67
997a46
a88f5c
b4a275
a99d75
978866
8b7c59
91835e
958560
927e58
8f7653
8c6e4c
a9906c
c6b495
e5d4c1
eee0da
e9dfe0
e3e0e2
e2e2e2
e3e6e2
e3e5e0
e5e6df
e5e4e2
e9e7e6
edeaeb
f2edf1
f2edf1
f5ecf3
f9e9f3
f8e9f0
f9eaef
f5e8e8
ebdfdb
d2c6bf
b8ada3
a49d97
756c6a
544743
3d2e28
372319
462f25
5a4033
654a3b
6b4e41
694a44
664744
5d4139
584334
504236
382e2c
242021
282727
2d2d2d
2e2e2c
2d2e2a
2d2c2a
2f2f2b
32322e
2f2f2b
2c2c29
272425
262325
3a3635
3c3834
38332c
34332a
282e23
1d2115
808376
b9b8af
574f4a
1c0d0d
453036
4b3a34
433426
463629
534436
58483a
4e3c2f
4f3d2e
523f31
574134
564a3b
3e3729
43382c
634f45
664f43
4e3b2d
503d2d
695343
5e4b3a
564233
503d2f
503e31
503d2f
514033
503f32
2e2828
2f2928
302a29
302a29
2f2a28
302a28
312b2a
312b2a
322a29
342b2b
362d2e
342d2f
322c30
332d31
322e30
302f31
302e30
312e30
332e2f
342d2d
352d2d
382b2d
382c2b
372b26
372c27
382c27
392e28
382d26
3b3028
3c3129
3b2f29
3b2e2c
3a2f2a
3c322b
3b332b
3a3028
383027
352d22
34261c
34231c
301f17
2b1c14
2c1c17
2c1c1a
2b1d1b
2b1d1b
2a1e1b
2c211c
2b221e
29211e
27201b
221b17
211c18
1f1917
201a18
1d1a17
1a1613
26221e
272522
0c0a05
858480
f4f3ef
f2f1ed
f2f1ee
f7f6f2
f8f8f4
f8f6f2
f7f5f2
f7f6f2
f6f5f1
f6f5f1
f1f0ec
f2f1ed
f2f1ed
f2f1ed
f2f1ed
f1f0ec
f1f0ec
f1f0ec
f1f0ec
f1f0ec
f1f0ec
f2efec
f1f1ec
f1f2ed
f1f2ed
f1f2ed
f1f2ed
f1f2ed
f1f2ed
f1f2ed
f1f1ec
f1f0ec
f1f0ec
f1f0ec
f2f1ed
f2f1ed
f2f1ed
f2f1ed
f1f2ed
f1f2ed
f1f2ed
f1f2ed
f1f2ed
f1f2ed
f1f2ed
f1f2ed
f2f3ee
f2f3ee
f2f3ee
f2f3ee
f2f3ee
f2f3ee
f2f3ee
f2f3ee
f2f3ee
f2f3ee
f2f3ee
f2f3ee
f2f3ee
f2f3ee
f2f3ee
f4f5f0
f4f5f0
f4f5f0
f4f5f0
f4f5f0
f4f5f0
f4f5f0
f3f4ef
f3f4ef
f3f4ef
f3f4ef
f3f4ef
f3f4ef
f3f4ef
f3f3f0
f3f3f1
f3f3f2
f3f3f0
f3f1ef
f7f4f2
f6f4f0
f6f3f0
f8f8f3
f6faf3
fafcef
fcfee8
ecebcd
bdbc93
a3a072
a9a879
6d734c
a3aa85
eff0cc
ffffe3
e7eac6
edeecb
ffffe3
e8e4b9
64592b
bcb286
ffffe0
fff8d5
fdf5d7
fdf4dc
fffce6
f4f1d1
f6eecb
fff7d8
fff8de
fff6e0
fff5d8
fff6d0
dac98d
988a3e
dbd19a
f5eecc
f3f0d9
f2f1db
f3f2da
f2f0d8
fcf1d2
e2ceaa
765e3b
c5b08f
fff5dc
f8f1dd
f7edd8
e1d2b5
ad9769
a98f5e
ae905e
ac9663
afa775
cdc290
ad8f5e
81683c
b7af83
e4dbb1
e0d7b1
afa686
d1c5a5
fff7d6
f9efcf
f8efd5
fffee0
fffed8
dcd9ab
949261
7a784c
abab7f
cec99c
d5cd98
bab37d
aea76e
98915c
c7be8f
fef6ce
fdf6d4
faeecb
f3eac3
e7eabc
edf2bb
f6f3b4
f0e3a6
8b7848
635125
aea468
ccc48f
dfd4ab
e3d5b5
ebdabd
f6e4c3
e9d6ae
cec08f
9f9463
9e936b
c0b396
e8ddcb
eee7db
ebe9e1
eaebe5
eeece4
e9e6dc
eae6df
eae5e0
e3deda
e2dbd9
e6e1df
e9e3e4
e5dee0
e4dbde
e5dddf
ede7e7
f6efef
fcf4f5
fffdfc
fffff9
faf6ef
f3eeea
cac8c5
979594
605f63
1c1c22
1a181d
2a2321
30262b
392e38
312a2d
2b2823
282823
242428
232328
232425
252527
242526
252526
252525
272728
2a2b2c
262828
252726
232426
232224
282728
2b2b2b
252222
232222
212623
20241d
a7aca1
d5d8cd
7f8079
161615
292429
2a292b
252626
222321
292928
292826
23221f
25231f
241f1c
2c221f
332a27
2b2220
2b2123
2f2625
302624
2f2422
2c231f
302a24
312d27
2a2622
2a2624
272522
242222
242223
252321
2a2523
2a2522
292421
282320
282320
292421
292421
2a2422
2c2521
2b2624
2c2725
2b2727
282727
262527
252426
242527
242626
252627
262525
262522
272522
282421
272522
242525
242625
232523
222420
21241d
20231d
20231b
23221f
262223
252222
1f1c19
151411
11130d
171913
282722
4c473e
57504a
5f5752
807874
978f8e
a39a9c
a49b9f
a29b9a
a6a19e
b0acaa
b2aeab
b6b3b0
b8b4b1
b3b1ab
b4b2ad
b2afab
b3afac
b2afac
aaa7a2
a3a09c
989692
8e8e89
93928e
b2b1ad
a8a8a3
a4a4a1
9c9b97
b6b5b1
cfceca
cecdc9
d7d6d2
e4e3de
ecebe7
f2f1ed
f2f1ed
f2f1ed
f2f1ed
f2f1ed
f1f0ec
f1f0ec
f1f0ec
f1f0ec
f1f0ec
f1f0ec
f1f0ec
f1f1ec
f0f1ec
f0f1ec
f0f1ec
f0f1ec
f0f1ec
f0f1ec
f0f1ec
f1f0ec
f1f0ec
f1f0ec
f1f0ec
f2f1ed
f2f1ed
f2f1ed
f1f1ed
f1f2ed
f1f2ed
f1f2ed
f1f2ed
f1f2ed
f1f2ed
f1f2ed
f1f2ed
f2f3ee
f2f3ee
f2f3ee
f2f3ee
f2f3ee
f2f3ee
f2f3ee
f2f3ee
f2f3ee
f2f3ee
f2f3ee
f2f3ee
f2f3ee
f2f3ee
f2f3ee
f2f3ee
f2f3ee
f2f3ee
f2f3ee
f2f3ee
f2f3ee
f2f3ee
f3f4ef
f3f4ef
f3f4ef
f3f4ef
f3f4ef
f3f4ef
f3f4ef
f3f4ee
f0f2ec
efefe9
f3f3e9
faf5ea
f2eadd
f9f0df
f1e7d6
d3bfa8
bca68b
d1bfa3
cdbf9f
beb08d
cbc49e
d8d4ab
dcd8ac
d4d0a0
9a9362
9a8c5e
b9a97e
b3a679
998b63
928658
85794f
453813
64572b
9b9060
b1ab76
dedaac
f4efcf
f0ecd5
eff6d9
f5f1cf
d6bf9a
bca079
a89269
b4a677
e2d49a
d0bf7b
cfc179
f5eab9
f5eece
f2eed0
f4efd0
f7efd4
fbecdc
fcf4e2
f3eace
f3e6c2
fcf1d0
f1ecd5
efeedc
f2edd6
fff5d9
e7d4b3
70521e
b3944f
ffecb5
ffffe0
ffffe8
d6b27d
d6ba7f
fffcc8
fef5c5
fff4cb
fffbd6
fffcd8
fff4d1
fff5d1
fbe8c5
ecdab4
ddd2a1
eae1ae
ece4b3
f5f0c9
fffce1
f6f0d9
faf0d8
fef5d4
f9efc2
e6dda7
8f834a
94874d
c7ba82
ecdba9
fef0c4
f2f1cb
f5f5cb
fffac6
baa870
978955
ede4b6
f9f3cb
f3edc8
f2ecca
f4edcc
f5eecd
efe8c5
f1ebc4
f9f2cf
fbf3d2
f4eac5
b1a57d
9c916a
d6cdab
c5c0a5
b0ad97
c1bba3
d8d2b8
d9d3ba
b2ac93
9f9981
a09a83
b0aa94
c5c1a9
d7d5bc
e8e5ce
dedac8
c2beb1
a7a39b
85817f
65615d
56524d
575551
53514e
5a5854
676563
5a5659
4f4c50
504e51
3e3f3f
1b1a21
0e0c16
18181d
262623
252421
242225
28272c
27282a
242528
242527
25262a
242528
28282d
2a2b30
25292b
24292b
25292a
27282a
27282b
29282d
27262b
25252a
1f2226
232825
a4aca2
cad4c6
869284
142219
1a2824
202729
23272b
262a2c
282a2c
28292a
2a2c2a
2b2c2b
2f2f2e
2f2e2c
322e2c
352c2b
322f2d
2e2f2a
30302d
34312f
36322d
35322c
31312c
2c2b27
2b2b29
282929
27272a
26272b
272829
34302f
332f2e
312e2e
312f2f
31302e
312f30
31302f
32302f
32312f
30302e
2e2e2d
302f2f
313030
2f2f30
2f2f30
2f3130
2f312f
2d2f2e
2c2e2d
2c2f2e
2b2f2c
292f2b
2b2e2c
2e2d31
2d2d30
2c2d2e
2c2d2d
2d2e2e
303030
333433
2e2d2d
292727
262224
484447
8b888b
bbb8bb
dfdbde
f4eff2
ffffff
ffffff
ffffff
ffffff
ffffff
ffffff
fefbfe
fdfcfc
fafaf8
fdfdfb
fafaf9
fbfbf9
fdfcfa
fefefb
fdfdfb
fdfcf8
fcfbf7
fffefa
fffefa
fffffb
fffffb
fffffe
fffffd
f2f2ef
ededea
e9e8e6
dededb
dbd9d7
dcdbd9
d9d9d6
d3d2d0
cac9c6
c3c2bf
e9e8e5
f4f3f0
f1f0ed
f1f0ee
f1f0ee
f0f0ee
f0f0ee
f0f1ed
eff1eb
eff0eb
eff0eb
eff0ea
eff0eb
f0f1ec
f0f1ec
f0f1ec
f0f1ec
f0f1ec
f0f1ec
f0f1ec
f0f1ec
f0f1ec
f0f1ec
f0f1ec
f1f2ed
f1f2ed
f1f2ed
f1f2ed
f1f2ed
f1f2ed
f1f2ed
f1f2ed
f1f2ed
f1f2ed
f1f2ed
f1f2ed
f1f2ed
f1f2ed
f1f2ed
f1f2ed
f1f2ed
f1f2ed
f1f2ed
f1f2ed
f1f2ed
f1f2ed
f1f2ed
f1f2ed
f1f2ed
f1f2ed
f1f2ed
f2f3ee
f2f3ee
f2f3ee
f2f3ee
f2f3ee
f2f3ee
f2f3ee
f3f4ef
f3f3f1
f3f4ef
f3f3ee
f3f3ed
f5f3eb
f5f4eb
f4f4eb
faf7f0
fffef5
f1f3e3
ccd2b8
ab9f80
b49671
b29667
c8b07f
c0a271
644115
7d603c
e7d7b6
f7f1d8
fffbe3
faf3d9
fef5cd
fff9c3
a69454
8f7c3e
dfcf97
decc93
9a8640
826a29
6e5521
674e1f
9b8757
938245
a29555
fdf1bd
fffbcf
f6ecb4
bcaf77
ad9b6c
cbb389
d6bc91
cdbb8a
d8c58e
a8985c
af9d5f
f0e6b3
faf3de
f1ebda
f6edd5
fceddf
feedd6
ece1bd
f1e8c0
fff2c9
fdf3cf
fffbdf
f9f6e1
f2efdc
efead5
f0e5ca
cebb93
beab68
af9e5f
c3b387
cdbc8a
96753b
88713d
a09a6a
a8a173
a19d6d
aca771
c2b97e
c1b279
ad9964
aa935b
948046
9b8c51
92874d
8f8552
9f9662
c9bc8d
f7eac4
f3ebd2
ede6ce
f0e8c7
fff7c5
aaa061
a29354
c5b47c
ab9f63
cac187
e6dba8
dbce99
d0ba7f
9d8649
f3e3ac
fef7cb
edeecf
f8f6d8
f5edbf
e9dda0
e7dca4
f9f0c9
f9f4d2
efeac9
f3eecd
fffcd6
e0d7ab
726531
958752
b8af80
b5b087
b0a87d
9e9366
968a60
dad2ab
f6f4d1
f1f0cb
dfdaaf
9a9061
70623a
928564
685f41
3f3722
675f45
827767
81736b
958b8a
aaa5a4
bcb5b3
d4cbc8
dad3d0
e3dad9
e7dedd
e7e0de
d3d4ce
afafad
8c8d8d
545656
181918
1e1e1d
29272b
2b2a30
28292e
26272c
25272a
24272c
24272b
252b2c
272c2d
262a2d
262a2c
262a2d
272a2d
292a2e
272a2e
27292e
25272b
1e2225
212727
a6ada9
c9d1cb
88938b
111d17
1d2926
232c2c
242a2a
262b2c
272c2b
272b28
292b27
2c2d28
2b2d28
2c2d2b
2e2d2a
302d2a
2e2e2a
2d2f2a
2e2f2c
30302f
31312c
32312b
2e2e29
2b2b27
2b2b29
292929
292a2b
29292c
2a292b
312f32
2f2d30
2d2c2f
2c2d2e
2b2b2d
292b2e
282c2e
282d2e
272e2e
282e2e
272e2f
2a2e31
2d2e30
2c2d30
2d2e30
2e3131
2f3130
2b2f2e
292d2d
29302d
2a3230
2c3632
2d3433
2d3130
2e3231
2e3231
313534
2c302f
262a29
1c2120
161816
242623
21221f
383937
6f6e6f
7a787a
747275
6a686b
818181
a5a5a4
afafae
c0c1c0
e2e2e0
f1f1ef
fffffe
fbfbf8
f7f7f5
ececea
e7e7e5
ececea
ededeb
ededeb
ededeb
ededeb
ededea
ecedea
ecece9
ededeb
ededeb
ececeb
ededeb
f0f0ee
f1f1ef
f2f2f0
f4f4f2
f5f5f3
f4f4f2
f5f5f3
f7f6f4
f7f7f5
eeedeb
f3f2f0
f1f0ee
f0efed
f1f0ee
f1f0ee
f0f0ee
f0f0ee
f0f1ed
eff1eb
eff0eb
eff0eb
eff0ea
eff0eb
eff0eb
eff0eb
eff0eb
eff0eb
eff0eb
eff0eb
eff0eb
f0f1ec
f0f1ec
f0f1ec
f0f1ec
f1f2ed
f1f2ed
f1f2ed
f1f2ed
f1f2ed
f1f2ed
f1f2ed
f1f2ed
f1f2ed
f1f2ed
f1f2ed
f1f2ed
f1f2ed
f1f2ed
f1f2ed
f1f2ed
f1f2ed
f1f2ed
f1f2ed
f1f2ed
f1f2ed
f1f2ed
f1f2ed
f1f2ed
f1f2ed
f1f2ed
f1f2ed
f1f2ed
f1f2ed
f1f2ed
f1f2ed
f1f2ed
f1f2ed
f1f2ed
f2f2f0
f2f2f1
f2f3ee
f3f2ed
f5f4ec
f6f3ea
f6f3e7
f3f5e9
e5e8e1
bfbcb6
a9ad9e
d8e1c8
fbf2d4
d6b391
9a7c4e
b6ae7d
d5cc9d
ead6ab
fee9c7
fff7e1
f7efe2
f1e8da
f8eede
f3f0d8
d5cea2
cabd81
fbf0b7
fffdcf
c2b182
d2ba7b
fcd08f
9d6430
d4b991
ffffda
fff3cb
ad8b59
ac844c
d2b277
967a34
b6a668
fffccf
fffddd
fff5d5
fff5d1
fff0cb
fff6ce
e4d39d
c2b278
efe3bc
f3eed2
efedd3
ede8c7
bdb27a
a49450
c2af6c
cfbe7e
d6cb8f
beb179
d0c291
f5edbd
fffacb
fff4cd
fff6d4
fffbc0
c9b674
6e5820
9c863f
ddc684
e7d49c
cfc68c
c9bd87
d7ca8f
ebde99
a5944f
856e33
c3a778
eed9ad
f4e5bb
f6ebc4
f2eac4
efe7c1
cbbe94
867344
978553
fff8c4
fff5cb
fcefc7
f8edba
beb177
e5d5a1
feefca
e9e0b0
908955
7f7244
ab9b65
a59354
83722d
c4b373
dbcb94
cabc8c
a99c63
98884d
867542
8a7844
9a8750
c0ae7f
ecd9b1
dfcda7
baae89
665630
715a2e
f7e1af
fff8ca
fef7ce
f5f1c5
e6dfb0
a79b6e
a0986d
a7a27b
a8a278
b7a872
c5b378
dcce9c
ead8b2
c9b596
a28f70
b9a988
d1c3a6
eee0ce
e6e4db
dee1dc
dee0da
dbddd7
d9dcd6
d7dad4
d6d8d3
d6d7d2
dadbd4
dfe1da
e3e5df
e0e1df
959798
36393b
13171a
26282d
26272e
24272d
24272c
24282b
24292a
222b2a
222b2a
262a2d
262a2d
262a2c
252a2e
272b2e
262a2d
25292d
24282c
1c2323
1e2524
a6adac
cad0d0
8b9292
141c1c
212827
222a2a
222a29
222a2a
232b29
262c2b
252c2c
262c29
262b2a
282b2e
292b2d
292c2e
2a2d2d
2a2c2b
292c2b
272a2a
272b29
272c29
282c2a
272b2a
272b2c
262a2c
26292d
26282c
26282c
2d2e30
2b2c2e
292b2c
292b2d
292c2e
292e2e
2a2f30
293030
27312f
283231
293231
2b3231
28302f
282e2f
282d2e
2e3232
303432
2f3431
2e3331
2e3432
2d3331
2f3532
2f3532
303232
353837
313332
181c1b
282b2a
353836
4e5150
979897
c0c0be
c4c4c2
babab8
a5a4a3
969595
858284
787577
727271
696968
5b5c59
41423f
464644
565553
737472
a2a2a0
c9c9c7
f0f0ee
ffffff
f9f9f7
f0f0ee
f0f0ee
f0f1ee
f1f1ef
f1f0ef
f1f1ef
f1f1ef
f0f0ee
f0f0ee
f0f0ef
f0f0ee
f0f0ee
f0f0ee
f0f0ee
efefed
efefed
efefed
efefed
efeeec
efeeec
f1f0ee
f0efed
f0efed
f1f0ee
f1f0ee
f1f0ee
f0f0ee
f0f0ee
f0f1ed
eff1eb
eff0eb
eff0eb
eff0ea
eeefe9
eeefea
eeefea
eeefea
eeefea
eeefea
eeefea
eeefea
eff0eb
f0f1ec
f0f1ec
f0f1ec
f1f2ed
f1f2ed
f1f2ed
f1f2ed
f1f2ed
f1f2ed
f1f2ed
f1f2ed
f1f2ed
f1f2ed
f1f2ed
f1f2ed
f1f2ed
f1f2ed
f1f2ed
f1f2ed
f1f2ed
f1f2ed
f1f2ed
f1f2ed
f1f2ed
f1f2ed
f1f2ed
f1f2ed
f1f2ed
f1f2ed
f1f2ed
f1f2ed
f1f2ed
f1f2ed
f1f2ed
f1f2ed
f1f2ed
f0f1ec
f1f1ef
f1f2ee
f1f2ed
f2f2ed
f4f3ed
f6f2eb
f4f1e8
fdfcf4
b4a69f
270604
816057
fff6e1
e0c7b0
d3b79e
f9eecf
fffbdb
fff0d0
dabd9d
9d745a
a07c6a
e8cec1
fff9ea
f9eed8
f2f1d7
e5dfb9
f3e4b5
fff8ce
fff4d3
b89f7f
5b3916
60330d
c09779
fffdd9
e5eac2
f1e7be
dec096
d5b38a
e4c99c
ba9861
e6cc9c
fdf7d4
edeecf
f0efcd
f6edc9
faeac6
f5e8c8
fff4dc
d2b992
c3ab6e
f2e8be
f9fae3
e9e7b5
ceba74
f5e0af
fae9c0
bfab7d
8d7a48
bdab70
d8c683
baa55b
a08c42
b99c66
dcc39d
d5c18c
98844e
d8c79a
fff7b3
d2c47a
9e8d4e
aa985a
a89156
a48a4e
a6884c
7f6528
d4bd8e
fff2d2
f7ebcc
f4ecd0
efe7cf
f2ecd7
f4ebd6
fff2d7
f5e3c3
77603d
876f44
b89e74
e6ce9e
f7e4ab
82703d
6d5e32
d5c898
f4e8be
f0e7c4
ede6ca
f8f5d3
f2efc0
92884c
978644
957b3d
815826
c9ae70
dccd9b
efe4c6
ebdfb9
d5c288
b1935e
775423
7a5b2a
9a8357
d8c597
b9a273
725a28
867447
898059
7e794b
74693a
807142
9b9063
a69f76
b1a57b
b39e6c
897739
9b8f51
ffe6b8
efc3a7
714026
7a4f2f
987c57
ad9f7b
ccc8b9
d6d4d2
d8d6d2
d7d6d4
d6d5d3
d8d4d2
dad4d1
dad5d1
dad8d4
d6d7d2
d2d3cf
d4d4d3
e0e1e0
ced0cf
646768
18181d
222528
222628
212427
222728
232929
222a2a
222b2a
252b2c
262b2c
252a2d
252b2d
262c2d
252b2c
262b2d
232a2b
1c2524
1c2524
a1aba9
c7d0cf
889190
16201e
1f2827
222928
232928
242829
25292b
272b2f
252c30
242c30
242d33
262c34
262c33
262d31
262d2f
262e2c
272e2c
29302b
2a302d
292f31
292e30
282d2f
282c30
272c2f
282c30
282d30
272c30
323838
303636
2f3535
2f3536
313737
313837
323837
323939
303a38
323c3b
333d3c
323b39
323b39
363d3d
393e3e
383e3b
373e39
393e3a
393f3b
373d39
393f3a
343a35
363b36
373838
232423
1b1c1c
656766
c0c2c1
dbdcdb
e4e6e5
e8e8e7
e2e2e0
e2e2e0
e5e4e2
ebe9e7
ebe8e8
eee9e8
eeebea
eaeae7
e7e8e6
e6e6e4
dbdbd9
ccccca
babab8
878785
626160
383836
474644
797978
c6c6c4
f2f2f0
f1f1ef
eeefec
efefed
f0f0ee
f1f1ef
f0f0ee
f0f0ee
f0f0ee
f0f0ee
f0f0ee
f0f0ee
f0f0ed
f0f0ee
f0f0ee
f0f0ee
f0f0ee
f0f0ee
f1f0ed
f1eeed
f0efed
f0efed
f0efed
f0efed
f1f0ee
f1f0ee
f0f0ee
f0f0ee
f0f1ed
eff1eb
eff0eb
eff0eb
eff0ea
eff0eb
eff0eb
eff0eb
eff0eb
eff0eb
eff0eb
eff0eb
eff0eb
f0f1ec
f0f1ec
f0f1ec
f0f1ec
f1f2ed
f1f2ed
f1f2ed
f1f2ed
f1f2ed
f1f2ed
f1f2ed
f1f2ed
f1f2ed
f1f2ed
f1f2ed
f1f2ed
f1f2ed
f1f2ed
f1f2ed
f1f2ed
f1f2ed
f1f2ed
f1f2ed
f1f2ed
f1f2ed
f1f2ed
f1f2ed
f1f2ed
f1f2ed
f1f2ed
f1f2ed
f1f2ed
f1f2ed
f1f2ed
f1f2ed
f1f2ed
f1f2ed
f1f2ed
f1f2ed
f1f2ed
f1f2ed
f2f1ed
f3f2ed
f6f2ed
f4f1ec
fffbf3
bea191
884439
aa5d4a
965639
884428
c8876e
ecc0a6
cd8d72
924730
9c4928
aa5536
792a14
5d2214
997a62
f7eaca
ffffe5
fff8dc
fde9cc
cab498
9a846d
aa8e7d
b18f83
6a4b38
6c563b
dac4a4
fff6d2
fbf2cb
fff9d6
fff3d9
e5beaa
9c694a
94664a
f5dbc4
fdf8df
edf3d3
edf0ce
f4eccd
f5eccd
f9f8d6
f6e6b5
c8b261
fff2b2
eedeb3
b9a460
a07d30
dac893
f8f3cd
f8f0ca
f9eecd
fff4d3
fff0cc
dac09b
c3a378
caa16b
76502a
947b4c
ddcda0
fff8d2
ded393
b4a659
e5d6a1
fff3cd
ffeeca
fee6be
e5cd9d
806c33
bbaf79
fffdd2
efeac5
ede9c7
f1ebce
f1ead3
f3e9d2
f5e7cc
fbebcc
ecd8b4
c0aa7b
b09761
92763b
76591f
988256
e2d3af
f0e7c3
f3e8bd
f4e9c2
f0ebd1
eae9d0
ebe7c5
eee3b6
fffbcc
c1a06e
a67d4d
ffecc9
f6eacd
ebe8c9
ebe5c8
fae9cd
ffedc2
b69053
aa8a4b
f9e5af
f6e9b9
efe0af
bdaa7a
cfbf94
f9eec7
fce7b6
b89d69
bb9f6c
ffebbf
f9f0cc
f7f1ce
faefcb
f2e0b0
bfa76e
9e6c48
8f4430
802a15
95492f
c68e70
b28c6d
dac6b7
e5d6d2
ddd1d0
d8d0d1
dad5d8
d7d1d4
d9d2d3
dad2d3
d7d4d1
d6d5d1
d6d6d3
d5d5d3
d2d1d0
d4d6d5
dadbda
787878
161919
202423
26292a
202525
212828
212a29
202928
1e2726
1e2725
1f2827
202927
202827
1f2827
212928
1f2827
1b2524
1a2423
a1abaa
c9d3d2
879190
182120
1e2928
202726
242729
27282a
27262b
28262d
26262e
24272f
21272f
22252d
23252d
26292e
26292c
252a28
282c28
272c26
272a29
28292d
27292d
27282a
232427
232425
232526
242628
242629
1d2827
1d2826
1d2726
1e2827
1d2625
1f2726
232929
1f2626
1f2626
1c2323
1a2121
1b2123
1b2122
1e2123
1f2123
1a211d
18231a
1b231c
1d251e
1f241e
1f251e
232721
272a26
141314
333333
aeaeae
e8e8e8
e0e0e0
dddddd
dcdcdb
d9d9da
dbdad9
dbdbd9
dcdad7
dcd8d5
ddd9d5
dcd6d3
dad6d2
d6d6d3
d6d8d5
d8d8d6
dadad8
dfdfdd
e1e1df
eaeae8
e8e7e5
d8d8d6
aeaeac
71716f
343432
787775
e5e5e3
efefee
f2f2f0
f0f0ee
efefed
f0f0ef
f0f0ee
f0f0ee
f0f0ee
f0f0ee
f0f0ee
f0f0ed
f0f0ee
f0f0ee
f0f0ee
f0f0ee
f0f0ee
f0efed
f1eeed
f0efed
f0efed
f0efed
f0efed
f1f0ee
f1f0ee
f0f0ee
f0f0ee
f0f1ed
eff1eb
eff0eb
eff0eb
eff0ea
eff0eb
eff0eb
eff0eb
eff0eb
eff0eb
eff0eb
eff0eb
eff0eb
f0f1ec
f0f1ec
f0f1ec
f0f1ec
f1f2ed
f1f2ed
f1f2ed
f1f2ed
f1f2ed
f1f2ed
f1f2ed
f1f2ed
f1f2ed
f1f2ed
f1f2ed
f1f2ed
f1f2ed
f1f2ed
f1f2ed
f1f2ed
f1f2ed
f1f2ed
f1f2ed
f1f2ed
f1f2ed
f1f2ed
f1f2ed
f1f2ed
f1f2ed
f1f2ed
f1f2ed
f1f2ed
f1f2ed
f1f2ed
f1f2ed
f1f2ed
f1f2ed
f1f2ed
f1f2ed
f1f2ed
f1f2ed
f2f1ed
f3f2ee
f5f2ef
f5f0ee
fefcf3
b8a48c
8a452f
f09572
cc7543
bd5928
b13b17
b53d1e
cc5a35
e37548
fa8d5a
fc8c60
bc5236
a25441
7b563f
6a6240
a89e7d
af9a80
8f7760
937f68
d7cab4
fff4e6
fff6f3
feede4
cbb49f
7f5643
9d7364
dabdae
cda797
a15946
891e09
983d1b
914229
7f3827
cea590
fff8d5
fdf9d2
fdf4d2
fff6d9
fff6d4
b4a17f
705831
936f4a
a0714c
cda678
ceb280
e9deb0
f3f1c8
f0f0c9
f3f1cc
f2eac6
f6e8c1
fffdd1
f7dba9
a0794a
d0b191
f7e7b8
f7f2c2
fbf3cd
d9cf90
907e41
dcc9a0
f3e5c9
f4e3ce
f7e6ce
fdf1cb
e2d7a1
897f43
b7af73
f8f2be
f3edbf
f2e8c4
f1e5c9
f5e8ce
f6e8cc
f6e7c8
f6ebcf
faf0d9
fffbd1
d2bc84
997c46
fce5b9
fcedc5
f3edc4
f4eabe
f4e8c3
f0e7ca
f1e7cc
f5e7c4
f8e5bc
ba9c75
805c37
cab28d
fae5cb
f7e7c9
f6eabf
fceccc
f1dcc9
f9e2c7
f8dca6
a78949
decc9b
eee2bb
edddb9
feebc5
ffe9c6
9f8468
68452b
603a12
cfac7f
fff2c9
eee2c1
e7e0c4
f0e9cc
ffe9c3
c89469
702307
b55132
e57453
9f3515
6e1603
c9816e
d4a892
7e5e49
7c6556
cdc1b6
ded9d2
d4d3cd
d3d2ca
d2d0c9
d9d5d4
d9d5d4
d7d4d3
d8d7d5
d7d7d4
d1d1cf
d2d2d0
dddeda
7d817c
181d19
1e2220
383c3b
444c4b
3b4443
3e4746
404a47
3f4845
3e4844
3c4643
3d4744
3d4744
37413c
343e3c
192323
1d2625
a2acab
c5cfce
899392
182221
212b2a
353f3e
373a3b
363437
352b30
352a30
332b30
312c30
312f32
342d32
322c2e
363132
33302f
35302f
33302d
34312d
3a3334
3b3338
362e33
3a3336
3b3436
3b3334
3b3333
3b3334
3b3333
424d4a
414c48
3f4947
414947
444c4b
444b4b
46494a
454949
4d5051
535758
4f5253
545757
575857
585858
585858
505750
4f5750
4f5750
525751
5a5c57
5c5e59
51524d
232420
717171
d0d0d0
e9e9e9
dbdbdb
dbdadb
dddcdd
dcdbdb
dcdadc
dddbdc
dddbd9
dfdbd9
e1ddda
e2ddd9
e2ddd7
e2ddd8
dfdddb
dddbda
dbdad8
dad9d7
d7d7d5
d8d7d5
d3d3d1
d5d6d3
dcdcda
e6e6e4
f0f0ee
d7d6d4
bcbbb9
d6d6d4
e6e5e3
ecebea
eeeeec
f0f0ee
f1f1ee
f0f1ee
f0f1ee
f0f0ed
f0f0ee
f0efee
f0f0ee
f0f0ee
f0f0ee
f0f0ee
f0f0ee
f0f0ee
f0f0ed
f0efed
f0efed
f0efed
f0efed
f0efed
f1f0ee
f1f0ee
f0f0ee
f0f0ee
f0f1ed
eff1eb
eff0eb
eff0eb
eff0ea
eff0eb
eff0eb
eff0eb
eff0eb
eff0eb
eff0eb
eff0eb
eff0eb
f0f1ec
f0f1ec
f0f1ec
f0f1ec
f1f2ed
f1f2ed
f1f2ed
f1f2ed
f1f2ed
f1f2ed
f1f2ed
f1f2ed
f1f2ed
f1f2ed
f1f2ed
f1f2ed
f1f2ed
f1f2ed
f1f2ed
f1f2ed
f1f2ed
f1f2ed
f1f2ed
f1f2ed
f1f2ed
f1f2ed
f1f2ed
f1f2ed
f1f2ed
f1f2ed
f1f2ed
f1f2ed
f1f2ed
f1f2ed
f1f2ed
f1f2ed
f1f2ed
f1f2ed
f1f2ed
f1f2ed
f1f2ed
f2f1ed
f3f2ef
f5f2f0
f5f0f0
fff8f4
ccab9d
913e27
ee8863
f59d61
f59953
f8894e
f5804e
fa8d55
f99352
f28e4b
ec8046
ad3d1d
e39482
fff2de
c1bba3
9d9476
ab9b84
ded0be
fffcea
f5f8e4
e9efe2
edeceb
eaeff4
f7fefd
f4e9da
aa8e77
763e2a
85321e
ad472a
e2764b
fd915e
fa8b62
cb6043
873418
966444
e0c097
e6c8a5
c49b7e
975f3d
60371d
3c1715
632f25
7b3d22
ebc1aa
fffae1
f4eaca
f6efd0
f4f1d3
f1ecce
fcf0d1
fff1cd
c5b287
6e542b
533312
b3987c
f1e4b7
f1edba
eae6ba
bdb376
af9862
e9d1a7
fceac3
fff1d2
faebce
feefcd
fff3c4
e7d99b
9b8c47
867a45
dbd0a3
f0e7c2
f7eccc
f8e9ce
f5e6cc
f6e3ca
f8ebd8
f8f7e6
f4ebc5
d0bd86
795e31
e2caa5
f9ebc9
efeac4
f1eac8
f7e7cd
ffecd1
ffe7c7
ffedc3
d7b988
b49165
edd3b0
f5e7cd
fee6bc
a48055
643f23
ab8964
fde5bf
fff4dd
e1c49a
a8874a
ecd7af
f4e2c8
f9e4cc
ffe5ca
8d634f
68412f
9f7f75
805f4c
68472c
ad9578
eddabb
ffebcf
e4cba9
93653b
8a3c0f
c7673a
f07b4c
f57643
ec703f
b3421f
8a240f
9a4121
832e0e
8d482c
e5b49d
d5b09f
bd9f91
b69c8d
bca89d
d5d0d0
d9d5d4
d7d3d2
d8d7d5
d7d5d3
d5d4d2
d2d3d0
d0d1cc
dbddd7
8b8f8a
191e19
303432
545a5a
545a5a
5b6361
58615e
5c6662
5c6662
5b6662
57625e
59635f
4e5854
56615d
26312f
222d2b
a4aeac
c6d1d0
96a09f
1f2928
283231
434c4d
4d5153
4c4648
594a4d
58474a
584647
574848
574948
594b4b
5a4d4b
584b49
5b4d4c
5b4d4c
5a4b4c
605051
635254
614e52
655457
5e4d4e
605050
604f4e
60504f
5e4d4c
5c4c4c
7d7f75
7d7f75
7b7c75
7b7c75
7b7c76
767772
7c7c77
81817d
807f7b
83827e
858580
87877f
8a8b81
898a80
8b8d81
898c83
8b8e85
888c82
888a82
6b6b63
807e78
22201a
676661
f1f1f1
dededf
d9d9d8
dddcdc
dddcdc
dedcdc
e0dadb
dedbd9
dcdbd8
dcd9d7
dad7d3
d4cfca
cbc4bd
cbc4bc
d6cec7
e0dbd7
e0dbd8
dfdad7
dedbd8
dcdbd9
dcdbd9
dcdcda
dcdbd8
dddad7
dad9d5
d8d6d3
dedcd9
e3e1de
dddbd8
dbd8d5
dcdcd8
e6e5e1
efeee9
f2f1ed
f0efea
f1f0eb
f0efea
f2f1ed
f0eeef
f0eeef
f0eeef
f0eeee
f0efed
f0efec
f0efeb
efeeec
efeeec
efeeec
efeeec
efeeec
efeeec
efeeed
f0efed
f1f0ec
f1f0ec
f1f0ec
f0efeb
f0efeb
f0efeb
f0efeb
efefeb
eff0eb
eff0eb
eff0eb
eff0eb
eff0eb
eff0eb
eff0eb
eff2ec
eff3ec
f0f3ec
f0f3ec
f1f2ec
f1f1ec
f1f1ec
f2f1ec
f1f0ec
f1f0ec
f1f0ec
f1f1ec
f2f1ed
f2f1ed
f2f1ed
f1f0ec
f1f0ec
f1f0ec
f1f0ec
f1f0ec
f1f0ec
f1f0ec
f1f0ec
f1f0ec
f1f0ec
f1f0ec
f1f0ec
f1f0ec
f1f0ec
f1f0ec
f1f0ec
f2f1ed
f2f1ed
f2f1ed
f2f1ed
f2f1ed
f2f1ed
f1f1ed
f0f1ec
f0f1ec
f0f1ec
f0f1ec
f1f2ed
f2f2ed
f0f1ec
faf6f5
dcb9aa
a34c24
e87a55
f3905f
f08c44
f88744
f68242
f68546
f38847
ee9047
f38d4b
be481c
cf8466
fbead5
fdf2eb
fffaf6
fffbf7
f9f4f2
edeae9
ecedea
edefee
eeeff0
ebeff3
ebeeef
f7f1ec
fffff1
e9c1ae
a84f3b
eb805f
fa9a67
f48e4d
f08245
f08650
f08c5c
a64d23
833112
7f2f15
89350b
b85923
e5966a
803c24
d9a18d
dfb7a1
724a35
ccb195
fff9dd
f6eed0
efedcd
fff4d7
eacfb8
88604d
81644b
cdc09f
e9d7bd
977a65
76583c
fae6bb
f6edb6
cab983
f2d8ac
ffebcf
ecccad
ac875d
7a502d
a97959
f4c9aa
fff0bc
c6ba6f
a08e59
ede1b6
f4f0c5
d3cea1
d2c497
fbe8c1
fff1d4
d7c3ac
817455
5e5332
574616
b39b71
ffeecf
f6ebd0
eeeacb
f7eecc
f9d9b7
da9c7b
a55735
b16e44
814f24
ddb88f
fff9d8
ffe6c6
b47652
772b00
905028
642b11
834b35
c6a085
be9b69
e9cc90
f5e5c5
faead7
fce1cc
7b523e
6a4533
f3dece
fff2ec
ffeee0
c7a38d
532a19
71402c
9c5e48
893e1f
994814
d17835
e77a3d
ea6a33
f16530
f36735
f4713f
db6333
ec7d52
d55638
c75d3d
e2a881
bd8a6b
cd9d86
ccab95
b59d8d
bbb8b3
d6d4d0
d4d3cf
d6d5d1
d6d5d2
d6d5d3
d6d4d2
d4d3d0
d2d3ce
e1e2dd
8c8d88
161914
292b28
565855
5b5f5a
595f5d
585f5c
5b615e
5a615d
5b635c
545b55
515851
6f7870
263129
1c2721
aab4b0
c1cac8
a5adae
242b2c
262d30
4b5255
5c5e60
5a524f
665550
634e46
675049
664f49
66514b
68544e
6b5750
6a554e
6e5852
6f5652
745b57
735955
725a54
6c5651
6f5954
6c5751
6e5a54
66534d
64524d
64514c
65544e
8b8473
888070
837a6c
888072
877f71
857c70
887f74
857d70
807a6c
827c6e
807b6d
7b7769
7c786c
7c786b
7c796d
7d7d72
797a6f
7a7b71
7b7c71
93938b
393730
39352f
cbcac4
dcdbd8
d9d9d7
dcdbda
dcdbd9
dddbd9
dfdad9
dfdad9
dedcd8
dedcd9
dcdad6
bebab5
bcb8b1
bfb8b2
afa9a2
aea7a0
cbc6c2
ddd8d5
dedad7
dedbd8
dedbd7
dcdbd8
dbdbd8
dcdad7
dedad6
dedad6
ddd9d5
dbd8d4
dad6d2
dad6d2
d9d5d1
d7d6d1
dad9d4
e0dfda
eae9e4
f0efea
f1f0eb
f0efea
f2f1ed
f0eeef
f0eef0
f0eeef
f0eeee
f0efed
f0efec
f0efeb
efeeec
efeeec
efeeec
efeeec
efeeec
efeeec
efeeed
f0efed
f1f0ec
f1f0ec
f1f0ec
f0efeb
f0efeb
f0efeb
f1efeb
f0efeb
eff0eb
eff0eb
eff0eb
eff0eb
eff0eb
eff0eb
eff0eb
eef2eb
eef2ea
eff1ea
eff1ea
f0f0ea
f0efea
f0efea
f0f0eb
f1f0ec
f1f0ec
f1f0ec
f1f0ec
f2f1ed
f2f1ed
f2f1ed
f1f0ec
f1f0ec
f1f0ec
f1f0ec
f1f0ec
f1f0ec
f1f0ec
f1f0ec
f1f0ec
f1f0ec
f1f0ec
f1f0ec
f1f0ec
f1f0ec
f1f0ec
f1f0ec
f2f1ed
f2f1ed
f2f1ed
f2f1ed
f2f1ed
f2f1ed
f2f1ed
f0f1ec
f0f1ec
f0f1ec
f0f1ec
f1f2ed
f1f2ed
f0f2ec
f7f5f3
dcbdac
a14c1f
e1714e
f0895a
ee863d
f98341
f98142
f58042
f78645
e7883c
fb9450
d1582b
cb8162
fcebd5
f7e9e5
f0e9eb
eeeaec
eeeced
efedee
efedef
eeeeef
eeeeef
efeff0
f3eff0
f4eced
f5efe9
f7d7cc
933c2f
d26146
f18e5f
ed874c
f38849
ed8043
f28445
fb8c4b
f1813e
ed7d3b
f78a48
ea8044
f29160
954222
c0846f
ffead7
ddc8b4
7e654f
987f6c
f4e7cc
ffffdf
dcceab
6e4d33
ac8976
fff0db
f9f4e0
f4ede0
fff2e8
aa8b80
7f5e43
ead3aa
f4d7af
b48365
934d3d
903b24
954216
a74e1f
9d3a16
ad4b32
c27757
9a5f2e
e7c18b
ebd29e
af9a6a
a59061
cab384
a8956d
534a31
675e47
a4937f
c3b59c
9b8e71
8c7b63
c4af9d
f4ddc6
ffefce
ecba92
b25f34
a83b11
cb5023
c15022
a0421a
a6582f
c1805c
aa5f41
892c0c
cb6c39
e78c59
c96448
801d10
501100
613e1b
c3a684
f1e2ce
d2c5b6
604632
765845
edd7c7
f2eae4
e3e3df
f0e5d8
fcd6c2
9e5a48
832417
962917
d66041
ef7b4a
e77937
e87134
ed6c33
f16933
ef6732
f16d37
f6753e
ed784a
d35031
be5333
e1af87
c79d7d
c8a18a
baa58f
aea08c
c7c4be
d5d5d0
d4d3cf
d5d4cf
d5d4d1
d6d5d3
d5d4d2
d5d3d1
d4d5d0
d4d4cf
dfe0db
535650
151711
494b46
61645e
5e6360
5f6561
5c625e
606661
626961
50574f
585f57
79827a
28332a
1b251f
a9b3af
bec8c5
acb5b7
30393a
262e31
65696e
6d6c6d
706861
78665b
715a4a
745a4a
755e4f
766050
7b6250
7d6350
7a614f
78614d
79624d
79624f
77604b
78614f
786252
745e4e
786254
725e50
685548
6a564a
6c5a4e
6f5e51
958169
97846c
9a856c
8f7b65
94816b
927e6a
8f7b68
917e69
897963
8d7e69
8f7f6b
887c6a
8a7f71
857a6c
867c6f
827e72
7e7e71
7e7d72
86847b
6c6861
1b1813
b1aeaa
e5e2de
dbdad6
dcdbd8
dddbd8
dedad8
dfdad8
dfdad8
dfdad8
dedad6
e1ddd8
d4d1cc
aea9a5
b0aba6
b1ada8
b2ada8
afaba6
cac6c3
dfdbd8
dddad7
dedbd7
dedad6
dddbd6
dfdcd7
dfddd8
e1ddd8
dfdcd7
e0ddd7
dfdbd6
e0dcd8
dbd8d3
d8d5d0
d9d8d3
d8d7d2
d7d6d1
dbdad5
e5e4df
efeee9
f1f0eb
f0efeb
efedee
f0eeee
f0efed
f0efec
efeeeb
f0efe9
f0efe9
eeedea
efeeec
efeeec
eeedeb
eeedeb
eeedeb
eeedec
efeeec
f0efeb
f0efeb
f0efeb
f0efeb
f0efeb
f0efeb
f1eeeb
efefeb
eff0eb
eff0eb
eff0eb
eff0eb
eff0eb
eff0eb
eff0eb
eff1ea
eff0ea
eff0ea
f0efea
f0efea
f1efea
f1efea
f2efeb
f1efed
f1f0ec
f1f0ec
f1f0ec
f1f0ec
f1f0ec
f1f0ec
f1f0ec
f1f0ec
f1f0ec
f1f0ec
f1f0ec
f1f0ec
f1f0ec
f1f0ec
f1f0ec
f1f0ec
f1f0ec
f1f0ec
f1f0ec
f1f0ec
f1f0ec
f1f0ec
f2f1ed
f2f1ed
f2f1ed
f2f1ed
f2f1ed
f2f1ed
f2f1ed
f0f1ec
f0f1ec
f0f1ec
f0f1ec
f1f2ed
f1f2ed
f1f1ec
f7f4f3
dec0af
9e4a1b
de6e48
ee8754
eb8439
f88240
f78042
f57e3f
f78340
ec8b3e
fb924e
cf5427
ce8162
ffecd8
fbebe7
f3eced
f1edef
f1edee
efedee
eeefed
eeeeed
eeeeed
eef0ee
f1f0f2
f1eef2
f2efed
fadbd7
a14b44
c5533e
f68f65
f1844e
f78548
f2803f
f27f38
f58234
f88333
fa8332
f88539
ea7739
f88f60
9d4123
c78974
fae1d1
fcf1e1
f4e9dc
7d6055
5e493a
847863
594828
b49e80
fff1df
f4e6de
ede9e5
ede9e3
fae7e6
e3bfba
5b2312
7a3518
9f5031
862c11
92260d
ce5632
f4854b
ff8d4f
ef713f
bf3f1d
981f08
993117
ad6c3b
bd9560
d1c090
fffdd1
e2d7b0
403119
7d6b60
eeded9
fff7f1
fef1e8
fdf4ed
e4dbd7
b3a29d
8e6e61
7c4f3e
a8411b
ca4c1b
e67137
f07e3b
f3853f
f78749
f07844
be4315
b23d12
ec7d47
e37d3d
e57740
e25c3d
9c1e12
945444
a78a7d
7a5d58
4f3d37
3e3328
a29282
fdecdc
efe6df
e3e1e6
e5e5e5
ecece0
eecdbf
933a2f
c9503f
f67c5b
f27448
ed6936
f16c32
f06e34
eb6e33
eb6d33
eb6c33
ee6c35
f36d38
f07647
cf4b2a
c25b3d
f3caa6
dfc2a6
d2b9a5
cac5af
d2cebd
d7d4cf
d5d4d0
d5d4d0
d9d8d4
dcdbd7
d9d8d5
d6d5d3
d4d4d0
d1d3cd
d4d1ce
e0ddd9
b8b8b3
21241f
232a23
5c655d
626864
5e6460
636963
646b64
656b64
545b53
636a61
7c857c
263027
222c25
acb7b2
bdc8c6
acb6b7
2d383a
273337
707779
72716e
7c726a
827060
79634d
7a6149
7b644c
7c644d
83654f
7f624b
7c604a
7c624a
796349
796449
79644a
7c654c
806851
7d654f
816b55
836f59
826e58
7c6a55
75634f
725f4c
9e8469
9d8469
9d8469
a1876f
9e866e
9d846d
99816a
998068
957f65
99836a
9a866f
8f7e69
928371
968878
8e8272
8a8376
8d8a7d
888479
88847b
312e27
4b4744
e3dedc
d9d6d3
dcdad5
dddad5
dedad5
ded9d5
ded9d5
dfdad5
e0dad6
dfd9d4
ded7d0
d9d4ce
d7d2cc
cdc9c4
b9b6b1
c1beba
d6d2d0
dad9d7
dedcda
dddad6
dedbd6
dddbd4
dfdbd4
dcd7d0
d1cdc6
ccc6c0
c0bbb5
bbb5b0
aea9a3
bcb7b1
d5d0c9
dcd7d2
d9d7d2
d8d7d2
d8d7d2
d7d6d1
dad9d4
e6e5e0
efeee9
f0efeb
efedeb
efeeec
efedea
eeede9
eeede9
efeee9
eeede8
eeede8
eeede9
edece9
edece8
edece9
edece8
edece8
edece8
efeeea
efeeea
efeeea
efeeea
f0efeb
efeeea
f0edea
efefeb
eff0eb
eff0eb
eff0eb
eff0eb
eff0eb
eff0eb
eff0eb
eff0ea
f0efea
f0efea
f0efea
f2efea
f2efea
f3eeea
f2eeea
f0efec
f0efeb
f0efeb
f0efeb
f0efeb
f0efeb
f0efeb
f0efeb
f0efeb
f0efeb
f0efeb
f0efeb
f0efeb
f0efeb
f0efeb
f0efeb
f0efeb
f0efeb
f0efeb
f0efeb
f0efeb
f0efeb
f0efeb
f1f0ec
f1f0ec
f1f0ec
f1f0ec
f1f0ec
f1f0ec
f1f0ec
eff0eb
eff0eb
eff0eb
eff0eb
f0f1ec
f0f1ec
eff0eb
f9f6f5
ddbeaf
984413
dd6f45
f08a53
ed8637
fa8540
f67f41
f67f3c
f7823d
ef8b3d
fc914b
d15327
cf7f61
ffe8d5
f9e8e6
f4ecf0
f2eeef
f1eeee
f0efed
f0f0eb
eff0eb
eff0ea
eef2ec
eff0f0
f0eff3
f0eff1
ffe5e5
a75450
c04f3c
fb9069
f47f49
f87f43
f47f3c
f07f38
ef8037
ee8138
ee823c
ee833e
ed783a
fd8c5e
9f371d
be7d6a
feecdc
f2ede2
fbf3ed
ffede6
d3c2b6
c7b7aa
e5d6c3
fff1df
f6e9df
f2e8e4
f1eae8
f3eae4
ffe9e5
dcaca6
91402f
d46949
c44b21
ce5429
f37849
f9834b
f98a49
ef7e39
e97033
f47747
ca4e2d
922209
cc8b59
ffe0b2
ffeccb
bca388
503723
a59186
fff2f2
f1e7ed
eae3e4
eee4e3
eee5e5
efeceb
fdf5f3
e8d0c7
c28d7d
ca6845
ed7d4d
e97f45
e27632
e9752e
ed742d
fa833d
ec7834
f37837
f8803f
e87b37
e87537
eb6238
941604
ac7063
fff0eb
fce4e7
c4b1af
ccc0b9
fcf3ea
ebe5df
e5e4e6
e6e4ed
efe2e6
ebece5
e7d2c8
8c342a
d55c44
f28957
e47b41
f07239
f56c32
f06d31
ec6f32
eb6f33
eb6e33
f06d34
f26c36
f67a47
c43e1c
ca684c
f2d1b2
dbc8b3
ddcebf
d3d4c0
d1d3c3
d3d2cc
d4d3cf
cfceca
c3c2bd
adaca9
b7b6b4
c9c8c6
d2d2ce
d3d3ce
d2d0cc
d3cecb
e3e1dd
60645e
1c261f
57635b
646c65
5f665f
626a62
676e66
6e756c
555c52
646b60
848c82
252f26
222d25
abb6b1
bcc7c7
adb9bc
2c3b40
253139
6f7576
7a7972
7e7367
816f5a
7d664e
7d6348
7d654b
7d654e
806451
7f6350
7e6451
7d634f
79614e
78624d
78624e
7a634b
786046
765f46
705941
69533c
66513a
6a5740
77634e
78624d
a78e76
a48b73
a48b73
a58b74
a68d77
a68c77
a78d79
a48974
a48973
a28974
a18b76
988670
968671
978977
968a78
958e7e
979184
958f84
878279
29251e
a8a4a1
dedbdb
d7d6d4
dcd8d0
dbd8d0
dcd8d1
e0dbd3
e1dcd4
e1dad3
e0d9d2
e0d8d1
e0d8d0
dfd8d1
ded8d3
dddad6
dfdcd8
dfdbd9
dcdbd7
dddcda
dadad8
dddcd8
dddbd6
dedbd3
e1ddd3
dad5ca
bab3a9
b2aaa4
c5beb7
c6bfb8
b0a9a2
afa8a0
d4cdc6
dfd7d1
d8d5d0
d7d6d1
d7d6d1
d7d6d1
d7d6d1
dbdad5
e5e4e0
edece7
eeeee9
eeede9
efeeea
efede9
efede8
efeee9
eeeee7
eeeee7
eeede8
edede8
edece7
edece7
edece7
edece7
edece8
efeeea
efeeea
efeeea
efeeea
f0efeb
efeeea
efedea
efefeb
eff0eb
eff0eb
eff0eb
eff0eb
eff0eb
eff0eb
efefeb
efeee9
efeee9
efeee9
f1eee9
f1eee9
f2ede9
f2ede9
f2eee9
f1efeb
f0efeb
f0efeb
f0efeb
f0efeb
f0efeb
f0efeb
f0efeb
f0efeb
f0efeb
f0efeb
f0efeb
f0efeb
f0efeb
f0efeb
f0efeb
f0efeb
f0efeb
f0efeb
f0efeb
f0efeb
f0efeb
f0efeb
f1f0ec
f1f0ec
f1f0ec
f1f0ec
f1f0ec
f1f0ec
f2f0ec
f0efeb
eff0eb
eff0eb
eff0eb
f0f1ec
f0f1ec
f0f1eb
f9f7f5
e1c2b2
9b4817
dd6f42
f28c52
ef8938
f8843d
f47c40
f9803d
fc853e
ef8939
fd914a
d25225
cd7b5e
ffe9d7
fbe7e7
f3eaee
f1ecf1
f0edee
efeeeb
f0efea
eff0e8
eff0e7
edf2e8
eff2ec
eff1f0
eff0f0
feeae8
ac5d59
c24d3a
fa8f67
f6814f
f47c44
f48040
f38039
f18035
f18037
f17e3c
ec813d
ea7d3f
fb865b
a6381f
a56251
fae9d8
f7f0e7
f9ebea
f5e9e6
fbf5ed
fff8f5
fdf1f3
f1ebe9
f3efea
f5ede6
f5ebe2
f3ebe5
feeae7
d5a5a0
933b29
f9825f
f77543
f16f36
f87c3d
f87f3c
f28040
ed7c3f
ef773d
f27640
fa8051
cd572d
ac4c1e
e29571
ab6a53
733c2c
cba497
ffebe2
efe3e2
e5e7e9
e6e8e7
f1e6e2
f4e6e1
edeae3
e8e8e1
feeee5
ddb2a6
9a4331
e88468
ed8a63
ed7f4b
f27338
f6712f
f1782e
eb7e2e
ee7b30
f67736
f87b39
ee7432
eb6a35
962106
ad6c63
f3ddda
efe0db
fdece6
f8e9e4
e7e0e1
e4e3e8
e6e6eb
ece4e9
f6dce2
e9ede9
ded5ce
88362e
cc573b
ee8d54
e67f45
f1743e
ef6f2f
ed6e30
ed6e31
ed6e32
ee6e33
ee6e34
f06f35
f37742
c13b16
ce6e52
e8cbb1
d3c6b6
d5cac0
cecfc0
d1d1c1
d2d1cc
d4d3ce
bdbcb8
a2a19d
8f8e8b
8d8d8b
939190
b8b8b5
d1d1cd
d4d1cd
d4cdcb
e4e0dc
979a94
1b271e
54655c
646e66
646b63
606860
696f68
697166
5f685c
60695c
7d847a
283028
222d24
a9b5b1
bac7c7
abb9bc
2a3a41
22323a
727976
7b796f
7b7162
83705b
7c634c
7d624c
7e634e
7d6552
7c6855
7c6754
7c6753
7d6553
7d6552
7c6652
7d6553
806752
7d644f
836a55
816955
7e6654
7e6755
7d6856
816c5a
7f6855
a98e78
a88d77
a78b76
a68b76
a68b76
a78c79
a78d7a
a58b76
a68b76
a58c78
a38b77
a08a76
a28e7b
9e8a79
9c8979
998b7b
9a8f82
a69d93
68625b
2e2c27
d6d3cf
dcdcd9
dad7d4
dbd8ce
dcd9d0
d9d6cd
d1cdc4
d0ccc3
d9d3ca
dfd9d0
dfd9d0
dfd9d1
ded8d0
dcd7d1
dbd9d2
dad8d3
dbdad5
dcdbd5
dcdbd8
dddad8
dfdcd7
dcdbd4
dfdbd3
e0dcd2
dfddd1
d0cbc0
c2bbb2
b6afa6
b1aca3
b2aca5
beb8b1
d9d3cd
dcd5d0
d7d4cf
d8d6d0
d9d7d1
d9d7d2
d8d6d0
d6d4cf
d9d6d0
e3e1db
eeebe7
f1eeea
f1eeeb
f2eeeb
f0eeea
f0efea
efeee9
eeece9
eeedeb
edece9
edece8
edece8
edece8
edece8
edece7
efeee9
efeee9
efeee9
efeeea
f0efeb
efeeea
efeeea
efefeb
f0efeb
f0efeb
f0efeb
f0efeb
f0efeb
f0efeb
f0efeb
efeeea
efeeea
efeeea
f1edea
f1edea
f1edea
f1edea
f1eeea
f0efeb
f0efeb
f0efeb
f0efeb
f0efeb
f0efeb
f0efeb
f0efeb
f0efeb
f0efeb
f0efeb
f0efeb
f0efeb
f0efeb
f0efeb
f0efeb
f0efeb
f0efeb
f0efeb
f0efeb
f0efeb
f0efeb
f1efeb
f2efec
f2efec
f2efec
f2efec
f2efec
f2efec
f3efec
f0efeb
eff0eb
eff0eb
efefed
f0f0ee
f0f0ee
f0f0ed
f7f5f4
e9ccbe
9b4821
dd6f46
f18d4f
ec8838
f78143
f67f41
fa823d
f6843c
f58a3e
ff924e
ce582a
cd765a
ffe6d4
f8e8e4
f1ebea
efecec
f0eceb
f0ede9
f1efea
f1f0e9
f1f0e8
eff1e9
f1f0ec
f3eff0
f1efed
fdebe6
a95f58
bd4b38
fc9169
f1824c
ee7b41
ef7a3d
f57f3a
f87e36
f77d34
f87d32
f5833b
ef8244
fd8658
b64426
984e38
f7ddcd
fbf1eb
f7e7ee
f5edee
edece7
efe9ea
f2ecee
f2eded
f2edea
f4ece3
f4eae0
f2ece7
f7ecea
cea4a1
8b3120
ea744b
f0733a
e8682c
f77334
f47533
f77d42
fb824b
fd7d44
f36f33
ef7036
ee743f
ce4928
8b1c09
823d32
eec9bc
ffeae2
f5e1d8
f4e5e3
ede7e7
e8eae6
ebebe1
f1e8e0
f1e8e4
eae9e5
fbf1e9
c49d95
8d322c
eb7f6b
ed865e
eb7e47
f07639
f97636
f77732
f2782c
ef792b
f57732
f87230
f17330
ed6f39
9a2207
bd7972
feebe5
eee2dd
f0e1de
eee1df
ece4e8
e8e3ea
e9e5ea
ece3e5
f0dede
e7ebec
e0d6d3
8a3d31
bb4a2b
f08558
f0804c
f4763e
ee7231
ed6e30
ed6d30
ef6e32
ee6e34
ee6d33
f06f36
f17441
b83914
d17358
ecccb4
d1c8b9
d6c9c3
d4cdc5
d3d0c7
d3ceca
d8d3cf
bebbb7
b3b1ae
b6b6b1
9d9d9a
747372
989897
c6c6c5
d4d0ce
d4cecb
e2dedb
b7b7b3
252b26
2e3833
5e6561
747872
6d726a
686e65
797f74
6a7164
61695c
7f897e
2a3129
262f25
abb8b2
bec9c8
abbbbe
2c3a43
21303d
707872
7e7b6d
7d7362
85715a
80674e
7d634d
816852
7e6956
7a6d53
7b6e54
7a6c52
796a51
7b6a52
7b6a52
7c6951
806a54
7e6651
826c56
826b58
866e5d
87705e
86705d
816c59
816956
aa8a76
aa8a77
aa8b77
a88b76
a88b76
a78c77
a88c78
a68d75
a28a72
a68e77
a28974
a48b78
a18678
a18679
a58a7e
9d8b7d
9c8f83
a0978e
3e3932
3d3b38
dedcd9
dcdcd7
dbdad6
dddad2
c8c5bb
b9b6ad
b7b4ab
b0ada4
b8b6ac
d9d6cd
dfdcd4
dddad3
dddad4
dddad4
dddad4
dcdbd4
dcdbd4
dcdbd4
dedad7
dfdad8
dedbd6
dfdbd5
dfdbd4
dddad1
dddad2
dfdbd3
d7d2ca
c9c2bc
bdb8b3
bdb8b4
cec9c4
dad5d1
dad5d0
d9d5cf
d9d7d0
dbd8d1
dcd8d1
dad7d0
d9d6cf
d7d4cd
dddad5
e6e1de
f0ebe8
f2eeeb
f1edea
f1efeb
f1f0ec
f0efea
eeeceb
eeecec
edecea
ecebe9
edece8
edece8
edece8
edece7
eeede8
eeede8
eeede8
efeee9
f0efea
f0efea
f0efea
f0efea
f0efeb
f0efeb
f0efeb
f0efeb
f0efeb
f0efeb
f0efeb
f0efeb
f0efeb
f0efeb
f0efeb
f0efeb
f0efeb
f0efeb
f0efeb
f0efeb
f0efeb
f0efeb
f0efeb
f0efeb
f0efeb
f0efeb
f0efeb
f0efeb
f0efeb
f0efeb
f0efeb
f0efeb
f0efeb
f0efeb
f0efeb
f0efeb
f0efeb
f0efeb
f0efeb
f0efeb
f0efeb
f1eeeb
f2eeeb
f2eeeb
f2eeeb
f2eeeb
f2eeeb
f2eeeb
f1eeeb
eff0eb
eff0eb
eff0eb
efefed
f0f0ee
f0f0f0
f0f0f0
f5f4f3
eacec2
9a4829
de714a
f2924d
eb8738
f78048
f98041
f9823b
f2883e
f8883f
ff9250
ca602f
bd6046
ffe2d0
f4ebe0
ecebe5
edede8
eeede8
f0eee9
f2efea
f3eeea
f3eeea
f0f0ec
f4efee
f6ecf0
f2eeeb
feede5
aa6158
bc4c38
ff936e
f2814d
ef7e42
e87a3a
ee823c
ee8036
f38036
f97d35
f47f38
e87d3b
f7804c
dd6a44
98482c
f1d1bd
f7efe6
f0edf1
f1edef
efebe8
eceae7
eceae7
f0ebe8
f1ebe9
f0ebe8
f2ebe9
f1ede8
f1eeeb
cba4a2
8c3121
ed7a4d
ee7a39
f17134
fd763a
f67535
f5783e
f77942
f97639
f77331
ec6e2d
f37d42
cd5235
882c22
ebbeb4
fdeee8
f1e7e4
f3e9e5
efe8e5
ede8e9
ebeae7
e5efe5
eceae5
f3e6ea
ece9ea
fbf2ec
c29c92
8b3428
e77c61
ec804f
ee7b3a
f37935
f47735
f37834
f37930
f4782c
f1792e
f46f2a
f47735
ed713e
971802
bd7973
fcede8
eee3e3
efe5e5
efe6e6
eee5e6
ece6e8
ebe6e8
ebe5e6
e9e3dd
e6e7eb
ebd7d8
883d2b
b34624
f1805c
f1814f
f47a3c
f17132
ee6e30
ed6d30
ef6e33
ee6d33
ee6d33
f06e36
f17445
b43a17
d3765c
eecab3
d3ccba
d8c9c4
d9cbc9
d1d0c9
d3cbc8
d6cecb
d5d0cc
bebcb8
a9a9a4
999995
a6a8a5
c8c7c7
d2d2d2
d5d2cf
d4cfcb
dad6d1
c2c2bd
333431
191c1c
5d605e
848682
6e7269
777c71
808678
717769
656c5e
7f8a80
282e27
252d24
a9b9af
c0c7c5
a7bbbb
2d3843
233040
727874
807a6c
7e715f
826f57
816950
7d654c
816d54
806e57
816e55
806d54
7e6c53
7d6b52
7e6b53
7e6b53
7d6c53
7d6951
7e6a52
7a674e
756149
78644c
6c5840
6e5a42
725f47
715a44
a88a76
a78a76
a88a76
a78b76
a78b77
a78c77
a78d77
a88f78
a58d75
a89079
a38a74
a18873
a48a78
a28879
a38a7b
9e8d7e
9f9386
a19890
26211d
6d6c6a
e8e7e4
d5d4d1
dad8d2
d8d5cc
b0aea5
a7a49b
c9c6bd
c4c1b8
b9b6ad
d1cfc5
dedbd5
dcd9d6
ddd9d5
ddd9d6
dddad5
ded9d5
dedad6
ddd8d5
ded9d6
ded9d6
ded9d5
ddd8d4
dad5d0
dbd6d1
dcd7d1
dcd7d3
ddd8d6
e0dad7
e0dbd8
dfdad6
dfdad7
dcd7d2
dad6ce
dcd8d1
dbd8d1
dbd7d1
dbd8d1
dad7d0
d9d6cf
d9d6cf
dbd7d2
dfdad7
e9e4e1
f1edea
efebe8
efece9
efeeeb
f0efeb
eeede9
eeedeb
edece9
ecebe8
edece8
edece7
edece7
edece7
eeede8
eeede8
eeede8
efeee9
f0efea
f0efea
f0efea
f0efea
f0efeb
f0efeb
f0efeb
f0efeb
f0efeb
f0efeb
f0efeb
f0efeb
f0efeb
f0efeb
f0efeb
f0efeb
f0efeb
f1efeb
f0efeb
f0efeb
f0efeb
f0efeb
f0efeb
f0efeb
f0efeb
f0efeb
f0efeb
f0efeb
f0efeb
f0efeb
f0efeb
f0efeb
f0efeb
f0efeb
f0efeb
f0efeb
f0efeb
f0efeb
f0efeb
f0efeb
f0efeb
f1eeeb
f2eeeb
f2eeeb
f2eeeb
f2eeeb
f2eeeb
f2eeeb
f0efeb
eff0eb
eff0eb
eff0eb
efefed
f0f0ee
f0f0f0
f0f0f0
f4f2f2
eed1c1
984625
df734c
f28f4b
ec8738
f87f48
fa7e41
f8803a
f48a40
f6843c
ff9150
d06532
b15138
fbd6c5
f8ece3
edebe5
edede8
eeede8
f0eee9
f2efea
f2efea
f3eeea
f2efec
f5edef
f7ecf0
f1efeb
fdf0e7
ab6359
bb4a36
fe8b68
fa7e57
f67b49
ec7a39
f18638
ee8633
f18536
fa853f
fa8746
f78147
f97447
e15f3e
a9442a
eebaa6
ffebdf
f9f4ee
f6f3f0
fbf7f5
fffaf7
fffaf8
fef7f5
fbf5f5
f6f0f0
f2ecea
eeece7
f0eeeb
c9a2a2
8d2f22
ee7a4f
ee7d3b
f87a3d
fa7438
f67636
f3773c
f4773d
f97738
fa7735
ed6f2f
f9844b
cb5d3c
934534
fad9cb
eee7df
ebe9e3
efe9e3
eceae5
ece9e8
ebeae8
e4eee5
ebe9e6
f3e6ec
ece9eb
f9f0ea
c19a92
8b3427
e87f62
ee8350
f17c3c
f37833
f47735
f37834
f27830
f57b32
ef7930
f77631
f87b39
ee7440
931502
bd7b73
fdf0ea
eee4e3
f0e8e6
f0e8e6
ece6e5
ebe6e6
ebe7e8
eae5e3
e9e3dd
e7e8ec
ead6d7
8c412d
b54625
f5835e
ee7d4a
f47a3b
f17131
ee6e30
ed6c30
ef6e33
ee6e33
ee6e33
f27036
e8693c
b23718
ec8f73
f2cdb3
d0c9b5
d7c8bf
d8cac6
d1cec7
d3cec7
d5cfc9
d5d0cc
d5d2ce
d7d5d0
d4d4cf
d7d7d2
d4d3d1
d4d2cf
d4d1cd
d5d0cc
d9d5cf
c9c8c2
3f403d
191a1a
595b58
858883
6c7067
787e71
848a7b
707668
6a7263
7f8b7e
282f27
242c25
a7b8ae
bfc4c4
a7b9b9
2d3840
26313d
727675
7e766c
7b6f5f
806e56
7d644b
816b51
826e56
826e56
866a55
866954
856954
876a55
876c56
866c57
876c57
816953
7f6b53
816c54
7d6851
7d6850
79644d
705c44
755f48
6e5640
a68b76
a68b76
a78a75
a68b76
a78d77
a68d78
a58e77
a48e76
a78f77
a79077
a18972
a28973
a48b75
a18976
a28977
9b8f7b
9c9484
938c84
201c1b
8e8e8e
eaeae7
d5d4d0
dad6d0
dbd8d0
d0cdc6
bcb9b1
b8b6ae
afaca4
bebbb4
dbd8d0
dbd9d4
ddd9d7
ddd9d7
ded9d6
dfd9d5
dfd9d3
dfd8d3
e3dcd6
e7e0d9
e5dfd8
e7e0d8
e4ddd5
e0d9d1
e0dad2
e1dad3
ded8d3
dbd6d4
dbd6d2
dbd6d2
dcd7d2
ddd8d4
dcd7d3
ddd8d2
dcd8d2
dbd8d1
dbd8d1
dbd8d1
d9d6cf
d9d6cf
dad7cf
dad7d1
d9d4d1
ded9d6
eae6e3
efebe8
efece8
efeeea
efeeea
edece8
edece9
ecebe7
edece8
eeede9
eeede7
eeeee6
eeeee6
eeede8
eeede8
eeede8
eeede8
efeee9
efeee9
eeeee7
efefea
f0efec
f0efeb
f0efeb
f0efeb
f0efeb
f0efeb
f0efeb
f0efeb
f0efeb
f0efeb
f0efeb
f0efeb
f0efeb
f0efeb
f1efeb
f0efeb
f0efeb
f0efeb
f0efeb
f0efeb
f0efeb
f0efeb
f0efeb
f0efeb
f0efeb
f0efeb
f0efeb
f0efeb
f0efeb
f0efeb
f0efeb
f0efeb
f0efeb
f0efeb
f0efeb
f0efeb
f0efeb
f0efeb
f0efeb
f0efeb
f0efeb
f0efeb
f0efeb
f0efeb
f0efeb
eff0eb
eff0eb
eff0eb
eff0ec
f0f0ee
f0f0f0
f0f0f0
f6f5f3
eccebb
97431f
e2744c
f38e49
ee8738
f87e46
f87c40
f77f39
f1873d
f6863c
ff8f4e
d86a39
b5543c
fad1c1
f9eae3
f0ede8
efede8
eeede8
f1eee9
f2efeb
f3efea
f3ede9
f3eeeb
f6edef
f6ecf0
f0efeb
fbefe6
b06c60
b4422f
f48461
e98252
f58951
fb813e
fe7d33
f8752c
ee712e
da6329
c75523
be491f
b83c19
ac3619
97361e
90523e
8c6b58
837364
847769
8d7d70
9e8c7f
ac9a8d
cebcaf
daccbf
f1e3d6
fff5e8
fffbed
fdf6ee
d1a3a3
912d22
ee764c
f17f3e
f67c3c
f87537
f57836
f3783c
f3773a
f87836
f97734
f07435
f9854f
cf5f3f
8f3e2c
eec9bc
f1e6e0
ece6e2
efe6e1
efe7e5
eee8e9
eaeaea
e4eee7
eaebe8
f1e7ec
ece8ec
f7f0eb
be9890
8b3627
e98061
ed824c
ef7a39
f47935
f57836
f47935
f47932
f57b35
f27b35
f67532
f47938
ed7340
961803
be7b71
fbefe7
ece5e3
eee8e4
eee9e5
ebe6e4
eae5e4
e8e6e5
e9e6e4
ebe5dd
e8e9ec
e9d6d6
883d27
b64925
f3825c
ed7d49
f17839
f17232
ef6f31
eb6c2f
f07034
ee6c33
ee6d32
f07036
df6034
ac2f12
e98b70
d9b396
d4ccb4
ddcdc2
dacbc5
d2cfc6
d4cdc6
d7d0c8
d4d0c9
d7d2ce
d7d3ce
d5d2ce
d4d1cd
d5d3ce
d5d2cd
d8d2cc
d9d1cb
dbd5cf
cfcdc6
4b4a47
181817
5c5e5b
81837d
66695f
757c6d
838a7a
747b6b
676f5f
808c7d
262e24
212b23
a5b6af
babfc1
a6bab8
30393f
263037
707573
7d746d
7c6f62
806d58
796148
7f684e
826e56
806d55
866c57
846a54
846b55
856d57
826d55
846f58
846f58
867059
816c55
836d56
826b54
7f6851
846d56
877059
88715b
887059
a88d78
a88d78
a78c77
a78d77
a78d77
a48e77
a58e78
a48d76
a78f77
a68e76
a28a72
a48c74
a48c75
a38b74
a38b74
9a8f78
9b9684
8b887d
232120
a3a3a5
e6e6e5
d9d9d2
dad7cf
dad8d1
ddd9d4
dddad4
d5d3cc
d5d2cc
dcd8d2
dddad4
dddbd6
dbdad6
dbd9d5
dcd7d1
ded7cf
dfd7cd
d9d0c6
cbc2b5
beb8a9
c0b9aa
c4beaf
c5bfb0
c6bfb2
c7c1b5
cfc7bd
d2cdc1
d6d3c7
dedad0
dedad0
dcd6cf
dcd7d2
ddd8d3
ddd8d4
dcd8d1
dbd8d0
dbd8d1
dbd8d1
d9d6cf
d9d6cf
d9d6cf
d9d6d0
d8d3d1
d9d3d1
e0dbd8
e9e5e2
eeece9
edece8
eeede9
eeede9
edece8
ecebe6
eeede8
eeede7
eeeee6
eeeee5
eeeee4
eeede8
eeede8
edece7
edece7
eeede8
eeede8
eeede7
efeeea
f0efeb
f0efeb
f0efeb
f0efeb
f0efeb
f0efeb
f0efeb
f0efeb
f0efeb
f0efeb
f0efeb
f0efeb
f0efeb
f0efeb
f0efeb
f0efeb
f0efeb
f0efeb
f0efeb
f0efeb
f0efeb
f0efeb
f0efeb
f0efeb
f0efeb
f0efeb
f0efeb
f0efeb
f0efeb
f0efeb
f0efeb
f0efeb
f0efeb
f0efeb
f0efeb
f0efeb
f0efeb
efefeb
eff0eb
eff0eb
eff0eb
eff0eb
eff0eb
eff0eb
eff0eb
eff0eb
eff0eb
eff0eb
efefed
f0f0ed
f0f0f0
f0f0f0
f5f3f0
f3d4bf
a44f27
df7046
f28d49
ef8638
f87d46
f97c40
f9803a
ef863b
f7873b
fe8c4b
e07041
a7422c
f0c3b5
fce9e2
f1eee9
eeeee9
efeee9
f2eeea
f2f0eb
f2efea
f2eee9
f3edeb
f7ecef
f6edf1
edeee9
f7ede3
b8776b
c3513d
f88765
eb8551
e17840
cc5a22
be4b12
c65924
c86739
cd7b55
d38d6a
d29875
e9b38f
f3c4a0
efcdab
e8d3b2
e0d6b6
dadbbd
ded5bc
d9c8af
d0bda3
c5b298
b19c80
897357
7a6244
91795c
a39379
deccb9
d8a09a
9e3023
ed7047
f38040
f27b3b
f67738
f37735
f27839
f37938
f67733
f87734
ed7235
f98452
d25d40
903727
f1c6bb
f5e7e1
eee4e2
f1e4e2
efe6e4
eee7ea
e9ebec
e2efe8
e9eae8
f1e7ee
ebe8ec
f6f2ee
bd9892
8c3625
e9805d
ed8349
ee7b36
f37934
f57836
f47935
f37934
f37935
f17c38
f57534
f27736
f17946
941802
be7d73
f9efe5
ebe6e1
ece8e4
ece9e4
ebe8e3
e9e6e3
e8e7e4
e9e8e4
ebe6dd
e8ebec
e7d4d1
833a22
bc4f2c
f5855e
ef7f4a
f07737
f17232
ef6f32
ee6e31
ee6e33
ee6e34
ec6b31
f5753c
e5653b
b43518
c36247
bf9677
c1b89e
d2c1b4
ddccc6
d3d0c6
d2cfc5
d4d0c6
d5d0c8
d6d0ca
d7d2cc
d8d2cd
d8d2ce
d6d2cd
d6d3cb
d8d2c9
d8d0c7
ddd5ce
d3cfca
504f4c
161616
535551
81847c
72766a
737a6a
7d8472
636b58
646d5c
7a8878
242e21
202c23
a6b7b2
bdc1c4
a5b7b6
2d3638
272f32
6e7371
7b726e
7a6c61
806c59
785f47
806a4f
816c53
7f6b53
846c56
806a53
806b53
7f6c54
837259
7e6e55
7d6f55
806d55
89705a
89705a
856c55
8a715b
876d57
866d57
836954
876d56
a98e79
a98e79
a88f79
a88f79
a79079
a69079
a6907a
a68f78
a89078
a78f77
a68e76
a68e76
a58d75
a58c74
a38c73
9b9178
989582
918f86
272726
949498
e5e6e5
dbd9d1
dad7ce
dbd8d3
dbd8d4
dcd9d4
dedad5
dedad6
dcdad5
dcd9d4
dddad5
dcdad3
dbd8d0
dbd8cd
d7d2c5
c2b9ab
afa596
aca291
a8a18e
aea793
b5ae9b
b6ae9c
b7b09e
b8b0a0
afa799
a69f8d
9b9782
b8b4a1
d5d1c0
e0dccf
ddd8d0
dcd6d3
dcd7d5
dbd8d2
dbd8d2
dbd8d1
dbd8d1
d9d6cf
d9d6cf
d9d6cf
d9d6d0
dad5d3
d8d3d1
d9d5d1
e4e0dd
eceae7
ecebe7
edebe8
efede9
edede6
ecebe6
edede7
eeeee6
eeeee5
eeeee4
eeeee5
eeede8
eeede8
edece7
edece7
eeede8
eeede8
eeede8
efeee9
f0efeb
f0efeb
f0efeb
f0efeb
f0efeb
f0efeb
f0efeb
f0efeb
f0efeb
f0efeb
f0efeb
f0efeb
f0efeb
f0efeb
f0efeb
f0efeb
f0efeb
f0efeb
f0efeb
f0efeb
f0efeb
f0efeb
f0efeb
f0efeb
f0efeb
f0efeb
f0efeb
f0efeb
f0efeb
f0efeb
f0efeb
f0efeb
f0efeb
f0efeb
f0efeb
f0efeb
f0efeb
f0efeb
eff0eb
eff0eb
eff0eb
eff0eb
eff0eb
eff0eb
eff0eb
eff0eb
eff0eb
eff0eb
efefed
f0f0ee
f0f0f0
f0f1f1
f5f1ef
f3d6bf
a34f28
d96a3d
ef8b45
ed8335
f87e47
fd7f43
fb813c
ee853b
f5843a
fb8a49
e47647
a33b24
ebbbad
fdebe4
f3efea
f1efea
f2efea
f3eeec
f2efeb
f3eeeb
f2ede9
f3edeb
f5eaec
f6edee
fafaf5
fffcf1
bb776a
a13421
c75637
c15028
c76238
d68a5f
e2af85
f1cca8
fbe0c1
ffebd0
ffead3
ffe9d0
fae9cc
f3eac6
f1eac3
f4ecc8
f6efcd
f5f2cf
f4f2d3
f7f1d5
fbf2d6
fcf0d3
fdedcd
fdecc9
ecdab5
cdb793
9b8360
5a3c24
621d12
ac3829
f3734a
f17e3e
ec7939
f37737
f27633
f07837
f17836
f67732
f87834
ed7137
f98555
cf593d
8d3526
f0c7bb
f7e9e3
ebe6e1
ece7e2
e9e9e5
eae9ea
e8eaed
e2eee9
e8eae9
efe8ee
eae8ed
f7f1ef
bb9792
8b3623
e8815a
ed8348
f17d37
f47934
f57835
f47935
f47934
f27937
f17b39
f47737
ee7434
e66b3b
9c210b
ca8b7f
f9efe7
ebe6e0
ebe8e2
ece9e3
ebe9e4
e9e8e4
e9e8e5
e8e9e4
ece7de
e9ebea
e7d1cd
7d311a
c65834
f9885f
ea7b43
f07636
f07030
ee6e30
ee6d32
ee6d32
ee6d33
ee6d34
f5723c
e15f3a
aa2c14
e4876b
d3ac8b
b1a98b
ae9f8e
c0b0a8
d3cdc4
d4d0c5
d3cfc6
d7d1c9
d7d0c9
d6cfc9
dad3cc
d9d1cc
d6cfcb
d4d0c7
d5cfc6
d4ccc4
dcd3cd
c2bdba
2c2a28
333333
6d6e6a
8f928a
8e9286
8c9384
8a9180
7d8474
868d7d
94a292
263024
222f27
aabcb7
bac0c2
9dadad
283033
2e3436
7e8180
8a8380
867a71
887565
8b7560
907a63
9d8a74
96836c
977b67
967b67
8d735e
866d58
89745c
7f6b55
7c6852
7e6852
8b725e
836a55
866d57
917861
8a705b
896f5a
8a7059
876d54
aa927c
aa917b
a9907a
a8907a
a8907a
a8907a
a89079
a98f7a
aa8f79
a98e79
a98e79
a88d78
a78d78
a78c77
a68c76
9e8f7c
999383
959389
252725
818283
e7e7e5
dbd9d3
ddd6d2
ddd8d4
ddd8d4
ddd8d2
dcd9d1
ddd8d0
dcd8d1
dcd8cf
dcd8d0
ded9d3
e2dbd3
cac3b9
b0aa9e
b4ac9f
c0b8aa
c8bfb0
cec5b5
cbc3b3
cbc2b2
cbc3b1
ccc4b2
cec6b3
c8c0ad
c6beaa
c1baa2
aea98f
a49e85
b9b49e
ded8ca
ddd6d2
dbd5d5
dcd7d5
ddd8d5
dcd7d3
dcd7d1
dcd7d1
dcd7d1
dcd7d2
dbd6d3
d8d4d3
d7d3d1
d9d6d2
e1deda
ece9e4
eeece7
f0ede8
f0ede8
f1eee7
f0eee7
f1eee7
f1eee7
f1eee7
f1eee7
f1eee7
eeede9
eeede9
eeede9
eeede9
eeede9
eeede9
eeede9
eeede9
eeede9
eeede9
eeede9
eeede9
eeede9
eeede9
eeede9
eeede9
eeede9
eeede9
eeede9
eeede9
eeede9
eeede9
efeeea
f0efeb
f0efeb
f0efeb
f0efeb
f0efeb
f0efeb
f0efeb
efeeea
eeede9
eeede9
eeede9
eeede9
eeede9
eeede9
eeede9
f0efeb
f0efeb
f0efeb
f0efeb
f0efeb
f0efeb
f0efeb
f0efeb
f0efeb
f0efeb
f0efeb
f0efeb
f0efeb
f0efeb
f0efeb
eff0eb
eff0eb
eff0eb
eff0eb
eff0eb
f0f0ec
eff0ec
f6f1ec
f3d8c6
9e5634
dc6e3c
f18a45
f3863e
f18340
f88141
fb803d
f2863c
fa833b
f88e48
e37943
a8371f
ecb7a8
fbf1e7
f2ece4
f3ece7
f0ece8
f2ecec
f2ebee
f1eae9
f3eae7
faf3ef
fffaf4
f5eae3
cbbbae
ab917f
7e4c38
95533a
d18e70
f6c6a3
ffdfbb
ffe9c4
ffeecb
f7e8c7
f4e6c9
f4e4c9
f3e2c7
f2e3c4
f1e4c5
f0e7c4
f1e7c4
f2e9c5
f3e8c5
f2e8c5
efedc6
f0ecc8
f5e7cd
f7e5cb
f0e2c1
ede5bf
f6eeca
faedd0
fff4d7
ebc9b2
a45c47
91250f
c95129
f78049
f28041
ee7a35
f37a34
f27a3a
f47739
fa7637
fa7637
ed7038
f88656
cb5738
8b3724
f0c7bb
f7e9e3
ede7e2
efe7e4
ede9e9
eae9ed
e8eaed
e2eee9
e9eae8
f1e7ef
eae8ed
f7f1ee
bc9893
883825
e6815b
ee8049
f07a36
f07a33
f07b33
f17932
f37930
f27831
f7783c
f4773a
f07836
da5835
a02a0f
d29980
f9ebe7
ece5df
eee8e3
eee9e5
ece8e5
ebe7e4
eae8e4
e9e7e5
e9e7e2
eaebe6
dec3bd
7c291c
ce5b3d
f38554
ee7d44
f17436
f3712d
ef6f34
ed6f35
ec6f34
ec6d30
ee6c33
f97141
df583a
9e2c14
e59c7e
d3b492
c8bda0
a89e89
9f9488
d0c9bf
d0ccc4
cfcbc5
d1ccc5
d3ccc5
d4ccc4
d7cec7
dcd3cb
e0d7d1
e4dbd8
e6deda
e7e1dd
edebe6
a19f9c
141312
434542
7a7b75
82847e
8b8e87
6f746c
5b6058
4d554b
586057
5b615a
232421
323935
acb9b7
b8c4c3
919c9f
262b32
24242c
484948
474841
4b4741
514941
584c44
5e4f47
73625b
78665c
826e5c
85725f
8d7865
8c7564
907a68
988170
927b6b
8f7a6a
8b7766
877160
8a7361
856e59
876d57
866b55
886c55
886d55
ac937d
ac937d
ab927b
aa917b
aa907b
aa917b
aa907b
aa907b
ac907b
ab907b
ab8f7b
a98e7a
a98e7a
a98e79
a78d78
a29380
988f81
99958c
30302c
747573
dedddb
dddad5
dcd6d2
ddd7d4
dcd7d3
ddd7d1
ddd8d1
dcd8cf
dcd8d0
dbd7cc
ddd8cf
dfdad4
d9d2cb
aea79d
b4ada2
c5bdb1
c3bbaf
c9bfb0
cac1b2
cbc2b2
cbc2b1
cbc2b1
ccc4b1
ccc3b1
cbc4af
ccc3ae
cbc4ad
cdc8ad
b9b497
9e9a7e
afa993
d4cfc1
dbd7cf
dbd6d1
dbd6d2
dcd7d2
dcd7d2
dcd7d2
dcd7d2
dcd7d2
dbd6d4
dad6d5
dad6d4
dad7d3
e1ded9
edeae4
eeebe6
f0ede7
f0ede6
f1eee7
f1eee7
f1eee7
f1eee7
f1eee7
f1eee7
f1eee7
eeede9
eeede9
eeede9
eeede9
eeede9
eeede9
eeede9
eeede9
eeede9
eeede9
eeede9
eeede9
eeede9
eeede9
eeede9
eeede9
eeede9
eeede9
eeede9
eeede9
eeede9
eeede9
efeeea
f0efeb
f0efeb
f0efeb
f0efeb
f0efeb
f0efeb
f0efeb
efeeea
eeede9
eeede9
eeede9
eeede9
eeede9
eeede9
eeede9
f0efeb
f0efeb
f0efeb
f0efeb
f0efeb
f0efeb
f0efeb
f0efeb
f0efeb
f0efeb
f0efeb
f0efeb
f0efeb
f0efeb
f0efeb
eff0eb
eff0eb
eff0eb
eff0eb
eff0eb
f0f0eb
eff0eb
f7f1ec
f1daca
965334
d8693b
f38a4a
f58642
ef843d
f7813e
fb7d3c
f3833b
fa8138
f58d42
e67e44
ad3921
e0a697
faf0e4
f2eee8
f3eee9
f2edea
f3eae9
f2e7e6
fdf2ee
fff4ed
ece0d6
a79a8f
6d5f53
7f6d59
a59178
dec9ab
fce6c6
ffebc8
fae6c4
f7e3c4
f7e4c2
f4e3c2
f4e5c3
f5e7c6
f3e8c8
f3eac7
f3e9c5
f3e9c6
f3e9c7
f4e9c7
f3e9c6
f3e9c6
f2e9c6
f4e9c5
f6e9c9
f7e7ce
f5e8ca
f5edc3
f6f1c0
f5edc3
f9efcc
faefcd
fff0d0
ffe3c4
d09174
993e1e
ad3f16
e9743e
f67e3e
f27a37
f0793c
f5793d
f87636
f97434
ed7135
f98653
cc5838
8c3724
f1cabb
f4e6e1
eee5e3
f1e7e6
ede9eb
ece9ed
e9ebed
e2efe8
e9e9e9
f0e7ee
eae8ed
f6f1ee
bd9791
873826
e7805e
f07f4a
f07a36
ef7b32
ee7b34
f17932
f47930
f3792f
f9783c
f5793c
f07935
d95536
a63214
e0a98b
f7e8e4
ede6e0
eee8e3
ede9e5
ece7e5
ebe7e4
ebe8e4
eae8e5
e8e6e2
ebebe4
d8bab3
802b22
d56348
f48754
ef7a43
f37437
f26f2b
ef6e32
ec6d33
ea6e31
ef7031
ee6d32
f77142
d95033
9e2c17
dc9978
d4b495
c2b69e
b0a998
a59d91
d1cac1
e4e0db
e7e3dc
e4dfda
e1dbd5
ded6d0
d2cbc3
c2b9b0
b3aaa5
a09795
8a8380
75716e
6c6c69
393937
171815
222321
31322d
3e403a
3c3e39
474a45
5b5f5a
5f655e
676d66
646763
1a1817
3c3f3e
bdc6c4
d5e0e0
9ca3a7
1b1e24
413e48
717070
6e706a
6a6964
68635f
5f5652
59504b
554945
4d3f39
493d30
44372b
493a2d
403127
3b2b20
3c2a20
412e24
49392d
65564a
7a6c5f
857567
877465
907b69
927d69
8f7965
8b755f
af9480
ae9380
ad927e
ac917e
ac917e
ac917e
ab917d
ac927d
ad927c
ac917c
ac917c
ab907b
ab907b
aa8f7a
aa8f7a
a69482
9a8c7e
9d938a
3e3b37
5c5a58
dad9d5
dbd8d2
dcd7d0
dcd7d4
dcd7d3
dcd7d1
dcd7d0
dbd7ce
dbd7ce
dbd7cc
dbd6cf
dfdad5
c8c2ba
a49d93
c3bbb1
c9c2b5
c3baad
cbc2b3
ccc3b2
cbc2b1
ccc3b2
ccc4b1
cdc5b0
ccc4af
cbc3ae
cbc3af
cbc5af
c8c3aa
cbc5a9
c3bea0
aba78b
afac94
d3d1bc
ddd9cc
dad5cd
dcd7d0
dcd7d4
dcd7d4
dcd7d3
dcd7d0
dcd7d2
dcd8d5
dcd8d4
dad7d2
e0ddd8
ece9e3
efece4
f0ede6
f0ede6
f1eee7
f1eee7
f1eee7
f1eee7
f1eee7
f1eee7
f1eee7
eeede9
eeede9
eeede9
eeede9
eeede9
eeede9
eeede9
eeede9
eeede9
eeede9
eeede9
eeede9
eeede9
eeede9
eeede9
eeede9
eeede9
eeede9
eeede9
eeede9
eeede9
eeede9
efeeea
f0efeb
f0efeb
f0efeb
f0efeb
f0efeb
f0efeb
f0efeb
efeeea
eeede9
eeede9
eeede9
eeede9
eeede9
eeede9
eeede9
f0efeb
f0efeb
f0efeb
f0efeb
f0efeb
f0efeb
f0efeb
f0efeb
f0efeb
f0efeb
f0efeb
f0efeb
f0efeb
f0efeb
f0efeb
eff0eb
eff0eb
eff0eb
eff0eb
eff0eb
f0f1eb
eff1eb
f7f2ec
f4dece
9e5a3e
cc5a30
f08247
f48140
ed7f3b
f67e3a
fc7b3a
f4803a
f87e35
f1893d
ea8146
b43e25
d89b8b
faede1
f0f0eb
f1eeea
f2eae7
fcf0ea
fff8f0
d8cbc0
908273
948474
b9a897
d9c9b5
fceed5
fff6da
f9f1d3
f1eac8
f1e9c6
f5e7c5
f6e4c3
f4e4c3
f5e6c5
f5e7c5
f4e9c6
f4eac7
f3e9c6
f3e8c5
f3e9c6
f3e9c6
f3e8c6
f3e9c6
f3e9c6
f3e9c6
f5e6cb
f2e6d0
f0ead1
f3ebcc
f3e3bc
edd6ad
f8ddbb
ddc1a0
bda37a
d5b492
f0ceb5
ffe4ca
f7d0ae
b86e4b
aa3613
e66632
f77d42
f27b43
f1783d
f57735
f5722f
ed7133
f98652
ce5a38
8b3825
f2cbbf
f2e4e3
ede5e6
f0e6e8
ece9eb
ebe9ec
e9ebec
e2efe7
eaebe8
f0e7ed
e9e9ec
f7f2ed
bd9790
883726
e8805e
f07e4c
f17938
f07a33
f07a34
f37833
f47830
f47a30
f9783c
f57a3d
eb7531
d65433
ad3d1e
eab596
f5e7e2
eee7e0
eee8e3
ede8e5
ece8e5
ebe7e4
ebe7e4
eae8e5
e9e6e2
ebeae4
d3b3ad
822c23
da684b
f58554
ec7840
f27337
f06e2b
ee6d30
ec6c31
ed6c2d
ef7130
ee6e34
f37142
d0472a
9f2c15
de977b
debea3
d0c5b0
cbc5b9
a19a92
948f88
999592
7f7c79
767572
67625f
4f4843
4c4845
5e5751
6e6764
716c69
777370
9a9795
a3a2a0
a9a9a7
babab9
c8c7c7
d1d2ce
d6d8d3
dfe1dd
e7e9e5
eceee9
f1f3ee
f3f6f1
f0f1ef
5c5b5b
232424
565a59
676b6c
454a4c
040309
6e6b72
f7f6f6
eeeee9
ece9e5
f2eeea
ede7e3
f1e9e3
efe7e2
e9e0dc
e9e1dc
e3dad8
ddd4d1
d6cecb
c1b8b5
aba39f
9c9490
706963
5c534d
473f37
3d332b
3c3127
463a33
53463f
514537
655747
af9483
af9483
ae9382
af9382
ae9382
ae9281
ae9280
ae927f
ae937d
ad927d
ad927d
ac917c
ab907b
aa8f7b
aa8f7a
a99582
9c8b7c
9d8f87
6f6663
302827
cbc7c3
dbd8d1
d8d4cd
dbd7d2
dbd6d3
dcd7d1
dcd7d0
dcd8cf
dcd8cf
dcd8ce
dcd7d0
ddd8d4
c6bfb8
a79f95
c6beb4
cbc3b7
cbc3b6
cdc3b5
cdc3b2
ccc4b1
cbc3b0
cbc3af
ccc4af
ccc4ae
ccc4ad
ccc3b0
cac3b0
cac3ac
cac5aa
c9c4a8
c4c0a2
acab8c
aead90
cfccb9
dbd7ca
ddd9cf
ddd8d4
dcd7d4
dcd7d3
dcd7d0
ddd7d0
dbd8d3
dbd8d3
dad8d2
dcd9d2
e6e3dc
efece4
f0ede4
f0ede6
f1eee7
f1eee7
f1eee7
f1eee7
f1eee7
f1eee7
f1eee7
eeede9
eeede9
eeede9
eeede9
eeede9
eeede9
eeede9
eeede9
eeede9
eeede9
eeede9
eeede9
eeede9
eeede9
eeede9
eeede9
eeede9
eeede9
eeede9
eeede9
eeede9
eeede9
efeeea
f0efeb
f0efeb
f0efeb
f0efeb
f0efeb
f0efeb
f0efeb
efeeea
eeede9
eeede9
eeede9
eeede9
eeede9
eeede9
eeede9
f0efeb
f0efeb
f0efeb
f0efeb
f0efeb
f0efeb
f0efeb
f0efeb
f0efeb
f0efeb
f0efeb
f0efeb
f0efeb
f0efeb
f0efeb
eff0eb
eff0eb
eff0eb
eff0eb
eff0eb
f0f1eb
eff0ec
f5f1ea
fdebdb
ad694f
be4823
ef7d45
f37c40
ed7b39
f67d38
fd7838
f67e3a
f77a33
ec8337
e88043
b43e22
d2927f
fbeade
eeebe6
efeae4
fff6ee
ecded1
837164
776555
c9baa6
f5e9d3
fef5dc
f9eed4
f2e4c9
f5e6ca
f8e7cc
fae8cb
fae7ca
f6e7c7
f4e8c6
f3e9c5
f3e9c6
f3e9c6
f3e9c6
f2e9c5
f3e9c5
f3e9c6
f2e9c6
f3e9c5
f3e9c6
f4e9c7
f3e8c6
f2e7c5
f4e7cd
f4ecd5
efead2
f5e5ca
a88061
692f18
753826
602714
6c3313
7d321a
8e4a3e
fadec6
eee2bc
ffdfb5
c46a49
ae300a
ec6d3c
f8804d
f1793e
f57733
f5742c
ec6f30
f8834d
cc5a36
8b3825
f1cbc1
f2e5e5
eee5ea
efe7eb
ebeaea
ebe9ec
e8ebe9
e2efe6
eaebe6
f0e7eb
eae9eb
f8f2eb
bc988f
883625
e67d5d
f37f4d
f37839
f17934
f07935
f47734
f57832
f37931
f8773a
f17538
ea7531
d25031
a23616
e8b796
f4e7e2
ece5de
ede7e2
ece7e3
ece7e3
ebe7e4
eae6e3
e9e6e4
ebe7e3
eceae5
cdaea8
7c251c
d86347
f28150
ea743d
ed6e32
f16e2c
f16d30
f16c32
f06d2e
ec6e2c
f07239
f17245
d35137
942814
b6755f
886d5c
554d44
403c35
3d3835
4a4741
535151
7e7c7c
9d9a99
aca8a6
bdb8b6
d9d5d1
e9e3df
f1edea
f1f1ee
f2f1ef
efedeb
efefed
eeeeee
ebebec
eaeaea
e7e9e6
e6e7e4
e4e6e3
e2e3e0
dfdfdd
dfdfdd
dfdedc
e1e1e0
e1e0e1
b2b2b2
9c9c9c
979798
97989a
979698
bab8ba
e1dddd
e0dcda
e1ddda
e3dfdb
e3dfda
e4e1dc
e6e2dd
e6e1dd
e4e1df
e4e1e0
e4e0df
e3e1e0
e7e6e4
eae8e6
e9e9e6
ebeae8
e9e5e3
ded9d5
cbc6c1
b4afa9
a6a29b
9d988f
666057
50493f
af9283
af9282
ae9181
af9282
b19483
b09382
b09283
af9281
ad927d
ad927d
ac917c
ac917c
ac917c
ac917c
ac907b
a8927f
a39182
a39189
a59592
221717
736c68
dcd9d0
d5d4ca
dad5d0
dbd6d1
dbd6d1
dbd7cf
dbd7ce
dbd7ce
dbd7cc
dbd7cf
ddd8d3
c4beb6
a69f96
c5bdb4
cbc3b7
cbc3b6
ccc3b4
cdc4b1
ccc4b1
cbc3af
cbc3ae
ccc4af
ccc4ad
ccc5ac
ccc4ad
cac3af
cac4ae
cac4ae
c8c3ab
c8c4aa
bfbca1
aaa98e
b0ae96
cfccbb
dad6cc
dbd6d2
dad4d3
dbd5d2
dcd7d0
ddd9cf
dbd8d1
dbd8d2
dbd8d1
dad7cf
e2dfd6
edeae0
efede1
f0eee6
f1eee7
f1eee7
f1eee7
f1eee7
f1eee7
f1eee7
f1eee7
eeede9
eeede9
eeede9
eeede9
eeede9
eeede9
eeede9
eeede9
eeede9
eeede9
eeede9
eeede9
eeede9
eeede9
eeede9
eeede9
eeede9
eeede9
eeede9
eeede9
eeede9
eeede8
efeeea
f0efeb
f0efeb
f0efeb
f0efeb
f0efeb
f0efeb
f0efeb
efeeea
eeede9
eeede9
eeede9
eeede9
eeede9
eeede9
eeede9
f0efeb
f0efeb
f0efeb
f0efeb
f0efeb
f0efeb
f0efeb
f0efeb
f0efeb
f0efeb
f0efeb
f0efeb
f0efeb
f0efeb
f0efeb
eff0ec
eff0eb
eff0eb
eff0eb
eff0eb
f0f0eb
f0f1ec
f2efe8
fbeede
a7644d
c24828
f37c49
f67c43
ef7c39
f77d36
fe7838
f87c3a
f97b33
e98133
e87f43
b1391b
be7c68
fce9d9
faf5eb
f4ebdf
aea091
725e4c
a69581
f9ebd6
fdf2dd
f2e8d2
f1ecd0
f2eacf
f3e9ce
f5eacd
f6eaca
f6eac9
f7eaca
f3eac9
f1eac9
f1ebc8
f2ebc7
f2ebc6
f3ebc5
f2ebc5
f3eac6
f3e9c7
f3e9c6
f3e9c5
f2e8c5
f0e5c3
f0e6c3
f2e7c5
fce5c1
f1d9b3
fae8c2
fcd7b5
8b4625
7a290f
7b3723
894f3e
91412c
8e412c
b17a61
ffe7c7
ffe3bc
ffddb7
fed0ac
b6512e
bb360e
ed7546
f47e43
f37733
f5742b
ee712f
f9864e
cd5b36
8b3927
f2cdc3
f2e6ea
ebe5ec
eee7eb
eaeaea
ebeaeb
e8ebe9
e2f0e5
eaebe5
f1e7ea
eae9e9
f7f2eb
bb988d
8b3829
e77d5f
f07e4c
f3783b
f27835
f27937
f47736
f67732
f47931
f7763a
f07437
ea7731
d75637
9e3212
e4b594
f4e9e3
ece5df
ede7e2
ece7e3
ece7e4
ebe7e4
eae6e3
e9e7e4
ebe6e3
eeeae4
d0afa9
7e241c
da6349
f58251
e9723b
ed6d33
f06d2d
f26c30
f26c30
f06d2b
ef6f2d
ef7238
f17448
c94f3c
7d1c14
561e13
56413a
979593
c2c1be
e5e2de
fcf9f6
faf8fa
f7f5f7
f3f2f2
ede9e9
ede7e7
e8e3e2
e3ddda
dddbd9
dadcd9
dbdcda
dddddd
dfdfdf
dfdfe1
e1e0e3
e1e1e3
e1e3e0
e1e3e0
e1e3e0
e3e3e1
e3e3e1
e5e3e1
e6e1e1
e5e1e1
e3e1e3
edebec
efeeee
eeeeee
efeded
efecec
eae9e8
e5dedf
e7dfe0
e5e0df
e5e1df
e4e2de
e2e1dd
e2e2dd
e2e2dc
e1e0dc
e0dfdc
dfdedb
ddded9
dcddd9
dadbd7
d6dad4
d8d8d7
dcd7d9
e1dddc
e3dfdb
e8e5e0
e7e5de
e9e8de
edebe2
e4e4dc
b09383
af9383
af9383
af9384
b19485
b09485
b09283
ae9382
af9480
ae937f
ac927e
ad927f
ad927e
ac917e
ac917d
aa9181
a69183
aa978d
b1a099
443734
362e28
d3cfc8
d9d6cf
d9d5ce
dad5cf
dbd6cf
dbd5cf
dad5cf
dad5cf
dad5ce
dbd5ce
dfd9d3
c4bdb5
a7a196
c5bdb1
ccc4b7
cac3b4
ccc4b3
cbc4b2
cbc4b2
cbc3b1
cbc4b0
ccc4b0
ccc4ae
ccc4ad
ccc3af
cac3b0
cac3b0
cac3b0
c9c3ae
c9c4ad
c8c4ad
bdb8a2
aeaa93
c5c1ae
dcd5cb
dbd6d1
dad5d2
dbd5d2
dcd7d0
dcd8d1
dbd8d1
dbd8d1
dbd8d1
dbd8d1
e1ded6
edeae2
f0ede4
f0ede6
f1eee7
f1eee7
f1eee7
f1eee7
f1eee7
f1eee7
f1eee7
eeede9
eeede9
eeede9
eeede9
eeede9
eeede9
eeede9
eeede9
eeede9
eeede9
eeede9
eeede9
eeede9
eeede9
eeede9
eeedeb
eeedeb
eeedeb
eeedeb
eeedeb
eeedeb
eeedeb
efeeea
efeeea
efeeea
efeeea
efeeea
efeeea
efeeea
efeeea
efeee9
eeede9
eeede9
eeede9
eeede9
eeede9
eeede9
eeede9
f2eeeb
f2eeeb
f2eeeb
f2eeeb
f2eeeb
f2eeeb
f2eeeb
f1eeeb
f0efeb
f0efeb
f0efeb
f0efeb
f0efeb
f0efeb
f0efeb
eeefea
eeefea
eeefea
eeefea
eeefea
efefea
eff1eb
f2eeea
fcece0
ac6b54
bf4528
f37c4c
f07f42
ef7b38
fa7b35
ff7738
f67d3a
f27e34
eb7d34
f3894e
be4928
b46b55
fff9e3
cfc6b3
7b6e5e
867667
e4d0c4
fff8e8
f6e9d2
f2e7cd
f5eacf
f7ecd0
f4ecce
f0e9cb
eeebca
eeedc8
edeec7
eeefc6
f2ebc9
f2eac9
f2ebc8
f4ebc7
f5eac7
f4eac7
f4eac8
f3ebc7
f1e9c5
f5e7c7
f5e6c7
f4ecc7
fcf7cd
fef1c9
fff0ce
ecbd9c
814b21
9f7443
c48b64
82381a
823818
d3a085
ffe6d0
944b34
602108
dda882
e3ac88
9d5f45
ca9377
ffe6c2
df9975
a92a0a
df643a
f08043
ef7933
f5732d
ee712e
fa834a
ce5b36
8f3828
f2cdc5
f1e7eb
f0e3ed
f0e7ee
e8ebec
eae9eb
e9eae8
e3eee4
eaeae5
f1e7ea
eae9eb
f7f1eb
bb998e
8d392a
e97d5f
f17b4a
f47739
f37633
f27635
f47735
f67631
f37630
f77536
ee7535
eb7b37
d35733
a1371b
e7b89b
f2e7e0
ebe2e1
ece5e3
ece6e4
ece7e5
ebe7e6
eae7e5
ebe7e5
efe3e1
f0e8e2
cbada2
7f271b
dd634a
f77f52
ea713c
ed6d32
f26d2d
f26c31
f16c31
f26c2b
f26d2d
ed7035
eb7344
c95241
7b211c
421712
483d3b
615f5f
706a6b
928e8d
9d9f9e
c3c2c5
e0dee1
efecef
f1eef0
f3efef
f5f0f0
f4f0ee
f1efef
ededed
ececec
e9e9e9
e6e6e7
e3e3e6
e2e2e4
e3e2e4
e1e2e1
e1e2e1
e0e1e0
e0dfde
dfdedc
e0ddde
dfdddd
dfdddc
dfdddf
dad9d9
dbd8d9
dad8d9
dcd8d9
dbd9d8
dcdbda
e1dcdc
e2dcdd
e3dfde
e3dfde
e1e1dd
e1e1dd
e1e1de
e0e1dc
e3e1dc
e5e4df
e5e6e0
e5e7e0
e6e8e1
e5e8e1
e8ece4
e8e9e6
efebec
f4f0ef
f2efed
ede9e6
eeece7
ecece5
e3e3dc
d5d9d5
af9685
b09685
b09685
b09586
b09586
b19487
b19588
b19786
ad9480
ac937f
ae9581
ae9581
ad9481
ac927f
aa917d
b09585
a68e81
a79385
b1a096
796c64
281f18
b9b1ad
e2dbd5
d9d5ca
dad6cd
dad6cd
dad5ce
dad5cf
dad5d0
dad5d1
dbd4d0
e0d9d1
c7c0b7
a8a296
c5bfb1
cac3b3
c8c2b0
c9c4b2
cac4b4
cac4b5
cbc5b4
cac5b2
cac5b2
cac5b2
cac5b1
cac4b1
cac3b1
cac3b1
cac4af
cac3ae
c9c3ad
c8c2ab
c3bca6
afa895
b4ad9b
d6cfc1
ded7ce
dcd7d1
dbd6d2
dbd8d1
dbd8d1
dbd8d1
dbd8d1
dbd8d1
dbd8d1
dddad3
e9e6df
f0ede6
f0ede6
f1eee7
f1eee7
f1eee7
f1eee7
f1eee7
f1eee7
f1eee7
eeede9
eeede9
eeede9
eeede9
eeede9
eeede9
eeede9
eeede9
eeede9
eeede9
eeede9
eeede9
eeede9
eeede9
eeede9
eeedea
eeedea
eeedea
eeedea
eeedea
eeedea
eeedeb
eeede9
eeede8
eeede8
eeede8
eeede8
eeede8
eeede8
eeede8
eeede8
eeede9
eeede9
eeede9
eeede9
eeede9
eeede9
eeede9
f2eeeb
f2eeeb
f2eeeb
f2eeeb
f2eeeb
f2eeeb
f2eeeb
f1eeeb
f0efeb
f0efeb
f0efeb
f0efeb
f0efeb
f0efeb
f0efeb
edeee7
edeee7
edeee8
edeee8
ecede8
edeee9
edefeb
f1ede8
fdebde
ac6d56
be4425
f47c4c
e88243
f17839
fb7836
fd7737
f27e36
e97f33
f07d37
fa8f54
c85733
b46148
8f7a5b
57452e
c6b7a6
fef6e8
faf5e9
f7f0de
fff4d9
fff1cd
ffeac7
f8e4c5
f8e7c7
fff3d4
faebcb
f5e7c4
f6e9c4
f5eac4
f3e9c7
f3eac9
f4e9c7
f4e9c7
f6e8c9
f4e9ca
f4e9ca
f3e7c8
f4e5c6
f5e5c6
fbebc3
fde9b8
c8ab79
9b714b
9e6a53
894335
752f11
72360e
642515
692723
652b15
d6ae89
fddbb9
9c5331
862a0a
a8441e
9c3c19
601400
c18c6f
ffe4c1
f7cba5
a64021
c84b24
e47a3a
f07e36
f7722f
ee7331
f38041
d05d36
953728
f2ccc4
f0e6ea
f7dfed
f1e6ee
e4edec
ebe9ed
eae9e8
e3ede4
eae9e5
f1e6eb
e9e8ea
f5f1eb
bd9a92
8d3b2a
e77c5b
f17949
f57536
f37431
f47735
f37531
f77630
f3712f
f5732f
ee7934
ea7d3e
ca542b
a43b23
eab9a1
f4e8dd
eae0e4
ebe2e4
eae3e4
ebe4e4
ebe6e5
eae7e6
ece6e4
f2e0df
f0e9dd
c4ad9a
7a2816
e0634d
f97a52
ee743d
ec6b2c
f46e2c
f06d31
f06d33
f1692c
f46b2e
f17037
eb7745
c64e38
711813
30110b
8c898a
bcb5ba
96888c
7c797a
515958
4c4a4d
4f4b4f
545154
555355
5c5a5a
7a7976
908f8d
9a9a99
a6a5a6
b4b4b4
c9c9c9
d9d9d9
e0e0e0
e7e7e7
ececec
eeeeee
f1f1f1
f2f2f3
f5f5f5
f7f7f7
f7f7f7
f6f6f6
f4f4f3
f4f4f4
f4f4f4
f4f4f4
f3f3f3
f6f6f6
f5f5f5
f3f3f3
f3f2f0
f1f0ee
f2f1ef
eeedeb
edecea
ecebe9
eae9e8
ecece8
e3e4df
dcddd8
d2d3ce
d1d2cd
cdcfc9
c5c6c1
bcbdb7
b0b1ad
a4a4a2
9a9a98
929290
838381
6a6a68
5a5957
4e4e4c
3b3c3b
b2998a
b2998b
b2988b
b3998b
b39989
b29889
b2978a
b19786
b29985
b09783
ae9581
af9682
b09783
ae9682
ad9681
ae9685
ac9688
a99286
aa978c
b5a59b
382d24
4e453e
e5dfd7
d9d4c9
dad5cd
dad6cd
dad6ce
dad5cf
dad5d0
dad5d1
dcd6d0
dcd5cc
d8d1c9
b5aea5
b2ab9f
c9c3b5
c8c2b3
c8c2b3
cac4b5
cac4b6
cac4b5
cac4b4
cac4b3
cac5b2
cac5b2
cac4b1
cbc4b2
cbc4b2
cbc4b2
cac3b1
c9c2af
cac4ad
c4bea7
b2ab98
b8b19f
d7d2c4
ded7ce
dbd6d0
dcd7d2
dbd8d1
dbd8d1
dbd8d1
dbd8d1
dbd8d1
dbd8d1
dcd9d2
e6e3dc
f0ede6
f1eee7
f1eee7
f1eee7
f1eee7
f1eee7
f1eee7
f1eee7
f1eee7
eeede9
eeede9
eeede9
eeede9
eeede9
eeede9
eeede9
eeede9
eeede9
eeede9
eeede9
eeede9
eeede9
eeede9
eeede9
eeede9
eeede9
eeede9
eeede9
eeede9
eeede9
eeede9
eeede9
eeede8
eeede8
eeede8
eeede8
eeede8
eeede8
eeede8
eeede8
eeede9
eeede9
eeede9
eeede9
eeede9
eeede9
eeede9
f2eeeb
f2eeeb
f2eeeb
f2eeeb
f2eeeb
f2eeeb
f2eeeb
f1eeeb
f0efeb
f0efeb
f0efeb
f0efeb
f0efeb
f0efeb
f0efeb
edeee9
edeee8
edeee8
edeee9
eeefea
eeeeeb
ededeb
efede7
fdf0de
c3896e
b5391a
f77547
f18146
f27437
f37431
f17934
f27b35
f98038
ec7c35
f18749
ce5734
701901
584421
cdc7a8
fff6dc
fde8d1
eed1bc
ddac93
b97356
a7583d
a7573b
914633
984f3a
c17e62
edb89a
ffdfbe
f9e6c4
efe9c5
f1eac7
f2e9c7
f2e8c8
f2e9c8
f4e9c8
f3e8c7
f4e7c5
fbe7ca
ffead2
fff4d1
f1d7a5
a36f38
7d3204
73240b
510e04
651d15
934b30
76361b
612020
642028
773b28
f0c89a
e4b88c
8a2d13
b04421
b5481c
9d4013
d2926a
ffdab6
f9e2c0
fee4bd
bd6d48
ad350f
e47237
f47a37
f97432
eb742f
f1823f
d56239
953121
eec2b9
f5e6e9
f6dfeb
eee7ed
e4edec
ece8ec
eae8e8
e3ede4
ebe9e5
f0e5ea
eae8ea
f3efe9
bd9b93
8e3c2b
e17656
f17848
f47335
f1722f
f07331
f37631
f4742f
f67332
f4712f
ef7a35
e87c3d
cc562d
a33923
eab9a2
f3e8db
e9e1e3
e9e3e3
eae4e4
eae4e4
e9e5e5
e8e5e6
e9e5e4
eee3e2
ebeadb
bda691
7e2e19
dd644a
f0744a
f1743d
f36d30
f46e2e
ee6b2f
f06d33
f1672a
eb6223
f4743c
ef7b4a
b33f27
7b241b
3a1510
968f8f
f5eef1
f6eaec
f4f2f3
e8efef
e6e5e9
cccacd
b8b6b9
a7a5a7
8b8a8a
7d7d7b
767573
676665
4d4d4d
494949
4e4e4e
545454
5d5d5d
646464
5e5e5e
5b5b5b
606060
5d5d5d
636363
686868
6b6b6b
706f70
737272
737373
737373
757575
747474
696969
656565
636363
5c5c5a
60605d
5f5e5c
5b5a58
585755
555452
52514f
535350
444541
3c3d39
40403d
464643
484845
4c4c49
484945
464743
4b4b49
585856
686866
747472
7d7d7b
8e8e8c
a9a9a7
c0c1c0
b59a8e
b5998f
b49a8f
b49b8e
b39b8c
b49b8b
b39c8c
b39c89
b19a85
b09a85
ae9782
ad9782
ae9782
ae9883
af9984
ab9685
ab9786
ad9588
ac9689
b9a69a
8a7a70
1a1206
847e73
e6e1d7
d6d2ca
dad6cd
dad6ce
dad5cf
dad5d0
dad5d1
dad4ce
dbd4cc
ddd6ce
cfc8be
a9a299
b8b0a6
cac4b8
c6c0b4
cac4b7
c9c3b7
cac4b6
c8c2b3
cac3b4
cac4b3
cac4b2
cac4b1
cbc4b1
cbc4b3
ccc4b5
c9c1b3
c9c2b1
c8c2ad
c2bda5
aea792
c2bba9
dfd9cb
ddd6ce
dbd6d1
dbd7d2
dcd8d2
dbd8d1
dad7d0
dad7d0
d9d6cf
dad7d0
dddad3
e8e5de
f1eee7
f1eee7
f1eee7
f1eee7
f1eee7
f1eee7
f1eee7
f1eee7
f1eee7
eeede9
eeede9
eeede9
eeede9
eeede9
eeede9
eeede9
eeede9
eeede9
eeede9
eeede9
eeede9
eeede9
eeede9
eeede9
eeede9
eeede9
eeede9
eeede9
efeeea
edece8
eeede9
eeede9
eeede8
edece8
eeede8
eeede8
eeede8
eeede8
eeede8
eeede8
eeede9
eeede9
eeede9
eeede9
eeede9
eeede9
eeede9
f0efeb
f0efeb
f0efeb
f0efeb
f0efeb
f0efeb
f0efeb
f0efeb
f0efeb
f0efeb
f0efeb
f0efeb
f0efeb
f0efeb
f0efeb
edeee8
edeee8
eeefe9
eeefea
efefec
eeeeec
ededed
eeede9
fbf2e4
e7b59b
b03c1c
e9673b
f57d47
f7753a
f27732
ee8037
f57a34
fa7b34
f1803a
ea7b41
af3e18
82351b
ecd8b4
fbf1c8
ddbc97
b87051
b74d32
b83c1e
c44622
ce552b
dd6138
e3603c
da5731
b33811
9e3a15
edb18f
fddfc5
e9e3ca
f0e9c7
f0e8c4
efeac8
f0eaca
f2e9c8
f4e7c4
f7e6c3
e7d4ab
bca07a
bd9071
945437
79300f
d8926b
e7b08a
a76d4e
561204
a66545
be8755
6f381a
4a0f03
905c3f
ffe1bc
f1ceb4
985c47
8d482a
bf7b4f
f4c493
ffe2bb
f7e3c3
f1e4cb
fceeca
d5966c
a52f09
dc632b
f07331
f87632
f07933
ef7e3b
dc673a
972e19
e8b1a9
f6e1e3
f2dfe7
eae9eb
e4edeb
efe7ec
eae8e8
e3ede4
ebe9e5
f0e5ea
e9e7eb
f3efe8
be9c94
903e2d
e67a5a
f07647
f27134
f1722e
f07432
f0732e
f4732f
f1702f
f47231
ee7935
ea7d3e
c8542a
a53b26
ebbaa5
f0e6d9
e9e3e1
e9e4e3
eae4e4
e9e6e4
e7e5e6
e7e6e7
e8e5e8
eae7e4
eae9db
bea28b
88331b
de6847
e97240
ed6c33
f4682d
f46d2e
ee6a2e
ef6b30
f06728
ed6323
f5753d
ea7547
a8371d
8f372b
40110e
69585b
f2ebee
eae5e5
e2e2e3
dfe2e5
e0e3e4
e9eaec
ececee
f0f0f1
f2f2f1
f4f3f0
f3f2ef
f0efee
ededed
e8e8e8
e5e5e5
dfdfdf
d6d6d6
c9c9c9
bebebe
b6b6b6
adadad
a3a3a3
9a9a9a
8e8e8e
7d7d7d
7a7a7a
797979
7b7b7b
7a7a7a
797979
7a7a7a
787878
7c7b7b
858484
8b8b89
969693
9e9d9c
a3a3a1
a8a8a6
adacab
afafad
b0b0ae
b8b7b6
c0c0be
ccccca
d4d4d3
dbdbda
e2e2e0
e0e0de
e2e2e0
eaeae8
ececea
f0f0ee
ececea
edeeec
f0f0ee
e3e3e1
dbdddc
b69992
b69991
b59a91
b29b8f
b29c8e
b19d8c
af9d8b
b19e89
b29c87
af9984
af9a85
ae9984
ac9782
ac9782
ac9884
aa9887
ab9888
b0998a
b39a8d
ab9487
b2a093
7d7363
231c0e
8a857a
e4e0d7
d5d1c8
dbd7cf
d9d5cf
dad5d0
dad5d1
dcd6cf
dad4cc
dbd4cb
dad3ca
bdb5ad
a9a198
c6bfb6
cac3b9
c9c3b7
c7c1b5
c9c3b7
c9c3b6
c9c3b4
c9c3b4
c9c3b3
c9c3b0
cac3b0
cac3b2
cac1b6
c9c0b6
c8c1b2
c5beaa
bfb9a0
aba58f
c8c1ae
dcd5c8
ded7cf
dbd6d1
dcd7d3
dcd9d2
dbd8d2
dbd8d1
dad7d0
d8d5ce
dad7d0
dddad3
e9e6df
f1eee7
f1eee7
f1eee7
f1eee7
f1eee7
f1eee7
f1eee7
f1eee7
f1eee7
eeede9
eeede9
eeede9
eeede9
eeede9
eeede9
eeede9
eeede9
eeede9
eeede9
eeede9
eeede9
eeede9
eeede9
eeede9
eeede7
eeede8
eeede8
eeede8
eeeee8
edece6
ecece7
ebeae5
ebeae5
eae9e4
ecebe6
edece7
edece7
eeede8
eeede8
eeede8
eeede9
eeede9
eeede9
eeede9
eeede9
eeede9
eeede9
efefeb
f0f0eb
efefeb
efefeb
f0efeb
f0efeb
f0efeb
f0efeb
f0efeb
f0efec
f0efeb
f0efeb
f0efeb
f0efeb
f0efeb
edeee9
edeee9
eeefeb
eeeeec
eeeeed
eeeeee
eeeeee
efebee
faefed
f7d3c1
a24124
d15b32
ee7945
fa753e
f77b37
f07e36
f67d34
f27b32
fb8544
d45728
8a2f0c
e4b79a
ffe6d0
d0a883
642905
aa4e27
ed7950
ee6b43
d44c25
d04a25
d14e25
ce481b
e25525
ff7d4d
bc4417
d4825c
ffdcc1
eae5cf
ede7c6
efe8c3
efeaca
ebe7c8
eee6c5
f8eac6
a7936b
4b380f
5b4118
642c14
681b10
732b19
daa37f
ffedbe
e6b484
5f220c
78441e
f9d38f
d6b07a
673a1a
bf9771
fee5cb
f8e2d8
f5e7d2
f6e1c3
fde5c1
fae9c4
f2e6c9
f1e6cf
f2e4ce
f9ecc8
ca8b63
a92d0a
de632d
f27633
f67731
f17c33
f47a38
de6736
9f2e16
e3a199
fae0e1
efe0e5
e6ebe9
e4edeb
f1e6ec
eae8e8
e3ede4
ebe9e5
f0e5e9
e9e7e9
f3eee9
be9c94
923f2e
ea7e5f
ef7746
f17132
ef702d
ee712f
ef722e
f2712e
f27030
f37130
ef7a37
eb7e41
c75128
a73e29
edbba9
f0e5d8
e8e4e1
e9e5e2
e8e7e3
e7e6e4
e7e6e6
e7e7e9
e7e6e9
eae4e3
efe7db
b78f7b
8e3218
de6b42
e7733c
ed692e
f7672c
f26b2d
ee6a2f
ec692b
ef6824
ef6423
f4743c
e77346
a43619
963d2e
7c4643
3e2629
686062
b2b1af
d9dbdb
e8ebef
ecf4f3
eaf1f1
eff3f4
eceded
e8e8e8
e1e0de
e0dcdb
dedddc
dededf
dfdfdf
e0e0e1
e3e3e3
e5e5e6
e8e8e8
ececec
ededed
efeeee
f0f0f0
f1f1f1
f3f3f3
f4f4f4
f4f4f4
f5f5f5
f5f5f5
f5f5f5
f5f5f5
f6f6f5
f5f5f5
f3f4f3
f1f1f1
f1f1ef
f0f0ee
eeefec
ededeb
ebebe9
e8e9e6
e8e8e6
e8e8e6
e7e7e7
e3e3e3
e1e1e1
e0e0e0
dedede
dbdbdb
d9d8d8
d9d9d8
d9d9d7
d9d9d7
d9d9d7
dededc
e1e1df
e4e4e2
e7e7e6
eaebea
b59894
b59892
b49990
b29a8e
af9b8d
ae9d8b
ad9d89
af9d89
b29d88
b29d88
ae9983
ab9680
b19d88
ac9782
af9a86
ab9a87
ac9a87
b09889
b3998a
b19789
a89585
c1b4a2
67614f
100c03
ada8a0
e9e4dc
d6d1ca
dbd5d0
dad5d0
dad5d1
dbd5cd
dcd5cc
dad3cc
dcd5cd
dad3cb
b4ada5
a69f99
b9b2aa
c6bfb5
cbc5b8
c9c3b7
c9c3b7
c9c3b5
c9c3b5
c9c3b2
c8c2b0
c7c1ae
c8c1b3
c8bfb6
c6bdb5
c7c0b3
c2bca9
b6b099
b6b09b
d4ccbb
dcd5c9
ded8cf
dcd6d0
dbd6d1
dbd7d1
dbd8d1
dcd9d2
dad7d0
d8d5ce
dbd8d1
dfdcd5
eae7e0
f1eee7
f1eee7
f1eee7
f1eee7
f1eee7
f1eee7
f1eee7
f1eee7
f1eee7
eeede9
eeede9
eeede9
eeede9
eeede9
eeede9
eeede9
eeede9
eeede9
eeede9
eeede9
efede9
eeede9
efedea
eeede9
edede8
eeede6
eeede6
ebebe4
ebebe3
f4f4ed
fcfbf4
f5f5ef
fcfbf7
fffef9
f9f8f3
f5f4ef
f3f2ed
eeede8
ecebe6
ecebe6
eaeae6
ebeae6
eceae6
ecebe7
edece8
edece8
edede9
eff0ea
eff0eb
eff0eb
eff0eb
eff0eb
eff0eb
eff0eb
eff0eb
f0efeb
f0efeb
f0f0ec
f0efeb
f0efeb
f0efeb
f0efeb
edeeea
edeee9
eeeeec
eeeeec
eeeeee
eeeeee
eeeeee
f2ebf3
f7e7f2
f9e2d8
a85e44
b7542c
ec804b
f8743c
fa7a37
f37a31
ef792e
f0853a
f4773c
bd330e
d38e6d
faeacf
fbd7cd
d0ae8f
935d3e
9c4221
c44f2d
c74c2a
c95e40
d88267
df977c
c47355
ab3c17
ec7146
c24d22
d7855b
fedbb7
f6eed0
fdf6d0
f6efca
f1edcd
f1eecf
fef8d8
cbbc97
3e2807
7b603c
f3dbbf
f5d8bf
9c6c52
6d2b0c
a1532d
d8936d
ab6445
511704
a47958
fce1ae
fbdfbc
eac7b3
fce0c1
f9e7c3
f0e7cd
eee6cd
f4e6cb
f4e5c9
f1e5cd
efe6d3
f3e4ce
f7e4c5
ffeac1
b06440
b12f0e
e86f38
f27d36
f1792e
ed772f
f87636
e56c39
9e2910
d58c85
ffe3e2
efe2e3
e4ebe8
e4eeea
f1e5ea
eae8e8
e3ede5
eae8e6
f0e5ea
e9e8ea
f3eee9
be9c94
903e2e
e77b5c
ee7647
ef6e31
ef702d
ee702e
ee702d
f2702e
f26f31
f47030
ef7a38
ec7d42
c9522c
a73d2b
eebba9
f0e6d9
e8e5df
e8e6e1
e7e6e3
e8e7e7
e7e7e9
e6e5eb
e7e5ea
efe3e6
f7e3dc
b78373
953317
e67045
ea773d
f06c2f
f76529
f16a2f
ee692d
ec6928
ef6823
ee6622
f4753b
e87347
992e10
ac5342
eeb5b1
cfb3b5
7e7777
2f312d
262929
55585b
6d7272
808685
9b9e9f
b7b8b9
c4c3c2
dfdddb
eeece9
f5f2f1
f5f5f4
f5f5f4
f2f1f1
eeeeed
ebeaeb
e7e7e6
e2e2e2
e0e0e0
dddedd
dddcdd
dbdbdb
dad9da
d9d9d9
dadbda
dbdbdb
d9dada
dadada
dadad9
d9d9d9
d9d9da
d8dad9
d9d9da
d9dad9
d9dbd8
d8dad6
d8dad7
d6d9d6
d6d8d4
d6d8d5
d8d9d6
dcdcdc
dcdcdd
e0e0e0
e3e3e3
e7e7e7
eeeeee
efefef
eeeeed
ececea
e8e8e5
dfdfde
d4d4d1
bbbbb9
b4b4b2
9b9c99
868787
b09992
b09a90
b09a90
af9b8d
ae9c8c
af9c8c
ad9b8a
b09c8b
b49f8c
b29d89
b09b88
b19c88
b39e89
b19b86
b09d86
ad9c8a
ad9c8b
ae9b8a
ae9a89
af9c8a
ad9c89
ae9d8b
afa38f
504a39
22190f
bbb0ab
e9dede
d8cfcf
d9d4d0
dad7d0
d8d4cf
dad5d0
dad5d0
dad4d0
dbd6cf
d3cec6
bcb7af
afa9a1
b2aba3
bab3aa
bfb8ae
c8c2b6
cbc5b9
cac4b7
c9c3b5
c9c2b4
c9c2b5
cac2b8
cbc2b9
c6bdb5
bbb2aa
b9b0a6
c0b8ad
d5d1c2
dad6c8
dbd7cb
dad6cb
d9d5cc
d9d5cc
d9d6ce
dad7cf
dcdad1
dad7ce
dad7ce
dbd8d0
e3e0d9
ece9e3
f0ede8
f0ede6
f0ede6
f0ede7
f1eee7
f1eee7
f1eee7
f1eee7
f1eee7
eeedea
eeedea
eeedea
eeedea
eeedea
eeedea
eeedea
ededea
eceee9
eceee9
edeee9
efefeb
edecea
ecebe9
edece9
eaebe6
edeee8
f2f2ec
fcfcf7
fbfbf4
e3e2dd
807d75
3a3935
6c6b68
898886
b4b4b0
d1d0cd
deded8
f6f6ef
fffff6
fbfcf5
fdfefa
fdfdfa
fbfbf6
f5f6f1
f4f5f0
f2f4ef
f0f1ed
f0efec
efedeb
eeedea
ecece8
ebede7
edede7
ebede7
ecede8
ecede8
ecede8
edeee9
eeeee9
eeede9
efeeea
f0eeeb
efeee8
efefe9
efefeb
f0eeeb
efedeb
f0edec
efedee
f3eaee
f4ebec
f5f1e5
ad8673
944223
ee8856
f27f41
f47a37
f27932
eb7b2f
f5803c
e25b2c
a02201
ecb08c
fbeacd
f9e2d3
f4ebcf
fbebcb
edb596
b5492b
993310
d7a17a
ffeace
fff6d2
f6cfa1
b14f2c
bf3f20
b3431d
e9a375
ffe2b6
e6c49d
bb8861
98623e
7f4e33
9f6d59
b7816d
884f33
602a08
d3a579
fff2cd
fbe3c1
8f6145
681a01
b3452b
9f3318
7b2007
844f2c
dab890
fadfb9
f8e4c9
f8e7d2
f6e8cd
f5e9c8
f5e9c8
f5e6c7
f3e7cb
f1e7d3
f0e6d9
f4e5d6
f7e1ca
ffebca
e5ac86
a73c15
d05728
ed7738
f27e33
f0772b
f0742f
f57536
ea7440
972209
c27f76
faeae7
ecdfe2
efe7eb
eaebed
eee6eb
eae8e9
e3ece5
eae7e6
f0e4ec
e8e6ea
f3eee8
c19d96
933e2e
e77c5a
ed7945
ed7031
ef702e
f0702f
ee702e
ee7330
ee722f
f6722e
f2763a
f07c40
cb5231
a63f2d
edbfa8
eee6dc
e4e3e0
e7e5e1
e6e5e4
e7e5e6
e7e5e8
e6e5e9
e7e4e7
f1e1e4
f6e0d8
af7d6a
9c361a
e96c43
ef763c
ee6e2d
f3692a
f36c2e
f0672c
ef6527
f06622
ee6825
ef7137
e26e41
8e260b
c47563
efc1b3
dccac3
eceae6
6f6f6c
484a46
bebeba
b3a8a1
9c928b
797066
6b6660
544e44
565148
767265
898576
8b887d
88877d
a7a499
bdbab4
c8c5c1
d4d1ce
e4e0dd
ece8e8
f2eeee
f0eeee
eeeeed
f4f4f3
edf0ee
eaeeec
edf1ef
eff2f3
f0f2f3
f0f1f2
efeff0
eff0ef
f2f0f0
f3f0f1
f3f2f1
f3f2f0
efefec
f3f3f0
f2f3ef
eef1eb
e9ece7
e7ebe6
e5e3e5
d9d6d7
cdcccb
c4c1c1
b2afae
969592
83807d
716f6e
62615f
565653
51514f
464543
40403b
5a5a56
54554e
2b2c26
af9c90
af9c8f
af9c8f
af9c8e
af9d8e
af9c8d
af9c8b
b09d8c
b29e8d
b19d8b
b09d8a
b19e89
b19e88
b19d88
af9d87
af9d8c
af9e8e
af9e8c
af9e8c
af9d8c
af9e8a
af9d89
ac9c88
b4ab97
695d4f
251710
afa1a0
ede1e1
ded7d3
d8d6cc
d9d6d0
dad5d2
dbd6d1
dad5d1
d9d4cf
dcd7d1
ddd9d2
d6d2c9
c8c2ba
b9b2aa
afa89f
b1aaa0
b7b1a5
c0baae
c0baae
bbb5a9
b7afa5
b0a89e
aea69d
afa79e
b9b1a9
ccc4be
dad2cd
dbd7cc
d8d5ca
d9d7cb
d9d7cb
d8d5cc
d8d5cd
d9d6ce
d9d6cd
d9d7cc
dbd8cf
e2dfd7
e2dfd8
e8e5de
f0ede7
efece7
eeebe6
f0ede6
f0ede6
f1eee7
f1eee7
f1eee7
f1eee7
f1eee7
eeede9
eeede9
eeede9
eeede9
eeede9
eeede9
eeede9
edeee9
ebeee9
eceee9
eceee8
ecede8
ecebe7
eeede9
f3f2ef
fcfcf7
f4f4ee
d5d3cf
a09f99
706d65
36322a
555147
6d6962
54534b
47453c
48453d
403e36
3c3a30
4b493f
6b6b60
85847c
8b8c85
9f9f9a
babbb3
d0d1c9
d8d9d3
ddded9
e9e9e2
f3f4ef
fafbf6
fdfef9
fffffc
fffffd
ffffff
ffffff
fffffe
fdfef9
fafaf5
f6f7f2
f5f5f1
f3f3ee
f1f2ed
f1f1ec
eff1eb
eff1ea
eeefea
edede9
eeedea
edecea
ececec
f2e9e9
f1e7e5
f3f5ec
b09287
822f1c
f08458
f28042
f77938
f67732
eb762e
f87f3e
dc5d2e
a73c19
f7c5a1
fae6c6
f7e1ce
f7e0cd
f8e6ca
edbfa0
ad4626
a13711
c9845a
ffddc1
fedcba
d9a176
ab482d
972b12
c77f5a
ffdfb0
e3a980
a34526
bf4724
bf4425
aa2e1e
b3312a
9b1912
a42718
b74428
bb4d29
db7e56
a25632
5d1c00
975034
c57a5b
c8825f
d9a07a
f9d5ac
ffe7be
f7e3c1
f4e8cb
f1e8cd
f1e7cd
f6e7cc
f7e8cb
f6e9cc
f5e9cf
f4e9d4
efe9d3
ede6cc
fae7ca
f7d1b5
a85030
b74014
eb7941
ef7c38
f27b32
ee742a
ee712d
f87b3d
e4723d
972207
bf7f74
f6ede8
ecdee2
f3e3e8
e9e8ec
ebe6eb
e9e8e8
e2eae4
e9e6e5
f0e5ec
e7e5ea
f2ede8
c19e96
933f2d
e77d59
ec7b45
eb7231
f0702e
f1702f
ef712f
ec7430
ec742e
f7732d
f7763d
f17c3d
c95130
a5402e
ecc0a8
eee6df
e4e3e1
e6e5e2
e6e4e4
e6e4e5
e6e4e7
e6e4e7
e7e4e6
f2e1e2
f5e0d6
a26e5a
a63d22
ed6c44
f1763c
ee722f
f26a2a
f2692d
f1662b
f06326
f26725
ec6725
f0743b
de663b
89240d
c47b69
e9c3b1
d0c6ba
d9dad4
6d6e6b
51524e
ebe7df
f6e5d9
faeadc
fef0e1
faeedd
f0e7d4
dcd6c1
c9c4ae
ada691
948c7e
888071
6d6555
645e55
5a5246
4a4137
595047
635853
6f665f
726a64
6b665f
69675e
6f6e65
7a7b72
86877f
85837f
85827c
8a867f
928d88
96908b
938a86
928885
89817d
89827c
827b75
79736d
77736b
6d6b61
666659
68675d
554c49
463e39
39312a
4d443f
5c554f
5d554c
726a60
8c847c
9a928b
ada79f
c2bcb4
d1ccc3
dbd8cd
e6e4d8
ebe8db
777566
b09d8e
b09d8e
b09d8e
b09d8e
af9d8d
b09d8e
b09d8d
b19e8d
b19e8f
af9d8d
af9d8b
b09e8b
b19f8a
b09e89
b09e88
b09d8d
b09d8e
b09c8c
b09c8d
b19d8c
b09e8a
b09d8a
af9e89
ab9c88
bdac9c
806f65
291813
80716d
e0d6cf
dfdbcf
d6d2cc
dad5d1
dad5d0
dad5d1
dbd6d1
d9d4ce
dbd6d0
dcd7d1
ddd6d0
dcd5ce
d2cbc3
c0b9b1
b1aaa0
ada69b
afa99e
b2ada1
b4afa4
bebaaf
c9c4bb
cfcac2
d7d2cb
d9d4ce
d8d2cd
d8d4cb
d8d6cb
d9d6cd
d9d6ce
d8d5cd
d8d5ce
d9d6d0
d8d5ce
d8d6ca
e5e2d9
8a8780
c4c1ba
f7f4ed
eeebe5
eeebe6
efece6
f0ede6
f0ede6
f1eee7
f1eee7
f1eee7
f1eee7
f1eee7
eeede9
eeede9
eeede9
eeede9
eeede9
eeede9
eeede9
edece8
e9ebe6
eaece6
ecede7
f4f4ee
fdfbf6
f6f5f0
dcdad5
a6a39c
69655d
454139
625e54
827c72
9d958c
bfb7ac
bdb6aa
bab6a4
b9b5a3
b7b2a2
b1ab9d
a5a093
8f8b7e
858075
6b665c
454339
403e35
3e3b32
38362c
34322a
36342c
3c3a31
41463b
5e6358
71736b
868781
918f8c
9e9898
9f989b
9f9b9c
b1b0ab
c8c7c3
dbdbd6
e3e3df
e4e4e0
e8eae5
e8eae5
ebefe9
eef3ec
f2f5ef
f8faf4
fcfdf8
fffffb
fffffc
fffcfc
fffcfd
ffffff
c6a7a1
802e1f
ed8158
f28244
fb7d38
f8732e
f17430
f67f3d
d85e2a
b05028
fdd3ab
f4e3c2
f7e0cd
fadecd
fbe2c7
f6cbab
bc5f3b
ae360f
bd4823
de8164
c5644e
9e351f
841f0a
b66248
fbbf9d
e29b75
aa421d
c94020
e2582c
e96039
dd4f36
c02d1d
c63629
b52111
c72d19
dd4428
d04523
a33e1e
a86949
f4ceab
ffe7c1
ffe7c3
ffe8c6
fae6c6
f6e4c6
f5e6ca
f0e6cc
f0e9cf
f2e9ce
f5e8cb
f5e9cc
f1e8d0
f7e6cf
f6e5cb
ede9c2
eceabf
ffe2bb
b1644e
a23416
e26c39
ef7a3f
f47e3b
f47c35
ee732c
ec6f2c
fb8040
e5733c
982407
c18075
f7eee7
eddfe2
f0e1e6
e7e7e7
ece6ea
e8e7e7
e2eae4
e9e6e5
efe4ec
e7e5ea
f1ede8
c19e96
943f2e
e77d59
eb7a44
ec7130
ef702d
f1702f
ef712f
ea722f
ec732e
f9752f
f9793f
f07c3e
c74f2e
a33e2c
ebbfa7
eee7df
e3e3e1
e6e5e2
e6e4e4
e7e5e6
e6e4e7
e6e4e7
e8e5e7
eee1e0
f7dfd7
9c5f4e
af3f27
ef6e47
ee773d
f47635
f66a2b
f1662a
f0652a
ef6426
f16928
ed6b28
f1733d
df633e
841f0f
cb8573
e7c5b4
cfcabe
dcdfd9
8d8d8b
373431
d6cec7
e8d9c9
e7d7c7
e9daca
eaddcc
ece1ce
ede5ce
efe7d0
f7ebd6
faedd8
fef1db
f8ebd6
f5e7d3
eddfcb
ded0bb
d2c5b2
c7b9aa
bdaf9f
b4a797
aa9e8e
9e9483
958c7b
918b78
8c8470
8b7e6b
867965
7b6d5c
766758
736258
7c6c63
817068
807267
897d70
8f8174
95897b
9d9383
a69b8b
afa693
b9ae9d
cab8a8
d6c5b5
dbcab9
e8d7c4
f3e3cf
f9e8d4
f8e8d2
f9e7d1
f7e5d1
f1e1cc
ebdcca
eadccb
e4d9c9
e0d5c6
dfd5c6
6c644f
b09d8c
b09d8c
b09d8c
b09c8c
b09d8d
af9c8e
af9b8c
af9d8d
af9d8e
af9d8e
b09f8e
b09f8d
af9e8b
af9d89
af9e8a
b09d8e
b29c8e
b29d8c
b29d8c
b29d8c
b29d8a
b29d8b
b29e8a
b09d87
b09a89
c5afa2
857167
26150c
544a43
c3bdb1
e9e5db
d8d3cd
d8d3ce
dbd6d0
d9d4d1
dad5d1
dad5d1
dad4d1
dbd4d0
dbd5cf
ddd6cf
dcd5cd
d7d0c7
d2cbc1
d7d0c5
dbd6cc
d8d8ce
dad8ce
dad7cf
d8d6cf
d6d3ce
d6d3ce
d7d3d0
d8d4cd
d7d6cc
d9d6ce
d9d6d0
d8d5cf
d9d6d1
d8d5d1
d5d2cc
e6e4d8
c5c2b8
2d2b22
c9c6be
f6f3ec
ece9e3
eeebe6
efece6
f0ede6
f0ede6
f0ede6
f0ede6
f0ede6
f0ede6
f0ede6
edece7
edece8
edece7
ebeae5
eae9e4
ebeae5
efede8
f5f5f1
fbfcf9
fbfbf7
f2f2ed
d3d3cc
a2a09a
67645d
403b33
49423a
847c73
aba399
bab1a8
bfb5ab
b1a79d
aba095
aba292
afa993
aca591
afa894
b1aa98
b4ac9c
b7b0a1
bbb3a6
bdb6a9
c1bcb0
beb8ad
b8b2a6
ada69b
a7a195
a59f93
959084
838676
767969
727264
66645a
57524a
4e4441
493f3e
433b39
403934
4b433e
423d37
35322b
36322c
34332b
37372f
3f4037
42453b
48483e
514f45
5d584f
665d55
70675f
847973
7d7671
72766c
634a41
823624
e58257
e98342
f48239
f97630
f37430
f57c3b
da5f2c
9f3c19
f4c79e
f8e5c6
f6e0cc
f5e5cf
f4e3c7
ffe3be
c87d55
bc3914
eb5132
c03518
a61f0d
9f180a
9d2c14
b44b2c
c2472a
c7381b
d74b25
f37645
e1662f
c83c10
d6381d
d73828
ad2615
d1664b
df8863
c8724a
bb6641
dca084
ffe1c9
f4e6cb
f2e7ca
f5e4cc
f9e3d1
f5e4ce
f4e5cb
f4e7ce
f3e8d0
f2e8ce
f2e9cd
f1e6c7
efe4c5
efe3cb
f1e2ca
f2e3c3
f5eabf
eed4a6
a76841
8d2306
d0562e
ec753c
f37b3e
f57c39
f47a34
ee732e
ef7331
f67b3c
e4723a
972407
bd7e6f
f9f0e7
ece0e1
f0e3e6
e8e7e7
ebe6e9
e9e7e9
e2ebe6
eae7e5
efe4ec
e8e5eb
f2ede8
c19d97
923d2c
e67d59
ea7a44
ed7131
ee6e2c
f0702f
ee702e
e76f2c
ef7632
f6722c
f4743a
ef7a3b
c84f2e
a03b29
e9bba3
eee6df
e4e3e1
e7e5e3
e7e6e5
e6e4e5
e5e3e6
e6e4e6
e7e4e6
eee5e3
f6ddd4
8e4638
b73f29
f27249
e67135
f87735
fb6b2e
f5682a
f1662b
ed6426
ed6726
eb6a2a
ef703e
da5c39
862112
d18f81
e3c5b6
cdcbc1
d2d8d3
a4a5a2
3d3533
dbd0ca
e9dcca
e9d9c6
ecdcca
eddfcb
ece0ca
eadec8
e8dec5
eadcc5
ecdac6
e8d7c2
e9d9c1
ebdac2
ecdcc3
f0e0c6
f2e2c8
f4e2cc
f7e6d0
f8e7d2
f9e8d2
fae9d3
f8ead3
f9ead4
fae9d1
fdeace
fce9d0
fce9d0
fae8d1
f8e6d3
fae7d8
fce9da
fae8d7
f8e7d5
f8e8d3
f8e6d2
f7e7d1
f5e4ce
f2e2ca
f2e0c8
f4dec6
f4dec6
f1dcc2
edd8be
e9d4b8
e8d3b7
e7d2b6
e9d3b5
ead4b5
e9d5b6
ead4ba
e9d4bd
ead6c0
e6d3c0
ead8c5
746852
b19f89
b19f89
b19f8a
b29f8d
b3a091
b19f91
b09d8f
b19d8f
b09f91
b1a090
b0a090
b1a191
af9f8e
ae9f8c
b0a08d
b19d8f
b29c8e
b29d8c
b29d8c
b29d8c
b29d8a
b29d8a
b29b88
b69c87
b69b88
b29787
baa295
a49184
3d3126
251e11
888377
e4dfd8
e5e0da
d7d2cc
dad4d0
dad4d0
dad5d1
dad5d2
dcd4d1
dcd4d0
dbd3cd
dbd4cd
dbd4cd
dcd4cc
dcd4cb
d8d5cb
d5d5cc
d6d5cd
d6d6ce
d5d5ce
d5d4cf
d5d4cf
d5d4d0
d8d5cc
d8d5ce
d9d6cf
d9d6cf
d8d5d0
d7d5d0
d5d2cf
dedbd5
dbd9ce
56534b
959288
f4f1e9
ede9e2
eeebe5
eeebe6
efece6
f0ede6
f0ede6
f0ede6
f0ede6
f0ede6
f0ede6
eeebe4
ebebe4
ebebe4
efeee7
f9f8f1
fcfbf5
fafaf3
f0f0e8
cacac6
aaaaa8
9b9a97
666460
48463f
555149
837f75
a6a095
b6ada4
b2a8a0
b1a69c
a89d92
a99c91
aea094
b6a89b
b0a193
b1a696
b2a797
b2a896
b1a695
b0a594
afa694
b1a695
ada495
ada497
aea597
aea597
b1a99b
b4ab9d
b6ad9f
b7ad9f
bbb4a4
bbb5a3
c1baa9
c5bdae
c3b9ab
bdb3a6
c4b9ac
c9bcb3
c1b2aa
baaba2
b1a59b
a39a8f
a1998e
938d81
8b867a
898378
878073
857d6f
877c6f
88776c
877468
7b695c
7a6457
78675a
706c5d
664639
893622
e27e53
ec8746
f28338
f47a30
f17832
f77c3b
e05b2e
a0300c
eeba96
fce5c6
f6dfca
f3e4ca
f5e2c6
ffe9c4
d4986e
c44723
fa6243
cb5029
bb6040
c06955
b2472e
b93a1a
cd3e19
d13e18
de4f2a
e6613a
f16d41
ed5635
d62e1d
c32f25
d57663
fccfad
fde9bf
f5e4b9
f8e1bd
fee8d1
f6e3d5
f4e5d4
f1e8cf
f2e8cd
f6e6d1
f7e5cf
f6e6cc
f5e5cc
f5e6cb
f4e6ca
f4e8c9
f1e7c6
f2e4c6
f5e3c8
eee7c8
fef5d4
f1d2b1
9a5334
932807
c34b1e
e66c37
f1783a
f37939
f57a37
f37734
ef7431
eb702f
f47a3a
ee7c44
a73417
b17364
f8efe4
ebddde
efe2e3
e6e6e4
eae6e8
e9e8ea
e2ebe6
ebe8e6
efe3eb
e8e5eb
f2ede8
c29e98
923d2d
e77d5a
ea7b44
ed7131
ef6f2c
ef6f2e
ec6f2d
e9712e
ef7631
f7732d
f47439
ef7a3b
c95030
9c3724
e7b9a1
efe7e0
e3e3e1
e7e5e3
e7e6e6
e7e5e7
e6e4e7
e5e3e6
e4e2e5
eae5e2
f0d4cd
803025
bf3e2b
f4714a
e37134
f47130
fc662b
f5682a
f16529
ed6529
ee6829
ea6a2c
f27243
d75737
852113
cf9184
dfc6b7
dbded3
d8e2db
a7a7a4
3a302e
d8c9c3
e8dbc8
eadbc5
ecddc7
eddec7
eddfc6
ecdec5
ebddc2
ecddc3
eddcc5
ecdbc3
ebdac2
ebdac2
ebdac3
ebdac2
ebd9c2
ead8c3
e9d7c2
e9d7c2
e8d7c1
e9d7c1
ead5c2
e9d4c0
e8d4bf
e8d5bc
e8d5bd
e7d5bd
e6d6bf
e6d7bf
e5d6c0
e4d5c0
e6d6bf
e6d6be
e7d5bd
e8d6bd
e8d5bc
e8d4ba
e8d3ba
e9d4bb
ead6bb
ead6bb
ead7ba
ebd7ba
e9d6b6
e8d4b4
e8d5b5
ead6b5
ead7b5
e9d6b4
ebd5b6
ead1b7
e8d0b7
eed3bd
e4cab4
615444
b2a08b
b2a08b
b2a08c
b29f8d
b29f8f
b19f8d
b29f8f
af9d8e
b4a395
b09f90
b4a293
b1a191
b1a08f
af9f8d
b1a08e
b39d8f
b39c8e
b39c8d
b39c8d
b29c8d
b49d8c
b39d8c
b39c89
b59a85
b59a85
b59c87
ae9885
b8a696
b0a393
696054
241c13
49423a
b2aba4
e8e3dc
e2ddd9
d8d3d0
d8d3d0
dad5d2
ddd5d3
dbd4d1
d9d5d1
d9d4d0
d9d4cf
d9d5ce
d9d4cd
d7d6ce
d6d7d0
d6d6d0
d7d7d1
d5d5d0
d6d4cf
d5d4d0
d5d4d0
d8d5cd
d8d5cc
d9d6ce
d9d6d0
d9d5d0
d3cecb
ded8d7
e2ddd9
5d5b52
737067
f5f1e8
edeae2
eeebe4
efebe5
eeeae5
efece6
efece7
f0ece6
eeebe5
eeeae4
edebe4
f1ede8
f8f5ee
fcfdf5
fcfcf5
ecebe5
c1c0b9
a9a6a1
79766e
55524c
4e4c47
5a5956
74726f
94908c
aaa59f
bcb7af
bcb4ab
b1aaa0
b2a79e
b2a69b
b4a69b
b5a59a
b4a497
b3a397
b6a699
b2a296
b5a599
b5a599
b5a698
b6a698
b6a797
b5a795
b4a592
b2a595
b4a999
b2a797
b1a595
b1a696
b2a696
b2a696
b2a696
b4a696
b4a695
b2a595
b4a796
b3a795
b0a492
b1a592
b3a494
b8a699
b8a799
b9aa9c
baac9d
b7ab9c
b8ae9e
bab0a0
b9ad9d
bdae9e
c1b2a2
c1ad9e
c1aa9b
c4aa98
c3a693
be9985
c5a08b
c6ab9a
926155
852c19
e1734d
f28145
f37e37
f27c31
ef7930
f67b3c
e56031
aa2605
e39577
fde3c5
f4e3cc
f8e3c6
f8ddc5
fee2c6
f5c79d
ba5028
c53413
e17e54
ffddb9
ffe4cc
dd7a60
971b00
c9623a
c76636
ad2f0b
bb2412
b7331c
b23c24
cf6f58
f2b79d
fae2c4
efe3c5
f6e0c5
f9e3c7
f0e8ca
f5e3d1
f8e1d5
fae3d2
f4e7cb
f0eac8
efebca
f3e9c9
f7e6c9
f8e5c9
f8e4c7
f8e5c6
f4e6c5
f0eac6
efe6c2
fde7c6
f9edcd
aba083
68371f
861f09
e46841
eb773b
ee7735
f37736
f37835
f57a37
ef7431
f17532
e96c2c
f4783a
f28045
ab3718
b16a5e
fbede3
e6dfdd
ece1e0
e8e4e0
eae5e5
e9e8e8
e1eae5
e9e7e6
efe4eb
e8e5ea
f2ede8
c19d97
923c2d
e67c59
ea7944
ed7232
f1712f
ef6e2d
eb6e2c
eb712e
f07430
f7752f
f37439
f37b3d
c95130
953420
e7b9a1
f2e7e1
e3e2e2
e7e5e5
e7e5e8
e7e4e7
e5e4e7
e6e3e6
e4e2e5
ece5e3
ebccc6
832c24
c44430
ef7348
e77236
f36a2e
fb652b
f4672a
f1662a
ee6729
ee6a2a
ec6b2f
f27345
d14e32
8a271e
e4aba3
dfc8bd
8c9289
38443f
222321
291f1c
b8a9a2
eddfc9
ebdcc4
eddec7
eddec6
eddfc5
ecddc3
ebdcc2
ecdcc1
eddcc2
ecdac1
ead9c1
ebd9c1
ebd9c3
ebd9c3
ebd9c3
ebd9c4
ebd9c4
ebd9c4
ead9c4
ebd7c3
ebd6c3
ead5c3
ead5c3
ead6c1
ead6c1
e9d7c2
e8d8c1
e7d8c1
e7d9c0
e6d9bf
e7d9c2
e9d9c3
ead8c2
ebd8bf
ead7bd
e9d6b9
ead5b9
ecd6bb
ecd6bc
ead7bb
e9d8bb
e7d8b8
e5d7b7
e4d5b6
e6d3b8
e8d6b9
ead9bb
edd9b9
f0d5b2
f1d3ad
f3d2af
fdddc0
cfaf99
36251b
b49e8f
b49f8e
b5a08f
b19e8e
b19e8c
b09f8a
b1a08c
ad9b89
b4a090
b29f8f
b3a090
b3a08d
b19e8c
b19e8e
b19e8e
b19e8f
b19e8f
b19e8f
b19e90
b19e90
b29e8f
b19e8f
b19e8c
b39d86
b39d86
b19f85
b09f87
ab9b87
aea091
baaba2
a5998f
54493e
1f150c
675e56
bdb6af
e7e2dc
e7e3de
dddad4
d9d5cf
d8d3ce
d8d5cf
d8d6cf
d7d6ce
d7d7ce
d7d7cd
d6d7cf
d8d7d2
d7d6d2
d8d6d2
d8d6d1
d8d4d0
d7d5d0
d8d5cf
d9d5cc
d9d6cb
d8d6cb
d8d4cd
d5d0cb
e9e2df
d7cecc
433c39
706c65
f1ece3
ece8e0
ede8e2
efebe6
eee9e5
ebe7e3
ede9e6
efece8
f3f0ed
faf7f4
fefdf8
f8f8f1
e7e6df
c0c0bb
a6a4a0
72706a
55544f
4b4643
5f5b57
78716c
a39b96
bab4ac
bdbab1
bab6ad
b3aca5
b1a8a0
afa69f
b2a7a1
b5a9a2
b3a99f
b3a79b
b5a49a
b3a097
b5a198
b7a59b
b7a69c
b6a79c
b9a69a
b8a698
b7a598
b7a696
b7a695
b9a897
b7a693
b4a493
b4a797
b5a898
b5a898
b5a898
b5a898
b5a898
b5a898
b5a898
b6a899
b6a999
b6a999
b5a898
b6a999
b6a999
b6a999
b5a898
b5a898
b5a897
b4a797
b4a797
b4a797
b4a796
b6a796
b6a594
b5a494
b6a292
b79e8c
bd9d88
bc9782
b2866a
b78868
c1947f
955c4e
852f1d
d96645
f47944
f5803c
f58234
f77832
ea7436
ea793f
cb401a
bc4c2e
f3cdae
f1e7cc
f5e3c4
f6e1cc
f9dfcc
fde2ba
cb7c4c
b22505
f08b6d
fee1c7
f4c3ac
b74a25
ac3c1b
f1a584
ec9569
c64823
aa1c10
8b170c
97422b
f8cda8
fdebc6
ede5c7
f0e5ce
f3e3cb
f3e3c8
f1e5ca
f3e6cb
f4e5cb
f5e5ca
f4e6c9
f4e6c8
f4e7c9
f3e8c8
f3e7c5
f4e4c9
f4e2c8
f3e3c8
f2e5c5
efe5c1
faf0c9
ebd7b4
a5856f
876d5a
6e3320
a4371b
ed7b49
f1823f
ee7531
f47935
f57836
f17431
ef7330
f27431
ea6b28
f37533
f07c40
b54420
ac5b50
f9e2db
e0e4dd
e8e2df
ede2e2
ece4e7
e8e6e7
e0e9e3
e8e6e4
eee3eb
e6e3e9
f4efea
bf9b95
8f3a2a
e27855
ea7945
eb7131
f47532
f06e2e
eb6e2c
eb702e
f67534
f2762e
ef7439
f87e40
c7522e
903922
e6b9a0
f4e6e2
e3e1e5
e7e4e7
e8e6e8
e6e4e7
e6e4e6
e6e4e7
e6e4e6
f4e6e6
e5c3bf
89302a
c24c32
e47640
ee7133
f66531
f4662d
f46927
f2692a
ef692a
ed6a29
ee6c30
ef6e42
c8432b
8a2821
955c5a
4c3630
161e17
323f3a
595b59
1f1613
9e9086
f2e4cb
ecdec3
eddfc5
eddfc4
eddfc4
eddfc4
ebddc2
ecdbc1
eedac1
edd9c0
ecd8bf
edd9c0
edd9c0
edd9c0
edd9c0
ead8c0
ead8c0
ead8c0
ead8c0
e9d7bf
e9d7bf
e9d7bf
ead6be
ebd5be
ecd5be
ebd5be
ead6be
e9d7be
e9d8bf
e8d7be
e7d8c3
e9d7c5
efd4c3
efd5bf
ead7bc
e8d9ba
ead7b9
efd6ba
efd6be
ebd6ba
e7d6b6
e2d4b1
e6d7b5
ebd6b9
f1d6be
f0d5b9
e8cbab
e6c39a
e5ba84
d9a869
d8a369
e1ad84
a97760
321a13
b49e8d
b39d8d
b49f8e
b29d8d
b09c8d
af9c8b
af9d8c
ae9c8b
b4a190
b29f8e
b3a18f
b09d8c
b19e8c
b3a08e
b29f8f
b19e8f
b19e8f
b19e8f
b19e8f
b29f8f
b09d8e
af9d8d
b29e8e
b59e8b
b49e89
b29f88
af9e87
af9f89
ad9d8c
a99b8b
b2a492
b9ab98
8b7e6d
3e3325
281e14
4a403a
928983
d2cac4
ece2da
f1e6de
eae1d7
dfd8ce
dbd5cb
d9d4ca
d8d3c7
d9d5cc
dad7d2
dad7d1
dbd7d1
d9d6d0
d8d5cf
d8d5cf
d8d5cf
d8d5ce
d5d3cd
dad7d0
e3dfd9
e8e3e0
b8b3b0
423c39
8b8581
f2eee8
e9e4df
edeae4
efeee7
f3f2ec
f9f9f4
fcfcf8
f3f4ef
eceee7
d9dbd5
b7b8b1
898982
5c5a51
4e4c47
423e37
575149
817d74
a6a099
b6aea8
b8b1aa
b9b2aa
aea59f
aca69e
aca89e
aeaaa1
b2aba3
b5aba4
b5aba4
b5aaa4
b5a9a3
b3a89f
b7ab9f
b8a79d
b9a69d
b7a29a
b5a399
b6a59a
b7a79c
b9a69a
b8a699
b8a699
b7a597
b8a698
b7a697
b6a595
b6a698
b5a899
b6a999
b6a999
b6a999
b6a999
b6a999
b6aa9a
b7aa9a
b7aa9a
b6aa99
b6aa9a
b7aa9a
b6a999
b6a999
b5a898
b5a898
b5a898
b5a898
b5a898
b5a898
b5a898
b5a898
b7a897
b7a697
b5a494
b4a192
b89f8e
bd9e8a
ba957f
b78b6e
bb8d6d
c39782
925b4b
812b1a
ca5938
f67d4a
f37f3e
f18136
f87331
ef7032
e98343
e8713e
a72706
d2856a
ffe5c9
f5e2c4
f3e3ce
f4e0cc
fde7c1
e8a87c
aa3013
d27658
fee3c6
e0b99c
94390d
bc471d
ca4e2d
b93110
c43e21
d8644f
a94425
7a2700
b57c49
f9dbab
f5e3c1
f3e4cc
f4e2ce
f3e3c9
f2e7c4
f2e8c5
f2e7c6
f4e7c7
f4e7c7
f4e5c6
f4e3c6
f9e2c8
f6e3c9
efe4ca
e9e5c8
ebe6c9
fef0d2
ffeed2
ceb497
705438
b89787
fff0e3
c88c7e
9f311b
ee7b49
f17c3d
f87b3a
f57a36
f37734
f17431
ef7330
f37532
ef6f2c
f17431
f17f42
c2502d
a35045
f9ddd8
e3e5e0
e9e3e2
eee2e5
ede4e8
e8e6e7
e0e9e3
e9e5e4
efe3eb
e7e5ea
f5f0ec
c19d97
8f3b2a
e27855
ea7a44
eb702f
f27330
f1702f
eb6d2a
ed7230
f77533
f47830
f1783c
f77b40
c44f2d
8f3b26
e4bba3
efe2df
e4e2e6
e6e4e7
e7e5e9
e7e5e8
e6e4e7
e5e3e7
e5e2e5
f3e6e5
dcbbb5
882f28
c74f34
e67840
e7692a
f76431
f36730
f46928
f3692b
f0692a
ed6928
ea692c
ed6e41
c14026
952e1f
702f23
735749
898a7e
959c95
a0a19e
1d1713
8a7e73
f3e6cd
e9dbc0
ebddc1
eddfc4
eddfc4
eddfc4
ecdec3
ebdac0
edd9c0
ecd8bf
ebd7be
ecd8bf
edd9c0
edd9c0
edd9c0
ebd8c0
ebd8c0
ebd8c1
ebd8c0
ead7bf
ead7bf
ead7bf
ebd7be
ecd4bc
ead4bc
ebd4bc
ead4bc
ead6bd
ead7bd
e9d6bd
ebd6bf
edd4bd
efd1bd
edd1bc
e8d6be
e7d8bc
ecd6ba
ecd4b8
e7d8be
ecd7ba
efd5b2
f7d6ad
f0c89d
e3bb8c
d7af81
d9a976
d3995f
d39656
d39147
d69141
da964c
e9a471
ad6d52
381612
b59c8c
b49c8c
b49e8e
b29c8e
b19b8e
af9b8e
ae9b8e
af9c8d
b5a291
b19e8e
b29f8e
b19e8d
b29f8e
b09d8c
b19e8d
b19e90
b09d8e
af9c8d
b09d8d
b09d8e
b29f90
b2a090
b19e8f
b49e8e
b49f8d
b49f8c
b29f8c
af9e89
af9e87
af9e8a
ae9d85
af9d82
b9a790
b6a692
928476
6c5f54
64574f
463b34
5d554e
867f78
b0aaa3
d5d0cb
e0dbd6
e7e2de
ebe7e2
e6e2dd
e2dbd5
e1dbd4
e0d9d3
ddd9d2
dcd8d1
dddad2
dddad2
dddcd6
e6e6e1
d7d5d0
b6b4af
6e6967
615c5a
c5c0bd
fffffc
fef8f4
fcf6f3
f6f3ee
e7e5df
cbccc6
a8aaa3
81847d
65685f
4a4d44
4d4f45
48493e
5a574c
807a6f
aaa198
c0b7ab
bdb4a6
afa69a
b1a79f
b0a5a0
ada49e
afa59e
b2a8a0
b3aca2
b2aca2
b4aea4
b6afa5
b5ada4
b5aca3
b5aba3
b3aaa1
b4aba0
b5a99d
b9a89e
b7a49b
b7a39a
b6a499
b6a59a
b7a89d
baa79c
b9a79c
b9a79b
b8a699
b9a798
b7a696
b7a597
b6a798
b5a899
b6a999
b6a899
b6a999
b6a999
b6a999
b6a999
b6a999
b6a999
b6a999
b6a999
b6a999
b6a999
b6a99a
b5a899
b5a898
b5a898
b5a898
b5a898
b5a898
b5a898
b5a898
b7a898
b6a798
b4a595
b5a393
b8a190
ba9c89
b7957f
b68d71
be9172
c49b85
996554
7e2c16
c55836
f37d4c
f18143
ee8038
f97433
f97138
e47e3a
f48d4c
dc5329
ae371c
e3ae8f
ffe9cb
f1e1c6
f1e0c6
f9e5c4
f3c49f
9a3e22
974e2d
f8dcbd
f1d4be
cf9671
c3673b
c94f2e
b03922
db886f
ffd1b1
eaa382
8b3c17
793910
e0b589
fde6c2
f3e3c8
f3e1ca
f4e3c7
f1e6c6
f1e8c9
f0e8ca
f2e7ce
f3e6cd
f3e2c9
f4dfc7
f1e3c4
f1e4c2
f8e8c8
fff0d2
f7e3c7
cbb395
877053
947f63
ddceb6
ffeee3
fbeee4
be8f83
8f2d16
f18556
ef7e41
f17534
f27733
f07530
ed712c
ed702e
ea6b28
e66724
f17430
f38244
c1502c
a55045
f9dad5
e6e3df
ebe1e3
eee3e8
ede5ec
e8e6e8
e1eae3
e8e7e5
efe4ec
e7e5ea
f6f1ec
c19d96
8f3a2a
e27755
e97944
ee7232
f3722f
f1702f
e96c29
ef7331
f67532
f4792f
f77d42
f5793f
bf492a
8f3d29
e3bea8
eee3df
e3e2e3
e5e4e4
e7e5e6
e7e5e7
e7e5e6
e5e3e4
e5e1e2
f0e5e3
d6b7b1
882d25
ce5437
e97a3e
e86828
f76732
f26932
f2682a
f1662a
ef6829
ee6928
ea692b
eb6d41
ac3017
ab412b
d58a70
bd9780
a39b8a
8e9085
9f9d98
2c2623
685f56
f1e4cb
ebddc2
eadcc1
eddfc4
eddfc4
eddec3
ebddc2
ecdac0
edd9c0
ecd8bf
ead6bd
ebd7be
ecd8c0
ecd8c0
edd8c0
eed8c0
eed8c0
eed8c1
edd8c0
ecd6bf
ebd6be
ecd6bf
ebd5bd
ecd3bc
ecd4bc
ecd4bc
ebd4bc
ebd4bc
e9d5bc
e9d5bc
ebd8b9
ecd6b9
ebd3bb
e6d4bb
e3d9bd
e2d6b6
e9d5b0
f3d6b1
f1d5aa
f2cc9d
ebb581
eaa86d
de9553
d18a41
ce8c3f
e09b4c
e79a4d
f0a352
ec9e47
eea048
f0a659
eda671
a26046
411715
b59b8a
b59b8b
b59b8d
b49b8e
b29b8f
b09b90
b09990
b19c91
b4a290
b29f8e
b19e8d
b29f8e
b19e8c
b19e8d
b19e8d
b39e90
b19e8f
b29f90
b3a091
b19e8f
b29f90
b5a193
b2a090
b19c8a
b19d8b
b29e8d
b39e8f
b39f8d
b39e89
b39e87
b39d85
b59d85
b29c86
b39e8b
baa696
c0aea0
bba99f
9f9087
696059
4b443e
312a25
36302c
453f3c
5c5856
817f7f
a09a98
bbb1aa
c4bbb4
ccc4bd
d0cbc1
cfcbc2
c5c4b9
c7c7bc
babbb4
73746e
383732
45443e
9a9791
cdcac2
c3c0b7
afaca4
98938b
68645c
565249
49433b
332f27
474439
5e5c50
7c796d
9c998e
aea89d
bdb7aa
c1b8ad
bbb1a4
b0a497
ada193
afa190
b3a697
bbaea4
b6a9a3
b2a7a2
b3a9a1
b4aa9f
b4ab9f
b2aba1
b2aba0
b2aa9f
b1aba0
b2aba0
b2aba0
b3aaa0
b4aa9e
b3a79b
b9a79d
b7a59b
b7a399
b8a69b
b6a79b
b8a99f
baa89f
baa89e
baa89e
baa89d
b8a69a
b8a698
b7a597
b6a697
b5a898
b5a898
b5a898
b5a898
b5a898
b5a898
b5a898
b5a898
b5a898
b5a898
b5a898
b5a898
b5a898
b5a898
b5a898
b5a898
b5a799
b5a898
b5a898
b5a898
b5a898
b5a899
b6a999
b5a898
b5a698
b5a395
b8a392
bda18e
bc9a86
b99276
bc9373
c39c84
a4725e
7a2c14
b64c28
f07c4d
f1824a
ef7f3d
f37837
f87338
ed7a36
f08840
fe7942
c8411c
7c2809
b58665
feecc5
ffeccb
f6e1c2
fbddbc
7f4329
68310f
f6cfb2
ffded3
fde8cd
f8deb1
fad7ac
f4d0b6
fbdec7
fadcbb
fcd1b9
a1644a
4e0c00
a67451
fee5c3
f0e4c4
f0e1c3
f4e2c5
f2e6ca
efe7cc
eee6d1
f0e7d1
f0e3cc
f3e0c7
fbe3c7
faeec6
fff3c8
f0d6b3
be9a7c
835c42
8b6c55
cdbca2
ece9ce
f1eede
ede5df
f1f1ea
b39187
86301a
ed8b5d
f18749
f17736
ee732e
f07431
f07330
ed702d
ea6c29
ea6a28
f27632
f68545
c2502a
a64f42
f9d8d3
e7e1de
ebe0e5
ede1e9
ebe4ec
e9e8ea
e3ebe6
eae8e6
efe4ec
e6e4e9
f5f1eb
c09d96
8d3a2a
e27855
e97743
ee7333
f47330
f1702f
e96c29
ee7230
f37531
f3792f
f97c42
f87a41
b33e1f
9e4f3b
f0cfba
e9e2de
e4e3e2
e6e4e4
e7e5e5
e7e5e5
e6e5e4
e5e3e3
e5e2e1
efe6e3
d5b7b1
8a2f26
da5e3e
e9783a
ec6b29
f46531
f26a36
f0692e
eb6327
f06627
ee6825
ed6c2e
ea6f44
a02913
b0482d
d18464
ac8367
a29681
928f84
a09d97
484340
585046
e7dac1
eadcc0
eee0c5
ecdec3
ecdec3
ecdec3
eadcc1
ebdbc1
eed9c1
ecd7bf
ead6bd
ebd7be
ecd8bf
ecd8bf
ecd8bf
edd7bf
edd7bf
edd7bf
edd7bf
ecd6be
ebd5bd
ebd5bd
ecd4bb
edd3ba
edd3ba
edd4ba
edd4ba
ecd4ba
ead5ba
ead5ba
e9dab7
e9d9b8
e8d6bc
e4d7bc
e3d9b7
ebd9af
f3d19f
f6c58c
e8af6d
e09c58
da8b41
de8535
e78a34
e88e33
ed9839
ec9c40
e79841
ea9941
ea993d
e4963e
e89f55
e6a273
945642
4f211e
b59a8a
b49a89
b49a8c
b49a8e
af978b
b19890
ad968f
af998f
b4a190
b4a190
b29f8e
b29f8e
b19e8d
b19e8d
b19e8d
b19e8f
b19d8f
b29f90
b5a293
b29f90
b09d8e
b4a092
b49f8f
b19c84
b19d87
b29c8c
b39d8f
b59e8f
b59e8d
b69f8b
b99f8a
b99d8c
b89d8c
b49b8b
b39d8f
b29d8f
b29d91
b6a498
c1b0a2
c5b3a6
b2a195
93837a
786960
5d4f49
4a3c38
3e302b
433731
443933
40372f
443f35
413f34
2f2e25
2a2a20
2a2b22
1c1d14
25261b
39382f
47473b
414034
464436
5b5a4b
5e5c4f
726f62
908b7d
a1988c
afa497
bdb0a2
c2b5a6
bcaea1
b4a79b
b2a497
afa194
afa194
b3a697
b7aa9b
b6a999
baaa93
bbac99
b8a89d
b8aaa5
b6a8a5
b5a9a1
b4aa9f
b4ab9f
b3aba0
b3aba0
b3aba0
b2aba0
b2aca0
b2aca0
b2aba0
b4ab9f
b4a89c
b8a69c
bba89e
b7a49b
baa89e
b8a89c
b7a89f
baa7a0
baa79f
baa89e
baa89d
b8a69a
b8a69a
b8a598
b6a797
b5a898
b5a898
b5a898
b6a999
b7aa9a
b7aa9a
b7aa9b
b7aa99
b7a99a
b7a99a
b7a999
b7a999
b7a999
b7aa99
b6a899
b5a898
b5a898
b5a898
b5a898
b5a898
b5a898
b5a898
b4a797
b4a698
b4a699
b6a596
baa597
bda08f
c1a08c
b48f74
bc9575
c49f87
a67661
7c2f17
ac421f
f17d4f
f3854f
ee7a3c
e87b37
eb7131
f66d2d
f27d33
f77c39
da5726
b14c23
8c4d24
8f7544
b79f78
f9e0bf
fff7da
b18c6f
966d45
f4daaf
f1dec6
e7e2cb
f4e3c0
f9e5c0
eee8d1
ece2cb
fadbb1
fbe4be
d4ae89
743b22
a4734c
f6dfb9
ede6c3
eee1c3
f3e0c2
efe5c2
efe8c9
f0eccf
f1ecce
fcf0cf
ffedc5
ebd2a7
c9a985
906d4d
7b573b
a9856b
e3c5b0
ffeadb
feeee6
f1e8e0
eae5df
ede3e4
eeedec
b1908a
852e1d
ef895e
f3854b
f87d3d
f37833
f67a37
ef732f
ea6d2a
ec6e2b
ed6d2a
ec702d
f2813f
c3522b
a74d40
fcd7d4
eae2e0
eee1e6
ece1ea
eae3ea
e9e8e8
e3ebe6
eae8e6
efe4eb
e7e4ea
f4efea
c39e97
8d3a29
e47a57
e97842
ec7230
f2722f
f16f2f
eb6f2c
ec702e
f0732f
f4782e
f77940
f4743c
a83215
a55847
f5d8c5
eae5e2
e6e5e3
e7e6e4
e7e6e4
e6e5e3
e6e5e2
e6e5e2
e6e4e2
eee7e6
d4b6b0
91362a
de603e
e57332
ee6e2b
f2632f
ec6631
ef682e
f0672b
f56a2a
ee6825
ec6c2e
e76e42
992512
b95438
c77e5b
b0896b
a39781
969288
9f9b96
5e5a56
474037
dfd1b8
ecddc3
ebddc2
ecdec3
eddfc4
ecdec3
ebdcc2
ebdac0
eedac1
ecd8bf
ebd7be
ebd7be
ecd8bf
ecd8bf
ecd8bf
ecd7bd
ecd7bd
ecd7bd
ecd7bd
ebd5bc
ebd5bc
ecd7bd
eed6bc
eed4ba
eed4ba
eed4b9
edd5b8
ecd3b8
ebd5b9
ebd5b8
ead7b8
ebd6b9
ecd5bc
ebd6bb
eed5b2
f4cd9b
e1a466
d88743
da863b
da8435
e8903c
f49b41
ef963b
ee963a
f0993c
ec983b
eb993b
eb9739
ed9839
ec9c3f
eca155
e8a273
83442f
502019
b19889
b09988
b09989
af998b
ae988a
ae998c
ad998c
af9a8c
b49f8e
b49f8e
b49e8d
b49e8d
b39e8d
b39e8d
b49e8d
b39c8e
b39d8f
b39d8e
b49e8f
b59f90
b39e8f
b5a091
b5a08f
b19e87
b19e89
b19d8a
b29d8c
b49d8f
b49e8e
b79e8f
b89d8d
b89d8c
b89c8d
b69b8d
b69c8e
b69c8e
b69c8f
b49b8e
b59a89
b69c8a
bba190
bea496
c1a79a
c7aea1
c4ab9e
b3a092
ab9c8f
ac9c90
a39387
a2958a
9e9288
a49890
a3978f
a1988f
a39a91
a49a91
9e9489
a4998d
b0a498
b9ac9e
b6aa9c
bdb1a3
baaea0
b8ab9d
b8a99a
b8a799
b7a697
b5a395
b6a494
b9a796
b8a797
b8a799
b7a798
b6a797
b7a798
b6a997
b8a995
b6a896
b8a99b
baaaa2
b8a9a2
b7a8a1
b7a9a0
b5aaa0
b4aaa0
b4aaa0
b4aaa0
b5aaa0
b6a9a0
b6a9a0
b5a99f
b8a99e
b8a79c
b8a69c
baa79d
b8a69b
b9a79d
b9a79d
b9a79d
baa79d
baa89d
bba99c
baa89b
b9a79b
b9a79a
b7a598
b7a698
b5a898
b7a798
b7a798
b7a798
b7a898
b7a899
b7a899
b7a79b
b7a79c
b7a89b
b7a899
b7a899
b7a898
b7a898
b6a899
b6a998
b5a999
b6a999
b6a999
b6a999
b6a999
b7a999
b7a798
b6a599
b8a79a
b7a597
b9a492
bfa48f
bf9f86
c09d7f
b99577
c19c85
b4806f
843424
ad4329
f27e55
f5864e
f37e3d
ee7e39
eb7532
f16e2a
f77b30
fb813f
d75527
cb5d3b
fecdaa
ccb08d
8c7153
7c6044
9b8062
dcbe9d
f5d6b0
ffeecb
f8edd7
f0e3cf
f9e0c8
faddc4
f2dec9
ede0c6
f1e1bb
f2e0bb
f9e0b9
ffdfb3
fbdcb1
f6e0bb
f7e6c3
ffeeca
fff1cc
fff2cf
f6eabf
e9dbb0
e4d0ad
b09578
80613f
7f5e30
917050
bc9d85
efd5c0
ffefe1
fcede6
f1e2e0
eee1e1
eee4e3
e9e5e0
ede1e6
f2e9ef
ad9089
83341e
f28359
f28145
ed7735
f07230
f17531
ee712e
f07330
f27431
ef702d
ed712d
f37e3e
c54e2a
a4493e
f8d5cf
e8e3de
ece1e3
ebe0e7
e9e2ea
e8e7e7
e2eae4
eae8e6
efe4eb
e7e5ea
f2eee9
bb9991
8a3729
e47859
eb7645
eb6e2f
ef712f
ef6e2e
f0702f
ef6e2c
ef6d2d
f37431
f07b3c
ef733c
ab2d11
aa5d4e
f8ded2
ebe5e2
e6e6e3
e6e5e4
e6e5e4
e6e5e3
e6e5e2
e6e5e3
e5e4e2
eee9e3
d4aeae
92372e
e16b43
e87135
eb6c34
ed662f
ee692a
ef6a2a
ed6729
f36829
f06326
ed652e
e56944
932216
c26047
c07658
b18a70
a0937d
9c998b
a19b94
6f6762
251b12
b4a290
f6e5cf
e9d9c0
ebddc2
ecddc2
edddc3
ebdac2
ecd9c0
edd9c0
ecd8bf
ebd7be
ebd6be
ebd7be
ebd7be
ebd7be
ecd6be
ecd6bd
ebd6bd
ecd5bd
ebd4bb
ecd4bc
edd5bd
edd4bc
edd4bc
edd4bc
efd4ba
eed3b8
eed4b8
edd4b7
edd3b8
ead6ba
eed6bb
f5d2b8
fad3b2
f2c394
da9e5f
d18338
d97e2c
e28a37
f19843
f09b42
ef9b41
ed973d
ec963d
ed973e
ef9836
ee9935
eb973b
eb9839
f3a13f
f4a552
de9664
71311f
5a2b21
b19b8b
b09b8a
b09b8a
ad9988
ab9887
ad9b89
b3a290
b5a18f
b49f8b
b39d8b
b29c89
b29c89
b29c8a
b39d8b
b49f8c
b49f8e
b39e8d
b5a08f
b49f8e
b59f8e
b59f8f
b6a190
b6a290
b2a18e
b2a18d
b2a08c
b29f8d
b5a08f
b59e8f
b79e92
b89f91
b69f8d
b69e8e
b7a090
b7a08f
b89f8f
b69f8e
b59f8e
b9a190
b8a08e
b69e8c
b69e8c
b69e8c
b49c8a
b69e8b
b39e8c
b2a18f
b2a08e
b4a293
b5a396
b7a499
b4a19a
b7a39c
b1a198
b1a197
b09f95
b3a396
b4a294
b19f92
b09d8f
aa978a
b19e90
b5a394
b2a092
b6a496
b6a496
b7a597
b8a698
b9a797
b9a693
b7a694
baa998
b8a897
b8a898
b8a899
b6a999
b5a897
b8ab9b
b8aa9b
b5a89c
b7a99f
b7a8a0
b7a8a1
b6a9a0
b4aa9d
b5aa9d
b6a99d
b7a99d
b8a89d
b9a89d
b9a89d
b9a79b
b9a79b
b9a79b
b9a79b
b9a79b
b8a69b
baa89c
b9a79a
b9a799
bba99a
bba99a
baa89a
bba99b
b9a799
b7a597
b8a798
b7a898
b7a798
b7a798
b7a798
b7a798
b7a798
b7a798
b7a69c
b7a69d
b7a79a
b7a799
b7a798
b7a798
b7a798
b7a899
b6a999
b6a999
b6a999
b6a999
b6a999
b6a999
b6a999
b9a799
b8a69a
b9a799
b7a496
baa491
c0a58e
be9e84
bd9a7d
bf9a7e
bf9a83
c28b7d
86352a
a13a26
ec754f
f08044
f37c38
f37b37
ed7631
ea7228
f2782c
fc8141
cb481d
b9472d
f5cfbe
fde6d8
fae8da
deccb8
a9937c
a7937c
9e8e77
9c8877
c1a596
dac5b2
e6d3bc
f1dbc4
ffe5cd
ffe9cc
ffe8cb
ffe9c9
ffeac1
ffebbd
fee6bb
f9dbbd
f2cdb3
ddb99b
caa088
c78f77
9e6540
7b411c
7c3f20
491100
774b34
ecd1af
fef0d1
fff4de
f7eadd
f2e5e2
efe3e4
efe5e6
ede5e3
ebe6e2
e7e5df
ece1e5
f6eaf0
ab9289
7e331c
f38056
eb7c3e
ea7a34
ef7230
ec6f2b
ee712f
ee712e
ee712e
ee712e
f07430
f37c3c
c94f29
a04439
f1cfc9
e6e0dd
eae0e1
eadfe4
eae1e8
e5e4e5
e0e8e1
e8e6e4
eee3eb
e7e5ea
f1ede8
b6948c
8a3728
e3775a
ea7344
eb6d31
ed702e
ec6f2d
f26f2e
f26e2c
ee6c2d
f16f2f
eb7b36
e86e39
a62208
b96b5c
fae3da
e7dfdd
e5e4e2
e5e4e2
e5e4e2
e5e4e2
e5e4e2
e5e4e3
e5e4e1
ebe6dd
d1a7ab
90362e
e16e44
e96e37
e86938
ed6831
f16a27
ed6825
ed6929
ef6628
f16126
ed612f
e1623f
8e2015
c86854
b87155
b78f76
a2917c
a09689
a99c94
887972
201008
907a6d
f6e3d2
e7d7c0
eadbc1
eadbc1
ecdac1
edd9c1
ecd8c0
ebd7bf
ead7bf
ebd7be
ead6bd
ead6bd
ead6bd
ead6bd
ebd7be
ebd6bd
ead4bd
ead4bb
ebd3ba
ecd3bb
ecd4bb
edd4bb
ecd4bb
edd4ba
edd3b9
edd4b7
ecd4b6
edd3b5
edd5b6
e9d7b5
f0d6af
eec295
eeb880
e8ab64
e29e4c
eb9d45
f19c41
f29f45
ef9d43
ec983e
eb973c
ee983d
ee973c
ee963c
f19733
f19734
ed973e
eb983d
f39f40
f4a451
d48b5b
5f2113
5f372b
af9888
af9987
b09b89
af9b89
b3a08e
b19d8c
b0a08e
b3a08d
b59f8d
b39f8c
b39f8c
b49f8c
b39f8c
b29d8a
b39e8b
b7a290
b19d8c
b8a493
b7a291
b6a190
b5a190
b7a291
b7a392
b4a390
b5a391
b8a593
b7a495
b5a293
b8a294
b7a395
b6a495
b6a595
b7a695
b6a594
b7a595
b7a694
b8a695
b7a795
b7a694
b7a593
b8a794
b7a694
b6a592
b8a694
b8a694
b8a695
b5a494
b6a594
b7a596
b8a698
b8a699
b7a59a
baa89c
b4a596
b6a597
b6a697
b4a594
b5a493
b5a492
b6a391
b6a393
b6a496
b7a597
b7a597
b7a597
b7a597
b6a496
b8a698
baa798
baa797
b9a898
baa999
baa999
b9a99a
baaa9b
b9aa9b
b8a898
bbab9b
b8a99a
b6a699
b9a99e
b8a89f
b8a8a1
b8a89d
b5a89a
b6a89a
b5a89b
b7a89b
b8a89b
b8a89b
b8a89b
b9a79b
b9a79b
b9a79b
b9a79b
b7a599
b8a69a
b9a79b
b9a79a
baa89a
baa89a
bba99b
bba99b
bcaa9c
baa89a
b9a698
baa99a
b9a99a
b8a899
b8a899
b8a899
b8a899
b9a99a
b9a99a
b8a89b
b8a89b
b8a89a
b9a99a
b9a999
b8a899
b9a999
b8a899
b7a899
b7a899
b7a899
b7a899
b7a899
b7a899
b7a899
baa89a
baa89a
b6a496
b6a395
bca696
c0a490
bc9b85
c3a085
c59c81
c7a18b
c49081
84382a
9c3725
ec7751
eb763c
f17633
f47935
ef7430
eb7027
f57b2d
fa7f40
c8451a
bc4a31
f2cec3
f1ddd9
eee4e2
f2ece6
fbf5eb
f9f5ec
e4e4e2
c3bcb3
a79282
907b6d
877162
7e6754
8a6d59
8d6a54
9a6e57
a76c51
a96946
a6643d
9b5331
944425
91381f
8d3119
98341f
aa3a1d
c5592d
d86c39
e37947
a04825
a26d56
f5e7d2
eae9d8
e7e5db
ebe7e1
ece7e6
eee6ea
ede6e7
ede5e3
eae5e1
e5e5de
ebe2e5
f8edf2
ab9189
7c321d
ef7c54
ee7d43
eb7936
f37330
f17330
f27431
ed6e2c
ef702f
f27332
ec6e2c
eb7434
d1552e
913326
e5bfba
e7e0dc
e8dfde
e9e0e3
e7e3e7
e6e4e4
dfe8e1
e8e5e4
eee2ea
e6e4e9
f0ebe7
b6948c
883527
e37858
ed7545
ea6d30
eb6e2c
ed702f
ef6c2c
f26d2d
f06b2d
f16a2b
e77632
e96d39
a42007
b86a5c
fae1da
e6dfdc
e4e3e1
e4e3e1
e4e3e1
e4e3e1
e4e3e1
e4e3e1
e2e2df
ede7df
c79ca0
8c302a
e16c43
ea6e37
e76837
eb662f
f16725
ee6726
ec6728
ee6627
f06429
ec6130
cf5230
8e1d11
c76b58
c07f62
b1886f
a7907c
9c897c
a8928b
98817c
341d18
796358
ecd9ca
e8d7c4
e8d9c1
e9dbc0
eadac0
ebd8c0
ebd7be
ebd7bc
ebd6bc
ead6bb
ead6bb
ead6bb
ead6bb
ead6bb
e9d6bb
e9d5bb
e8d4b9
e9d4b9
e9d4b9
ebd4ba
ecd4ba
edd5b9
edd5b6
ebd4b5
e8d3b5
e8d2b4
e7d3b3
ead5b5
ecd5b3
f0d9af
f2ce9c
d8a063
cb853b
dc943d
e79f43
e79d40
e8983e
ee9940
eb973d
ee993f
ed963c
ef973c
ef963b
ee9639
f39536
f29636
ef983b
ed983d
f29d43
f19f56
d28b63
5a1d10
6b4431
b49e8b
b5a08d
b6a18e
b6a28e
b5a28e
b3a18c
b2a18d
b3a28e
b6a38f
b6a28f
b7a390
b6a490
b5a28f
b5a38f
b5a38f
b6a392
b6a392
b8a493
b6a392
b6a392
b7a392
b6a492
b7a393
b7a493
b7a593
b4a493
b5a394
b5a495
b5a395
b6a495
b5a598
b4a798
b3a697
b5a797
b4a897
b5a795
b4a695
b3a892
b3a692
b5a693
b6a895
b5a795
b4a593
b4a793
b6a895
b7a895
b7a695
b6a595
b7a695
b7a697
b7a597
b7a697
b7a697
b6a896
b7a696
b7a895
b6a895
b6a592
b5a591
b5a38f
b4a38f
b6a496
b6a496
b6a496
b7a597
b7a597
b6a496
b6a496
b7a496
b9a596
b8a697
b7a597
b7a698
b7a798
b7a79a
b6a799
b9a798
b9a999
b7a798
b7a797
b8a89a
b8a89b
b8a89b
b8a79a
b8a698
b7a798
b7a798
b7a798
b7a798
b7a798
b7a798
b8a799
b9a799
b9a799
b9a799
b9a799
b9a79a
b9a79a
b9a799
b9a799
b9a799
baa89a
baa89b
baa89a
baa89a
baa89a
b9a99a
b9a99a
b9a99a
b9a99a
b9a99a
b9a99a
b9a99a
b9a99a
b9a99a
b9a99a
b9a99a
b9a999
b9a999
b9a998
b9aa98
b8a999
b8a899
b8a899
b8a899
b8a899
b8a899
b8a899
b8a899
b8a798
bba99b
b7a599
b6a295
b7a093
bfa392
c3a08e
bf9a82
c4977d
c59d88
c59485
7d3627
9d3d29
f27d55
eb733b
ee6f2e
f57836
f47634
f3772f
f5792d
fd8242
cf4c21
b34127
f4cbbe
fae1dc
f3e6e7
ebe6e5
eae4e1
ebe5e3
edecf0
f2f3f1
f5f1ea
f7ebe7
f3e5e2
e1d9d1
d9cbbe
c1a395
804d40
ac5343
c66345
ca6739
d56b37
de6c39
e46e3a
f47a40
fc8147
f98246
f4813d
f37b30
fd803d
bc4c19
b77254
f5e4d2
e9ece4
e7e9e8
e8e9ea
e8e9eb
eae8eb
ece8e9
ece6e5
eae8e3
e5e6de
ede3e6
f4ebf0
ac938d
792e1a
f27b59
f17d48
ea7534
f2702e
ef702e
f0712f
f0702f
f06f30
ee6d30
eb6c2e
f17739
d45831
932f22
dcb2ad
ede4de
e9dfde
e6e1e1
e5e2e4
e5e3e4
dfe8e2
e7e6e4
ede1e9
e6e4e9
eee9e4
b7958d
893626
e37757
e97341
ec6f30
ec6f2c
ec6e2f
f16e31
f36d30
f1682c
f2682b
ea7632
f1743f
a9240b
ba6e60
f9e2d9
e6dfdd
e4e3e1
e4e3e1
e4e3e1
e4e3e1
e5e4e2
e5e3e3
e3e2df
f3ebe2
c7999f
882a23
e36c42
ed7039
e96838
ee652f
f16625
ef6627
ec6629
ec6628
ec6328
f26938
c64727
982518
c8705c
be8266
af866c
a98d76
a88c7e
a98c84
aa8f8a
523934
4f3b33
d6c4b8
ebdccb
e7dac2
e5d8bd
eadbc0
e8d6bd
e9d6bc
e9d6b8
e9d6b8
e9d6b8
e9d6b8
e9d6b8
e9d6b8
e9d6b7
e7d6b9
e7d6ba
e7d5b8
e8d6b8
e9d5b7
e9d4b7
e9d4b7
ecd4b6
edd5b5
ebd5b6
e7d5b6
e7d4b6
ead4b4
ead2ad
eed2aa
f6cf9f
dba56b
dc9754
f6a759
efa24a
eda149
e99c48
eb9846
ec973d
ed983d
ed973c
ec953b
ef973b
f0973a
ee9537
f4973a
f19636
ee9a38
f09e3f
f29e4a
f4a366
ca8367
54170e
794b30
b7a18c
b6a18c
b7a28d
b7a28d
b5a28c
b3a28b
b3a38c
b4a48e
b5a48f
b5a490
b6a590
b6a591
b6a591
b6a490
b7a691
b6a594
b8a694
b8a694
b6a493
b6a493
b6a493
b6a492
b6a492
b7a494
b6a495
b6a595
b5a495
b5a596
b4a596
b4a597
b4a49a
b3a399
b3a497
b4a596
b4a695
b4a694
b4a692
b5a791
b6a796
b6a795
b5a795
b5a796
b6a795
b5a794
b5a794
b6a695
b7a696
b7a696
b7a696
b7a696
b8a796
b8a795
b8a797
b6a798
b7a797
b7a798
b7a797
b7a695
b7a594
b7a592
b6a493
b7a497
b7a597
b7a597
b6a496
b5a395
b5a395
b6a496
b7a596
b9a597
b7a598
b8a597
b7a798
b7a79a
b7a79b
b5a79b
b8a698
b9a799
b8a899
b7a798
b8a898
b8a898
b8a898
b9a798
baa798
b9a798
b9a798
b8a798
b8a898
b7a898
b7a898
b8a898
b9a898
b9a898
b9a898
b9a898
b9a798
b9a798
b9a799
b9a799
b9a899
baa89a
baa89a
baa89a
baa89a
baa89a
b9a89a
b9a99a
b9a99a
b9a99a
b9a99a
b9a99a
b9a99a
b9a99a
b9a99a
b9a99a
b9a999
b9aa98
b9a998
b9aa96
b9aa96
b9a997
b8a799
b9a899
b9a899
b9a799
b9a799
b9a799
b8a799
b7a597
bcaa9d
bba99e
b9a59b
b9a396
c1a596
c09e8e
bf9882
c4947b
c59d88
c59787
7b3a2a
9a3c29
f17a52
ec713a
f16d2e
f77835
f77735
f3762f
f07529
fb8040
da592c
b13d23
f1c3b4
fae0d9
f4e6e5
ece8e8
ede7e4
ede8e4
ece8e7
e5eae7
e4e7e3
ede5e8
f0e8eb
e8ece8
f1f2e9
f8e0d5
7e493f
b85849
f68d6e
ea854f
ee8744
ed813b
eb7d34
e8792b
e97425
e96f27
e2722a
e9742c
fa7837
c34815
bd6c4e
fbded0
e9e7e3
e7e8ea
e8e8ea
e8e8e9
e8e8e8
e9e7e8
eae6e7
e8e7e4
e4e9de
ece4e5
f5ebf1
b09893
772c19
f27a5a
f37c4b
e97333
f16f2b
f16f2d
f06f2e
ef6e2f
f16f33
ef6d32
ed6c32
f37838
d95a31
912c1f
d7a8a4
eaded9
e8dcdb
e4dfde
e3e1e3
e3e2e3
dfe8e2
e7e5e3
ece1e9
e6e4e9
eee9e4
b9958e
883624
e37957
eb7340
eb6e2e
ec6f2d
ec6e31
f26f33
f36d31
f16529
f36729
ed7633
f1713e
a31e05
b46859
f4ded5
e3ddda
e3e2e0
e3e2e0
e3e2e0
e3e2e0
e3e2e0
e3e2e1
e3e1de
f0e7df
c5969a
882923
e26a42
ec6d37
e96737
ed632e
f16523
ef6527
ec672b
ec682b
e96128
f06737
be3f20
9c271c
c26f5b
b67e63
af876b
ac8f75
ac907e
a88c7f
b0998f
705d56
2b1812
b7a59d
f0e2d2
e5dac3
e3d9bd
e8dabf
e7d7be
e8d6ba
e9d5b6
e9d6b7
e9d6b7
e9d6b7
ead7b7
ead7b7
e9d7b8
e6d7b7
e6d7b7
e7d7b7
e7d6b6
e7d4b5
e8d4b5
e7d4b4
e9d4b5
ebd5b8
e9d5ba
e7d5ba
e9d4b5
edd2ae
f1d0a6
f7d1a1
e8ad6e
db904a
f2a259
f1a152
eaa04a
eaa14a
ed9d47
f29945
ef983e
ee973c
ef973b
f49b3e
f1983a
ee9538
f4993c
ec9638
e79837
e49a33
dc912d
dd8c3c
de8d5c
8e4430
56180f
825235
b7a28d
b8a28e
b7a38e
b8a48e
b6a48e
b5a38f
b5a591
b5a591
b5a490
b6a591
b7a591
b6a591
b4a490
b4a38f
b5a491
b7a694
b8a795
b8a795
b7a695
b6a593
b6a593
b6a693
b6a594
b7a494
b7a596
b8a697
b7a697
b6a698
b4a699
b4a699
b6a49c
b7a49c
b7a599
b7a598
b6a595
b6a595
b6a694
b6a594
b6a596
b7a696
b8a797
b8a797
b8a698
b7a597
b7a597
b7a597
b7a797
b7a696
b6a696
b7a796
b9a898
b9a898
b8a898
b7a799
b7a79a
b7a79a
b7a798
b7a798
b9a797
b9a696
b9a698
b7a597
b8a698
b7a597
b7a697
b8a698
b8a698
b7a597
b7a597
b8a597
b7a597
b7a597
b7a69a
b7a79a
b7a69c
b6a69c
b7a699
b9a799
baa899
b9a898
b9a898
b9a898
b9a898
baa898
bca799
bca799
baa999
baa999
b9a999
b8aa99
b7aa99
b9a898
b9a898
b9a898
b9a898
b9a898
b9a898
b9a898
b9a899
b9a799
b9a899
baa89a
baa89a
baa89a
baa89a
baa89a
b9a89a
b9a99a
b9a99a
b9a99a
b9a99a
b9a99a
b9a99a
b9a99a
b9a99a
b9aa99
b9a999
b9a999
b9a998
b9aa98
b9aa98
b9a997
b9a798
b9a799
b9a799
b9a799
b9a799
b9a799
b9a699
b9a798
b9a899
b8a69a
baa69b
bda699
c0a496
be9c8d
bd9783
c5947b
c59d88
c69888
7b3828
983a27
f07953
ec713a
f46e30
f97736
f77735
f0722a
ee7327
fa8040
de5d32
aa381e
f1c2b3
f7e3dc
ebe6e7
ebe9ed
eae7e7
ebe9e5
eaeae7
e8eae7
e8e9e6
eee5e3
ece5e3
e5e9e4
e9ece1
e2d2bf
834838
c95a49
f37959
ea7741
e87535
e97332
e97133
e8702e
ee702a
f56c2b
ea6e31
e66b31
f7733e
c9471e
c0664e
fadacf
e9e5e2
e9e7e7
e9e7e7
e8e7e6
e8e7e5
e7e7e6
e7e6e7
e6e7e6
e4e8e0
e8e5e5
f6ecf0
b89e99
762618
ee7757
f37e4d
ea7133
ef6d29
f0702d
f0702e
ef6d2f
f16f34
ee6c33
ee6b33
f17637
dc5e35
8f2619
c99a93
eee1dd
e8dbdc
e5e0e0
e4e2e2
e4e3e3
dfe8e1
e7e5e3
ede1e9
e6e3e9
efe8e4
b9948e
883625
e47956
eb7341
eb6e2f
ec6f2d
ed6e31
f26e33
f46b30
f26228
f06529
eb7633
f06e3c
a31b02
b16656
f6e0d7
e4ddda
e2e2df
e3e2e0
e3e2e0
e2e1df
e2e1df
e2e1df
e2e0dd
eee5de
bf9196
872923
e26941
ec6c36
e96435
eb622d
f16325
ee6428
ec662b
ed682c
e96228
ee6535
b8381a
a22d21
c0705c
b17b60
ae866b
ab8f75
a9917b
a89082
b09e93
7f7069
25130e
9f8e85
efe2d2
e3d7c1
e4d9be
e6dabe
e8d9be
e7d6b8
e9d6b6
e9d6b6
e8d6b6
e9d6b6
e9d7b7
ead7b7
ead8b8
e7d8b6
e6d7b6
e6d7b6
e6d7b5
e5d4b4
e6d4b4
e6d4b3
e9d4b7
ead5bc
e8d6bb
e5d6b9
e8d4b7
f2d2b1
facca0
efb97e
e3984a
eb9542
f29e4d
ee9f4d
e89f48
e89d42
f09c40
f69b3d
ef973d
ee983b
ef963a
f2993c
f19739
eb9133
f09335
e89536
dd9934
e0a035
df9f36
e39e4b
e79f70
712e1c
582016
8d674d
b5a48d
b5a48d
b5a48f
b5a491
b5a492
b4a391
b3a393
b6a494
b8a594
b7a694
b7a694
b7a794
b7a895
b7a794
b7a794
b8a898
b9a898
baa999
baa999
bbaa9a
bbaa9a
bbaa9a
bba999
b8a898
b8a899
b7a797
b7a799
b7a79a
b7a79a
b7a69d
b7a69c
b7a79a
b7a79a
b7a79a
b7a799
b6a699
b7a79a
b7a79a
b7a798
b7a796
b7a798
b7a799
b8a89b
b8a89b
b8a79c
b8a89b
b8a899
b9a999
b9a99a
b8a899
b8a899
b8a899
b8a899
b8a899
b8a899
b8a899
b8a899
b8a899
b8a899
b8a899
b9a799
b8a899
b8a899
b8a899
b9a99a
baaa9b
baaa9b
baaa9b
bba99b
bba99b
bba99b
bba99b
bdaa9c
bca99c
bba89a
baa89a
b9a99a
baaa9b
b9a99a
baaa9b
baaa9b
baaa9b
baaa9b
baaa9b
bba99b
bba99b
baaa9b
baaa9b
baaa9b
baaa9b
baaa9b
b9a99a
b9a99a
b9a99a
b9a99a
b9a99a
b9a99a
b9a99a
b9a99a
b9a99a
baaa9b
bbab9c
bbab9c
bbab9c
bbab9c
bbab9c
bbab9c
bbab9c
bbab9c
bbab9c
bbab9c
bbab9c
bbab9c
bbab9c
bbab9c
bbab9c
bbab9c
bbab9c
bbab9c
bbab9c
baab9c
baa89a
baa799
baa699
b9a698
b9a698
b9a698
b9a698
b9a798
b8a995
b8a997
b8a898
b8a697
bea699
bfa294
bc9b8b
be9983
c5987e
c59c87
cb9788
7f3628
9a3925
f27c53
ea763b
f06f2e
fa7836
f67734
ef752b
eb7226
f6813f
e2673a
a43318
ebb4a1
f5e9da
e5e8e6
ede5ee
ede5ea
e6eae6
e8ece6
ece7ec
e7e7ea
e8e9e2
e5ebe2
e6e9e6
f1ecea
ddd9c5
84452f
c95238
f47950
eb733b
ed7333
ed7132
ef7132
f47431
f2722c
f36f2c
f56e31
e8682b
f1723a
cc4a21
bf5e46
f6d6c6
e7e7e1
e5e6e8
e7e7e8
e7e7e8
e5e7e5
e5e7e4
e6e7e5
e6e6e3
e5e5e2
e4e2e3
f3eceb
c5a9a4
7b1f19
d96e4e
ec814b
f27133
f2722f
f37431
f07130
f06f2f
ef6f30
ee6e30
ec6d2f
ed7339
e2663f
952213
ba8b83
f3e6e4
e9dae0
e2dfe0
e8dee0
e5e2e3
dee7e0
e7e3e2
eddfe8
e6e1e7
efe7e2
b9928c
883426
e57659
e97343
eb6c2f
ed6d2d
ec6d30
f16d32
f6682e
f7612c
ea682a
e77935
f26a3c
aa1e08
bd7866
f5e2d8
e3dbd9
e1e0de
e2e1df
e2e1df
e2e1df
e1e0de
e1e0de
e0dedb
eae2da
b88e92
802b21
dd683e
ef6b37
ec6235
ed612d
f06426
ee642a
ea6326
e96124
eb6029
ec6338
b33517
9e2f18
bf725b
bc856b
b1876d
a48a6f
a4927a
9f9081
a6948d
94817f
271611
807268
ebddcc
e6d7be
e5d8bc
e6d8bb
e6d7b8
e6d7b8
e6d6b7
e5d5b7
e4d5b6
e4d5b6
e6d6b7
e6d7b8
e8d7b8
e8d6b8
e7d6b8
e7d6b8
e7d6b8
e5d4b6
e5d4b6
e5d4b5
e9d2ba
ecd3be
e7d7b4
e4d8b2
e8d4b8
f7ceb4
eeb17d
dd943f
ec9a42
ef9a46
f29e48
f19e47
ef9b44
ed9840
f0983f
f0973d
e79237
ec953a
ef973b
ed9238
ea8f33
e68b2d
e08426
e1932d
e5a43e
eaad4a
e0aa3e
dfb04d
dfb27c
582e19
4f2c1c
8f7b65
b8a791
b7a692
b7a693
b6a593
b7a696
b7a695
b7a696
b9a697
baa796
b9a896
b9a896
baaa97
bbac99
bbac99
b9ac99
b9a999
baa999
bbaa9a
bbaa9a
bbaa9a
bbaa9a
bbaa9a
baa999
b7a898
b8a898
b7a797
b7a799
b8a89b
b8a89b
b8a89c
b7a799
b6a698
b6a698
b7a799
b7a799
b7a799
b8a89a
b8a89a
b9a999
b9a999
b9a99a
b9a99a
b8a89b
b8a89b
baa99e
b9a99d
b9a99a
b9a99a
b9a99a
b9a99a
b8a899
b8a899
b9a899
b9a99a
b9a999
b8a999
b9a899
b9a99a
b8a99a
b9a99a
b8a899
b9a99a
b9a99a
b9a99a
b9a99a
b9a99a
b9a99a
b9a99a
b9a89a
b9a89a
b9a89a
b9a89a
b9a899
baa99a
baa89a
b9a99a
b9a99a
b9a99a
b9a99a
b9a99a
bbab9c
bbab9c
bbab9c
bbab9c
bbab9c
bbab9c
bbab9c
bcac9d
bcac9d
bcac9d
bcac9d
bbab9c
baaa9b
baaa9b
baaa9b
baaa9b
baaa9b
baaa9b
baaa9b
baaa9b
bbab9c
bbab9c
bcac9d
bcac9d
bcac9d
bcac9d
bcac9d
bcac9d
bcac9d
bcac9d
bcac9d
bcac9d
bcac9d
bcac9d
bcac9d
bcac9d
bcac9d
bcac9d
bcac9d
bcac9d
b9a99a
baa89a
bba99b
bba89a
bba89a
b9a698
b7a597
b7a597
b7a597
b8a896
b8a996
b8a797
b8a697
bca698
bea293
bc9d8c
bb9681
c6947f
c89c8b
cc968a
80362b
9b3a27
f17c55
e9753b
f0712e
fa7a37
f87936
ec7028
ee732a
f47e3c
ea7145
a02f14
dba18b
f6ead9
e3e8e4
ebe3eb
ede5eb
e3eae6
e6eae5
ece6eb
e7e8ea
e7eae1
e4ebe2
e6e9e9
f2e9ec
e2e0cd
8d4e35
c34d31
f68054
ed763c
ec7131
f57939
f37334
f87733
f3742a
f4702c
f97033
eb6b2b
f1743a
cd4c23
ba5741
f5d4c4
e9e9e4
e3e3e7
e5e6e9
e7e8e9
e5e7e6
e5e6e5
e6e8e5
e5e5e3
e5e3e2
e3e2e2
f0e9e9
cdb4ae
80251e
cf6748
ee854f
f16f32
f0712e
f27330
ef6f2d
ef6f2f
ef6f2e
ec6c2d
ea6b2c
e76d35
e96c45
a12b1d
a7776e
f1e5e2
eadae3
e4e1e2
e9dee0
e4e2e3
dee7e0
e7e3e2
ecdfe7
e7e1e7
efe7e3
b9928c
883426
e47759
e97343
eb6c2f
ed6d2e
ec6d30
f06d30
f66b2f
f7632e
e96729
e97835
ec6436
ab230d
c88977
f3e2da
e3dad9
e1dfdd
e1e0de
e2e1df
e1e0de
e0dfdd
e0dfdd
dfddda
e9e0d9
b78e91
7f2a20
db673d
ea6532
ef6337
ef622d
ee6424
ec6227
e96223
e86023
eb5f29
ea6037
b13417
9f311a
bf725b
bb856a
b1886c
a99073
a3937b
9f9284
a0908a
a08e8c
392a24
52443a
e4d5c5
e5d6bd
e6d8bc
e6d8b9
e6d7b8
e6d7b8
e5d6b7
e5d6b7
e5d6b7
e4d5b6
e6d7b8
e6d7b8
e6d7b8
e7d6b8
e7d6b8
e7d6b8
e7d6b8
e5d4b6
e5d4b6
e5d4b6
e8d3b8
ecd4ba
ebd5b8
edd6b6
f3d4ad
eab986
dd944e
ed9640
f39d46
ed9944
f09b45
f19c44
ee963f
ec953d
ef963d
ef973e
ee973c
f4983e
f09137
ed8e34
de8528
db8c2b
e59d38
eaab41
ecae4a
e8a84a
e6ac40
ebb956
cc9f6a
442010
54392e
958574
b9a895
b9a896
b9a898
b9a898
b9a898
b8a798
b9a798
baa899
bba897
baa997
baa997
baaa97
baab98
baab98
b9ab98
baaa9a
bbaa9a
bcab9b
bcab9b
bbaa9a
bbaa9a
bbaa9a
baa99a
b8a89a
b8a89a
b8a899
b8a899
b9a99b
b9a99b
b9a99b
b8a899
b9a99a
b9a999
b9a99a
b7a798
b7a798
b8a899
b8a898
b9a999
b8a898
b8a899
b8a89a
b9a99c
baaa9d
baaa9e
baa99d
b9a99a
b9a99b
b9a99a
b9a99a
baaa9b
baaa9b
baaa9b
baaa9b
baaa9b
baaa9b
baaa9b
b9a99a
b9a99a
b9a99a
b9a99a
baaa9b
baaa9b
baaa9b
baaa9b
baaa9b
baaa9b
baaa9b
baaa9b
baaa9b
baaa9b
baaa9b
b9a99a
baaa9b
baaa9b
bbab9c
baaa9b
bbab9c
b9a99a
baaa9b
bcac9d
bbab9c
bbab9c
bbab9c
bcac9d
bcac9d
bcac9d
bbab9c
bbab9c
bbab9c
bbab9c
bbab9c
bbab9c
bbab9c
bbab9c
bbab9c
bbab9c
bbab9c
bbab9c
bbab9c
bbab9c
bcac9d
bcac9d
bcac9d
bcac9d
bcac9d
bcac9d
bcac9d
bcac9d
bcac9d
bcac9d
bcac9d
bcac9d
bcac9d
bcac9d
bcac9d
bcac9d
bdad9e
bdad9e
bcac9d
b9aa9b
baaa9b
bdab9d
bcaa9c
bcaa9c
baa99a
baa89a
baa89a
baa89a
b9a998
b9a998
b8a799
b7a798
bba699
bda496
bfa293
be9a88
c69484
c79c8e
c7958a
81392f
983826
ee7a52
ea743b
f27230
f87935
f67733
ed6f27
f1762d
f37b3a
ef774a
9f2f13
dda18b
f7ebd9
e5e9e4
ede7ef
ece7ec
e4eae8
e5e7e7
ebe5eb
e8eaea
e7eae1
e4ebe4
e7e9ed
eee6e9
e8e7d2
9a5b41
b9472a
f07c50
ed763b
f07333
f06f30
f17031
ef6f2b
f06f26
f46c29
f86f31
eb6c2c
f2773c
cd4e23
b9563f
f4d0c1
eae8e5
e6e7ec
e7e8eb
e7e8eb
e5e6e7
e4e6e5
e5e7e6
e4e4e3
e7e2e2
e4e1e2
ece9e8
d4bdb8
842d25
c55e3f
ef8650
f06f31
f0722f
ef702d
f27231
ed6c2b
f0702f
eb6b2c
e8692a
e56b32
eb6f48
a12b1e
a27068
efe3e0
eadbe3
e3e1e3
e9dee1
e5e2e3
dee7e0
e7e3e2
ecdfe7
e7e1e7
f0e6e3
b9928c
883426
e57759
ea7343
eb6c2f
ed6d2e
ec6d30
f16d31
f4692d
f6672f
f06c2f
ed7737
dc5427
a92a13
d09988
f1e0da
e4dadb
dfdfdd
e0dfdd
e0dfdd
e0dfdd
e0dfdd
dfdedc
dfddda
e9e0d9
b38a8e
812c23
d86339
e7632f
ef6337
f0642e
ee6323
eb6125
e86022
ea6125
ed612d
e75d37
b03217
a63824
be715b
bb856c
b0886c
a99074
a2937a
9f9484
9d8f87
aa9895
55463f
33251b
cdbfad
ecdec5
e4d6bb
e6d8ba
e6d7b8
e6d7b8
e5d6b7
e5d6b7
e5d6b7
e5d6b7
e6d7b8
e6d7b8
e6d7b8
e7d6b8
e7d6b8
e7d6b8
e6d5b7
e5d4b6
e5d4b6
e5d4b6
e5d5b5
e7d6b9
e9d3bd
eed0b6
e5bd8d
d8a25c
e79d4e
f39a4d
f09946
ed9943
f29b45
f09841
ee963d
f0973e
f1973e
ee943c
ee9239
ee8c35
eb892f
e5892e
e29232
e6a640
e5b147
e4b343
e7af49
eaae4d
e3aa3d
ecb857
b58a55
371708
604c41
9b8d81
baa997
baa998
baa999
baa999
baa899
baa89a
b9a79a
baa899
bba897
baa997
baa997
baaa97
baab98
baab98
b9aa98
baaa9a
bbaa9a
bbaa9a
bbaa9a
bbaa9a
bbaa9b
bcab9b
bbaa9b
b9a89c
b9a99c
b9a99c
b9a99a
b9a99a
b9a99a
b9a99a
baaa9b
bbab9c
bbab9c
bcac9c
bbab9c
bbab9b
bbab9b
bbab9b
bbab9b
baaa9a
baaa9b
bbab9c
bbab9e
bbac9e
bbab9f
bbab9e
bbab9c
bbab9c
bbab9c
bbab9c
bbab9c
bbab9c
bbab9c
bbab9c
bbab9c
bbab9c
bbab9c
bbab9c
bbab9c
bbab9c
bbab9c
bbab9c
bbab9c
bbab9c
bbab9c
bbab9c
bbab9c
bbab9c
bbab9c
baab9c
baab9c
baab9c
bbab9c
baab9c
baac9c
baac9c
bcac9d
beae9f
b9a99a
bcac9d
b9a99a
b9a99a
b9a99a
baaa9b
bbab9c
bbab9c
bbab9c
bbab9c
bbab9c
bbab9c
bbab9c
bbab9c
bbab9c
bbab9c
bbab9c
bbab9c
bbab9c
bbab9c
bbab9c
bbab9c
bbab9c
bcac9d
bcac9d
bcac9d
bcac9d
bcac9d
bcac9d
bcac9d
bcac9d
bcac9d
bcac9d
bcac9d
bcac9d
bcac9d
bcac9d
bcac9d
bcac9d
bcac9d
bcac9d
bcac9d
bbab9c
bbac9d
bdac9d
bcac9d
bcac9d
bbab9c
bbab9c
bbab9c
bbab9c
baaa9a
b9a99a
b8a79a
b8a89b
bba89b
bda699
bda293
b89987
c39b8b
be9c8f
bf958c
7e3e34
8f3321
e8754e
ec743b
ef702f
f37733
f47531
ef7028
f4762e
f57c3c
f17a4e
a6371c
dd9e87
f8e9d5
e6ebe4
ebe8ed
eae9ed
e3ecea
e6e9e9
ece6ea
e7e9e8
e7eae1
e3ebe6
e7e9ef
eee7eb
e7e6d0
aa6b4f
b24425
ef7e4f
ec763b
ee6e31
ef6b2d
ef6c2d
f06f2c
ee6d24
f16827
f2682a
e86b2b
f0783c
cc4e24
ba5840
f5cfbf
ede9e8
e8e8ee
e7e8ec
e7e8ed
e5e6e9
e4e5e7
e3e4e6
e4e4e4
e7e3e2
e4e2e3
eaeae7
d9c7be
812c24
c0593a
f08650
ee6c2f
f1732f
f0722f
f0702f
ee6e2d
f17130
ec6c2d
e8692a
e56a32
ee734b
a73325
97685e
eee2e0
e9dbe1
e3e0e1
eadfe2
e4e2e3
dee7e0
e7e3e2
ecdfe7
e6e1e7
f0e6e4
ba928d
883426
e47658
e97242
eb6c2f
ec6e2e
ec6d30
f16d31
f46b2e
f0652c
f36b30
ec6f33
d54c22
b13821
dead9c
eeddda
e6dadc
dfdedc
dfdedc
dedddb
dedddb
dfdedc
dfdedd
dfdedb
ebe3db
a88083
812c23
db673e
eb6531
ec6034
f0632f
ef6325
ee6428
e96324
e86025
ee622f
e35a35
af3019
ae3f2f
c37962
b38065
b18c6e
a79174
9e9076
9d9382
9a8d85
ac9d9a
7e7069
1e1006
ad9f8e
f2e4ca
e3d6ba
e6d8b9
e6d7b8
e6d7b8
e6d7b8
e5d6b7
e6d7b8
e6d7b8
e6d7b8
e6d7b8
e6d7b8
e7d6b8
e7d6b8
e7d6b8
e6d5b7
e5d4b6
e5d4b6
e5d4b6
e4d5b6
e9d9b8
e9d2ac
debb8b
ce9f60
e1a459
eea358
ea954c
ea9441
ec953e
f19941
f29840
ed943a
ee963b
ef963c
f2963c
ef8d36
e88830
de872a
e59739
f1ad49
efb64d
e7b44a
e5b445
e4af4b
e4af57
d7a849
ddb661
a07d52
321a09
645444
a09388
bbaa99
bbaa9a
bbaa9a
bba99a
bba99b
bba99c
bba99d
bba99a
bba897
baa997
baa997
baaa97
baab98
baab98
b9ab98
baaa9a
bbaa9a
bbaa9a
bbaa9a
bbaa9a
bbaa9b
bcab9b
bbaa9b
b9a89e
b9a89d
b9a99c
b9a99b
b9a999
b9a999
b9a999
baaa99
bbac99
bbac9a
bbac9a
bbac9a
bbac9a
bbac9a
bbac9a
bbab9b
baaa9a
baaa9b
bbab9c
bbab9e
bbab9e
bbab9f
bbab9e
bbab9c
bbab9c
bbab9c
bbab9c
bbab9c
bbab9c
bbab9c
bcac9d
bcac9d
bcac9d
bcac9d
bbab9c
bbab9c
bbab9c
bbab9c
bcac9d
bcac9d
bcac9d
bcac9d
bcac9d
bcac9d
bcac9d
bbac9c
b9ac9c
b9ac9c
b9ac9c
b9ac9c
b9ac9c
b9ac9c
b9ac9c
bcac9d
bcab9c
bbab9c
bbab9c
b9a99a
b9a99a
b9a99a
baaa9b
bbab9c
bbab9c
bbab9c
bbab9c
bbab9c
bbab9c
bbab9c
bbab9c
bbab9c
bbab9c
bbab9c
bbab9c
bbab9c
bbab9c
bbab9c
bbab9c
bbab9c
bcac9d
bcac9d
bcac9d
bcac9d
bcac9d
bcac9d
bcac9d
bcac9d
bcac9d
bcac9d
bcac9d
bcac9d
bcac9d
bcac9d
bcac9d
bcac9d
bcac9d
bcac9d
bbab9c
bbab9c
bbab9c
bbab9c
bbab9c
bbab9c
bbab9c
baaa9b
baaa9b
bbab9c
baa99a
b9a99a
b8a89b
b8a89d
baa99d
b9a698
bba294
b69b8a
ba9d8d
baa395
bc9e93
7a4237
87311e
e3724b
ed713b
f0702e
f37633
f57431
f26f28
ee6f27
ee7435
f07a4d
a23618
d5927c
f7e5d2
e6ebe4
e7e6eb
e5e6ea
dfeae8
e4e8ea
ebe4e8
e5e7e3
e7e8e1
e3ece7
e5e8ef
eee6ec
ebead4
b17354
b44928
ef7e50
ea7439
ed6c2f
f06c2e
f06a2d
f77432
f06f26
f26726
f4692b
e56929
ef783c
d4582d
b7533e
f5cdbf
efebec
e7e7ee
e7e8ed
e7e8ed
e5e6ea
e4e5e8
e3e4e6
e4e4e5
e7e2e2
e3e2e2
e9ebe8
d5c7bc
87342a
c15c3c
f48953
f37033
f0722e
f1722f
f0702f
f0702f
ef6f2e
eb6b2b
ed6e2f
e86e36
f2754f
af3a2c
906157
ede1de
eadbe1
e3e0e0
eadfe2
e4e2e3
dee7e0
e7e3e2
eddfe7
e6e1e7
f0e6e4
ba938c
883425
e47559
e97242
eb6c2f
ed6d2e
ec6d30
f16d31
f36b2e
ef672b
f46a2e
f06f32
cf451c
b3402b
e8bdac
ecdbdb
e8d8df
dfdedc
dfdedc
dedddb
dedddb
dedddb
dedddc
deddd9
ece3dc
966d70
7e2920
de6a40
eb6532
ea5f32
ef632e
f06425
ec6326
ec6527
e65d23
f26634
dc512f
a62712
c25245
c17660
b7866a
ae896c
a69073
a0947a
9a9281
9d9189
a99b98
8d7e79
201209
9a8a7a
f0e1c8
e5d7bc
e6d7b9
e5d6b7
e5d6b7
e6d7b8
e5d6b7
e6d7b8
e6d7b8
e6d7b8
e6d7b8
e6d7b8
e7d6b8
e7d6b8
e7d6b8
e7d5b7
e5d4b6
e5d4b6
e5d4b6
e7d4b4
e8cd9f
ddbb72
d7a84f
e2a24f
e99c53
ef9a50
eb9440
ed963d
ee953d
ec933a
f29840
f1983e
f0973d
ed9439
ec8d33
ea8530
dc8128
e99f3e
f0b550
edb84f
ebb54b
e7ab44
dfa640
e1ad5b
e4b678
e0bd7f
e3c993
967e6a
2e1912
705e4e
94887b
bca99b
bca99b
bca99b
bca99b
bca99b
bca89d
bca89c
bba99a
bba999
bba999
bbaa99
bbaa99
bbaa99
baaa99
baa999
bbaa9a
bcab9b
bcab9b
bcab9b
bcab9b
bcab9b
bcab9b
bcaa9b
bba99d
bbaa9d
bba99c
bba99b
bba99a
bbaa9a
bbaa9a
bbab9a
bbab9a
bbab9b
bbab9b
bbab9b
bbab9b
bbab9b
bbab9b
bbab9c
baaa9c
baaa9d
bbab9e
bbab9e
bbab9e
bbab9f
bbaa9f
bbaaa0
bbab9f
bbab9e
bbab9e
bbab9e
bbab9e
bbab9c
bcac9d
bcac9d
bbab9c
bbab9c
bbab9c
bbab9c
bcac9d
bcac9d
bcac9e
bcac9e
bcac9e
bcac9e
bcac9e
bcac9e
bcac9e
bcab9e
bcaa9e
bbab9e
bbab9e
bbab9e
bbab9e
bbab9e
b9ab9e
bdad9e
bcac9d
bdad9e
bbab9c
baaa9b
baaa9b
baaa9b
bbab9b
bcaa9b
bcab9b
bcab9b
bcab9b
bcaa9b
bcaa9b
bcaa9b
bcaa9c
bcaa9c
bcaa9c
bcaa9c
bdab9d
bdab9d
bdab9d
bdab9d
bcab9d
bcab9d
bdab9d
bcab9c
bcab9c
bcab9c
bcab9c
bcab9c
bdab9d
bdab9d
bdab9d
bdab9d
bdab9d
bdab9d
bdab9d
bcac9d
bcac9d
bcac9d
bcac9d
bbab9c
bbab9c
bbab9c
bbab9c
bbab9c
bbab9c
bbab9c
baab9c
baac9d
baac9d
bbac9d
bcaa9c
bba99b
baa89a
b8a79b
baa89b
baa89a
b9a496
b7a294
b79d8e
b9a591
b7a395
89544f
822414
d8673b
f0723e
f17032
f37633
f57433
f26f2c
f06f28
ef7332
f57c4e
a83517
d58e78
f7e7d3
e9e8e3
ebe5eb
e3e6ea
e0e8ea
e3e7eb
e4e7ea
e3e6e2
e6e9e2
e4eae8
eae4f0
eee7ed
eeecd7
a86c4c
af4723
eb7c4a
ea7437
ee6f2f
ef6a2c
f16b2d
f4722f
f37329
f16826
f66b30
e76a27
ef773c
df603a
ac482f
f0c9bc
f1eded
e7e6eb
e8e7eb
e6e6ea
e5e5e8
e4e5e7
e4e5e7
e4e5e6
e6e3e6
e5e1e4
eae9e6
d9cabe
843a2b
c25537
f0804b
ee7433
f1732f
f0712e
ef702f
f0702f
f27130
e96628
f37032
ed6d30
ee774a
a73827
985e59
ece2e1
e7dfe5
e7e0e2
e7e2e2
e5e3e2
e2e4df
e6e3e0
eae0e7
e6e0e6
f5e5e3
ba938c
863426
e37657
e87242
eb6c2f
ec6d2d
ea6d30
f16e32
f36a2d
f0672b
f06d2f
f16f36
cb4119
ae3f2c
edbdad
f2dcdb
eadae0
e0dfdf
dfddde
dddcdc
dddbdd
dddcdb
dfdddd
dfdddc
ede3e3
976a6b
8c2f24
df653f
eb6732
e8632e
ed632c
ed652a
ea642a
ee6126
e65e21
f16938
d2472a
a62417
c76053
ba775f
b38566
ae8a6d
a58e74
9e907a
a09586
9d9188
a3958e
93817c
2d1c14
817061
e8d7bf
e8d9ba
e7d8b9
e6d6bc
e4d6be
e3d9bc
e3d7bc
e6d7bb
e7d8b9
e7d7b9
e8d6b9
e8d7b7
ead7b0
ead7b3
e7d7b9
e7d6bf
e5d3bc
ead3b6
ecd3b1
e5c599
d4aa68
d19e48
e3a441
f1a345
ee9542
e88a39
f3963c
f1963d
ed943b
ed943b
ef963c
f0973d
ec9237
e88f33
eb8d30
e27b21
e28c36
f7b65d
f0bc56
e8b644
daa236
d79a3c
d8a85b
e2c48e
ebd1af
eed1b2
f5dac2
90807b
291d1e
837368
8e8377
bca99b
bca99b
bca99b
bca99b
bca99b
bca99b
bca99b
bba99b
bbaa9a
bbaa9a
bbaa9a
bbaa9a
bbaa9a
baa999
baa999
bbaa9a
bcab9b
bcab9b
bcab9b
bcab9b
bcab9b
bcab9b
bcab9b
bcab9b
bcab9b
bcab9b
bcab9b
bcab9b
bcab9b
bcab9b
bbab9b
bbab9b
bbab9b
bbab9b
bbab9b
bbab9b
bbab9b
bbab9b
baaa9d
baaa9e
baaa9d
baaa9d
bbab9e
bbab9e
bbab9d
bbaa9f
bbaaa2
bbaaa1
bbaaa1
bbaa9e
bbab9e
bbab9d
bbab9c
bcac9d
bcac9d
bbab9c
bbab9c
bbab9c
bbab9c
bcac9d
bcac9d
bcac9f
bcac9f
bcac9f
bcac9f
bcac9f
bcac9f
bcac9f
bdab9f
beaa9f
bdaa9f
bdab9f
bcac9f
bcac9f
bcac9f
baac9f
bdad9e
bdad9e
bdad9e
bcac9d
bbab9c
bbab9c
bbab9c
bbab9b
bcab9a
bcab9a
bcab99
bcab9a
bcab99
bcab9a
bcab9a
bcaa9b
bcaa9c
bcaa9c
bcaa9c
bdab9d
bdab9d
bdab9d
bdab9d
bdab9d
bdab9d
bdab9d
bcaa9c
bcaa9c
bcaa9c
bcaa9c
bcaa9c
bdab9d
bdab9d
bdab9d
bdab9d
bdab9d
bdab9d
bdab9d
bcac9d
bcac9d
bcac9d
bbab9c
bbab9c
bbab9c
bbab9c
bbab9c
bbab9c
bbab9c
bbab9c
bbab9c
bbab9c
bbab9c
bbab9c
bdab9d
bcaa9c
bba99b
baa89a
bba99b
bba89b
b8a798
b7a59a
b99d93
c1aa92
b8aa9a
905858
8e2416
da6a3a
f0713d
f46f34
f77835
f67635
f37230
ed6e28
ee7231
f87b4a
aa3413
d58d75
f4e6d0
ebe5e0
eee4ec
e1e8eb
e2e8e9
e3e6ec
dee9ea
e3e6e2
e6eae2
e4eae8
eee2ee
ece6eb
f0ebd7
b07556
a9411e
ea7b48
ec7738
ef702e
ee6a2b
f16d2e
f06f2c
f17327
ee6a25
f46c35
e86b24
ef773c
e0603f
a84628
e7c2b3
f0eaec
e6e5e8
e7e4e7
e5e4e6
e5e5e7
e4e5e7
e4e5e7
e4e5e7
e5e3e8
e7e1e5
e9e7e5
dfd0c4
8c4834
c55234
f17b47
e97534
f07330
ee712f
ee6f2d
f1702f
f37230
ec6729
f26d2f
ee682a
ec7a49
a43c27
a05d5b
ede4e4
e3e3e7
eadfe4
e4e2e1
e4e3de
e6e2dd
e5e2de
e5e3e4
e7dee4
fae2e4
b9928e
843525
e27758
e87342
ea6c2f
ea6e2d
ea6e30
f06f32
f36a2d
f2662b
e66c2c
f07037
cd431d
ae412d
f3bcac
f6dad7
e7dbdd
e1dfe0
dfddde
dddbdc
dedcdd
dedcdd
dfddde
e1dfe0
eddfe5
9c6b6b
983527
e1613e
ed6934
e66527
ec642b
e8642e
e6632a
f05e23
e96022
ee6b3b
c83c26
a42218
c86d5c
b98063
b58a67
b08d70
a48d76
a0907f
9e9184
9d8f86
a3958b
a29189
3c2a23
68574a
e0d0b6
e9dbb7
e7d9b7
e8d6c1
e8d6c2
e5d8bc
e5d7bc
e7d6b9
e8d7b8
ead7b6
e9d6b3
e9d6b3
e9d6b6
e7d6b8
e5d6bb
e5d6bc
e9d4b6
ecd0a6
e0be8b
cfa364
d8a053
e3a350
ec9f48
e99337
ee9338
f4953c
ef9139
ed9139
ee943b
ef963c
ec9339
ea9137
ee9439
e58c31
dc8227
ed943c
f0a64f
eeb658
e1b246
d6a93a
d7ab4e
e3b778
e9ca9d
ded4b4
d5ccb8
dfc6ae
ddbea9
53453f
262321
81756a
8d887c
bba99b
bba99b
bba99b
bba99b
bba99b
bba99b
bba99b
bba99a
bbaa9a
bbaa9a
bbaa9a
bbaa9a
bbaa9a
baa999
baa999
bbaa9a
bcab9b
bcab9b
bcab9b
bcab9b
bcab9b
bcab9b
bcab9b
bcab9b
bcab9b
bcab9b
bcab9b
bcab9b
bcab9b
bcab9b
bbab9b
bbab9b
bbab9b
bbab9b
bbab9b
bbab9b
bbab9b
bbab9b
bbab9f
bbab9e
bbab9e
bbab9e
bbab9e
bbab9e
bbab9d
bbaa9e
bbaaa0
bbaaa0
bbaaa0
bbab9e
bbab9d
bbab9c
bbab9c
bcac9d
bcac9d
bbab9c
bbab9c
bbab9c
bbab9c
bcac9d
bcac9d
bdada0
bdada0
bdada0
bdada0
bdada0
bdada0
bdada0
beaba0
bfaba0
beaba0
beaca0
bdaca0
bdada0
bdada0
bbada0
bdad9e
bdad9e
bdad9e
bcac9d
bbab9c
bbab9c
bbab9c
bbab9b
bbab9b
bbab9b
bbab9b
bbab9b
bbab9b
bbab9b
bbab9b
bbab9d
bbab9c
bbab9c
bbab9c
bbab9c
bbab9c
bbab9c
bbab9c
bcac9d
bcac9d
bcac9d
bbab9c
bbab9c
bbab9c
bbab9c
bbab9c
bcac9d
bcac9d
bcac9d
bcac9d
bcac9d
bcac9d
bcac9d
bcac9d
bcac9d
bcac9d
bbab9c
bbab9c
bbab9c
bbab9c
bbab9c
bbab9c
bbab9c
bbab9c
baaa9b
baaa9b
baaa9b
baaa9b
bbab9c
bbab9c
bcab9d
bcab9d
bbaa9c
bbaa9c
b9a899
b6a499
bba095
baa38b
b7a797
975c5e
8b2215
db6c3a
ee703d
f36e33
f77734
f77535
f4712f
ea6b25
ed7130
f57947
ab3514
d58e77
f3e6d1
ebe5e1
eee4ec
e1e7ea
e1e8e8
e3e7ea
dee9ea
e3e6e5
e6eae1
e4ebe6
ece0eb
e8e2e6
eeead5
b97e62
a8401e
ec7c4b
eb7539
ee6f2f
f16b2e
f16c2d
f1702d
ea6c1f
f06b28
f16832
e76b23
f1773a
e26240
a84425
dfb7a7
ede7e9
e2e0e4
e4e1e4
e2e3e5
e4e4e6
e3e4e6
e3e4e6
e3e4e6
e4e3e7
e5e2e6
e5e7e4
e5d8ce
9c5b4a
bd482d
f27949
ec7535
f1712e
ef712e
ed6e2c
f37332
f37230
e96829
f06c2f
ed672c
ec7948
ab3f2a
9c5553
eae0dd
e2e0e1
eadde4
e3e1e2
e3e2de
e6e1dd
e5e1de
e3e1e4
e6dce4
f9e0e4
b9918d
853425
e37759
ea7242
eb6c2e
eb6e2e
ec6d30
f16f32
f46a2d
f16429
e36928
f27139
cd431d
af432e
efb7a8
f3dad6
e5dbdd
e1dfe0
dfddde
dddbdc
dedcdc
dedcde
dfddde
e2dfe0
ebdde1
9f6c6a
9d392a
e2623e
e9642e
e66226
ee632c
ed6630
e8622a
f05d23
eb5e25
e76536
bf3720
ab2d21
c8725d
b57f5e
b38966
ad8c6e
a8917b
a09180
9f9486
9f9389
998b82
a4968b
4c3f36
4e3d31
dbcbb4
e9daba
e7d7b6
e8d6c0
ead6bf
ead6b8
ead6b9
e8d5b7
e8d7b8
e8d7b5
e8d6b1
e7d2af
e9d2bd
ebd4bb
efd8b3
f3d8a7
efce93
e2b874
d6a55e
d99e54
eaa456
eca04e
e49039
ea9238
f2963d
f1953d
ee913a
ed943a
ed9539
e88e35
eb9037
f0943b
e88c34
de8229
ee9840
f1af5d
eab554
dfb44a
dbb452
e1bc71
eacd9a
e1d0ad
decbae
d3c4b0
ccc0af
dbc1a3
d9ba9a
3b2e20
2e2926
908378
8b8977
baa99a
baa99a
baa99a
baa99a
baa99a
baa99a
bba99b
bbaa9b
bbaa9a
bbaa9a
bbaa9a
bbaa9a
bbaa9a
bbaa9a
bbaa9a
bcab9b
bcab9b
bcab9b
bcab9b
bcab9b
bcab9b
bcab9b
bcab9b
bcab9b
bcab9b
bcab9b
bcab9b
bcab9b
bcab9b
bcab9b
bbab9b
bbab9b
bbab9b
bbab9b
bbab9b
bbab9b
bbab9b
bbab9b
bcac9f
bcac9f
bcac9f
bcac9f
bcac9f
bcac9f
bcac9f
bcab9f
bbaa9f
bcab9f
bcac9e
bcac9c
bcac9c
bbab9b
bbab9b
bcac9c
bcac9d
bcac9d
bcac9d
bcac9d
bcac9d
bcac9d
beae9f
bfafa2
beaea1
beaea1
beaea1
beaea1
beaea1
beaea1
c0ada1
c0aca1
bfada1
bfada1
beaea1
beaea1
beaea1
bdaea1
bdad9e
bdad9e
bdad9e
bcac9d
bbab9c
bbab9c
baaa9b
baab9b
bbab9c
bbab9c
bbab9c
bbab9c
bbab9c
bbab9c
bbab9c
bbab9c
bbab9c
bbab9c
bbab9c
baaa9b
bbab9c
bbab9c
bbab9c
bbac9c
bcab9c
bdad9e
bbab9c
bbab9c
bbab9c
bbab9c
bbab9c
bbab9c
bbab9c
bbab9c
bbab9c
bbab9c
bbab9c
bbab9c
bbab9c
bbab9c
bbab9c
bbab9c
bbab9c
bcac9d
bdad9e
bbab9c
bbab9c
bbab9c
bbab9c
baaa9b
baaa9b
baaa9b
baaa9b
baaa9b
baaa9b
bcac9d
bcab9c
bbab9c
baaa9b
b8a898
b7a69b
b9a195
b8a28a
b9a798
9d6062
891e11
d96a38
ec723d
ef692e
f26f2d
f46f31
f2702d
eb6d26
ed7331
f47948
ac3816
d68d78
f3e6d2
ece7e3
efe4ec
e2e8ea
e2e8e7
e4e7e7
dde8ea
e3e6e6
e5e9e0
e6ebe4
eee1ea
e8e3e7
efebd7
ba7f65
a7401f
eb794d
ec763c
ed6d30
f26c30
f26d2e
ef6e2c
ee6f23
ee6b29
f46b34
e96c24
f1773a
e76442
ac4524
e1b5a3
f0e7e7
e1dfe3
e3e1e4
e2e2e4
e2e3e5
e2e3e5
e2e3e6
e3e5e5
e2e4e3
e3e2e5
e1e5e4
e7ded6
a9695d
b43f28
f27648
ee7536
f06f2c
ee6f2d
f06f2e
f37332
f27230
ec6c2c
ed6b2d
e86427
f07d4c
b3462e
944a45
e4d6d2
e2dee0
e9dce2
e3e1e1
e2e1dd
e5e0dc
e4e1de
e2e0e3
e5dce2
f8e0e2
b78f8b
853425
e37759
ea7243
ec6c30
ed6d2d
ed6d30
f26e31
f5692e
f06429
e6692a
f17139
cb421c
ae462e
ecb9a8
f2dbd7
e5dbdd
e2e0e1
dfdddd
dcdadb
dddbdc
dedcdd
dfddde
e2dfe0
eadcdc
9f6c66
9f3a28
e5633e
ea622d
ea6428
ed622c
ec632e
e65f26
ee5a22
e85c23
e16033
bc361f
ab3323
c5765c
b4825f
b28967
ac8c6d
a79179
9f9280
9f9385
9c9187
91867c
a89e94
5c5049
31221a
cbbca8
e8d9bb
e3d3b3
e6d4bb
e7d4bb
e8d7ba
e6d6bc
e6d8bc
e6d7ba
e6d5b5
e5d3ac
ecd4ab
f7d1a3
f8cd96
eab976
dda357
d79746
db9443
e89c50
ee9e52
e89745
e5903d
ee963e
ed9239
ec9139
ee933b
f1953f
ed963b
e69031
ef963a
f3983d
e78b31
d67d23
f09b41
faaf54
eab454
e1b456
deb665
e7bc8a
efc5ad
e8ccb9
d5cdad
cdbea3
cebcb0
d5c8ba
e8ceaf
d3b290
322412
413b36
97897e
8f8271
b9a99a
b9a99a
b9a99a
b9a99a
b9a99a
b9a99a
baaa9b
bbaa9b
bbaa9a
bbaa9a
bbaa9a
bbaa9a
bbaa9a
bbaa9a
bbaa9a
bcab9b
bcab9b
bcab9b
bcab9b
bcab9b
bcab9b
bcab9b
bcab9b
bcab9b
bcab9b
bcab9b
bcab9b
bcab9b
bcab9b
bcab9b
bbab9b
bbab9b
bbab9b
bbab9b
bbab9b
bbab9b
bbab9b
bbab9c
bbab9e
bbab9e
bbab9e
bbab9e
bbab9e
bbab9e
bbab9d
bbab9e
bbab9d
bbab9c
bcac9d
bcac9c
bcac9d
bbac9b
bbac9a
bcac9c
bcac9d
bcac9d
bcac9d
bcac9d
bcac9d
bcac9d
beae9f
beaea1
beaea1
beaea1
beaea1
beaea1
beaea1
beaea1
c0ada1
c0aca1
bfada1
bfada1
beaea1
beaea1
beaea1
beaea1
bdad9e
bdad9e
bdad9e
bcac9d
bbab9c
bbab9c
baaa9b
b9aa9c
baab9d
baab9d
baab9d
baab9d
baab9d
baab9d
baab9d
baac9c
baab9c
baac9c
baac9c
b9ab9b
baac9c
baac9c
baad9d
baac9c
baac9c
bcae9e
baac9c
baac9c
baac9c
baac9c
baac9c
baac9c
baac9c
baac9c
baac9c
baac9c
baab9c
baab9c
bbab9c
bbab9c
bbab9c
bbab9c
bbab9c
bbab9c
baaa9b
baaa9b
baaa9b
baaa9b
baaa9b
baaa9b
baaa9b
baaa9b
baaa9b
b9ab9b
b9ab9b
baab9c
baab9c
baac9c
b9ab9b
b6a999
b6a69a
b7a194
baa38b
bba899
9e5f61
8a1c0f
d76836
ec743d
ef6a2d
f26c2c
f46d2e
f26e2c
ec6e28
ed7232
f27a48
aa3816
d68d7a
f4e7d3
ede7e5
eee4ed
e2e9ea
e2e8e7
e3e7e5
dde8eb
e3e6e8
e5e9e0
e5ebe2
eee2e7
e9e4e6
f0ebd8
bc8068
a53d1f
e6744c
e9733c
f07034
f26c31
f26e2f
ef6f2b
ec6f22
f3702e
f66e38
e66820
f17537
ea6442
ae4522
e1b49f
efe7e5
e2e0e4
e3e1e4
e1e1e3
e1e1e3
e1e2e4
e1e2e5
e2e4e4
e1e5e0
e2e3e3
dde5e4
e8e3db
bb7d74
ac3622
ef7145
f17536
f06d2c
ef6d2c
ef6e2d
f17230
f0712f
ed6f2f
eb6c2c
e46026
f4814e
ba4c33
8e4139
e1d0c9
e3dfdf
e7dce2
e2e0e1
e2e1dd
e6e0db
e5e0dd
e2e0e2
e5dce2
f7e0e2
b68f8b
863424
e47558
eb7244
ed6b31
ee6d2e
ee6c30
f36c31
f7692d
f06329
e76a2b
f07138
c94119
ae482e
ecbbab
efdcd6
e4dcdd
e1dfe0
dfdcde
dcdadb
dddbdc
dedcdc
dfdede
e2dfdf
ebdcd9
9f6c64
a13c27
e7633e
ec622d
e86227
ed622c
ec622e
e75c26
ef5622
e55722
e6663b
b9351e
ad3826
c17656
b68560
b08865
ac8d6d
a49078
9e9280
9c9384
9a9288
978d83
a9a096
6e635f
1e120f
baad9e
f2e3c7
e2d3b3
e6d4ba
e8d7bb
e8d9ba
e8dabc
e8d8ba
eed9b8
f5d8b1
f3cda1
f0c38e
ebae63
dc9641
dc8e36
e18d34
e78f38
ef9642
f0994b
ea9443
e9933b
ee983f
ee953d
ed943b
ed933c
ec933c
ec923b
e48f30
e99533
faa143
eb9135
e18a30
f1a246
fab457
ebac4b
e2b04e
e1b76e
dfbb8f
e8c5ae
e7c5b4
d9bea7
cbbb9b
d4bfa1
dccab7
dccdc1
f1d3bc
ac886e
251508
605953
99897a
96826e
b8aa9a
b8aa9a
b8aa9a
b8aa9a
b8aa9a
b9a99a
b9ab9b
bbaa9b
bbaa9a
bbaa9a
bbaa9a
bbaa9a
bbaa9a
bbaa9a
bbaa9a
bcab9b
bcab9b
bcab9b
bcab9b
bcab9b
bcab9b
bcab9b
bcab9b
bcab9b
bcab9b
bcab9b
bcab9b
bcab9b
bcab9b
bcab9b
bbab9b
bbab9b
bbab9b
bbab9b
bbab9b
bbab9b
bbab9b
bbab9c
baaa9d
baaa9d
baaa9d
baaa9d
baaa9d
baaa9d
baa99c
bbab9d
bbab9c
bbab9d
bcac9d
bcac9c
bcac9c
bcac9b
bbac9a
bcac9c
bcac9d
bcac9d
bdab9d
bdab9d
bdab9d
bdac9d
bdad9e
bdada0
bdada0
bdada0
bdada0
bdada0
bdada0
bdada0
beaca0
bfaba0
beaca0
beaca0
bdada0
bdada0
bdada0
bdada0
bdad9e
bdad9e
bdad9e
bcac9d
bbab9c
bbab9c
baaa9a
b9aa9d
b9ab9e
b9ab9e
b9ab9e
b9ab9e
b9ab9e
b9ab9e
b9ab9e
b9ac9c
b9ac9c
b9ac9c
b9ac9c
b8ab9b
b9ac9c
b9ac9c
baad9d
b9ac9c
b9ac9c
bbae9e
b9ac9c
b9ac9c
b9ac9c
b9ac9c
baac9c
baac9c
baac9c
baac9c
baac9c
baac9c
bbab9c
bbab9c
bbab9c
bbab9c
bbab9c
bcac9d
bcac9d
bcac9d
bcac9d
bbab9c
baaa9c
baaa9c
baaa9c
baaa9b
baaa9b
baaa9b
baaa9b
b9ab9b
baab9b
b9ac9c
b9ac9c
b9ac9c
b8ab9b
b6a999
b5a69a
b9a295
b9a18b
bca89b
9f6061
891b0f
d86939
ec753f
ee692d
f06b2a
f26b2d
f26d2c
ed6e29
ed7331
f27a47
ac3816
d68d79
f5e6d6
ede6e7
eee3eb
e2e8e8
e3e8e7
e4e6e4
dee7ea
e4e6e9
e5e9e1
e5ebe2
ede4e7
e8e5e3
f3ead8
be836c
a63f25
e7764f
e9723d
f06f32
f67134
ef6b2c
f1702c
ef6f24
f4702e
f87039
e46620
ed6e30
ec623f
af4223
e0b19c
efe8e6
e3e1e5
e4e2e5
e3e2e5
e1e1e3
e0e1e3
e2e2e4
e1e3e3
e1e5e0
e2e3e2
dde5e5
e7e3de
bf837d
a5311e
f07146
f07134
f16c2b
f16e2d
ee6d2d
f27030
f07130
ef7131
ec6d2e
e25f25
ed7a47
bf5037
8d3e35
dac8bf
e4dedf
e6dbe0
dfe0e0
e2e1de
e5e0dc
e4e0dd
e1e0e2
e5dce2
f8e0e3
b68f8a
853324
e57557
ed7245
ec6a30
ef6c30
ee6c31
f36c32
f7682f
f16329
e6692a
f17138
c63d17
ad472f
f1c3b2
ebdcd5
e1dada
e1dfe0
dfdcdd
dddcdc
dedcdc
dedbde
dfdddf
e1dfdf
ecdedc
9f6a64
a5412a
e96841
ea622d
e96027
ef612c
ee622e
eb5d29
ed5724
e65a26
e8683e
b5341c
a73722
c47b59
b3825c
b18a67
ac8e71
a28f78
a0927f
9c9383
9a9286
999285
a7a095
807873
251b19
6f6152
c9b79a
e1cca7
ecd4b1
f3d7af
f3d7a8
f4d6aa
f0cea2
e8bf8f
e2af78
e1a265
da944f
dc913f
e6953f
ed9742
f19541
f49745
ed9540
e99642
e8973f
ea983c
eb983c
ec963c
ee973f
f49b45
e89039
e28a34
f09a3a
f5a03e
ed9638
eb973b
f5a74a
f4b151
edb253
dca84e
daad62
e3c28f
e5ceb1
dcccad
d4c29b
d2be97
dac6ae
e4ccb0
e0cdb2
d9c9ba
f1d4c3
7b5b4b
23130c
756d67
9e8d7b
94836a
b8a89b
b8a89b
b8a89b
b8a89b
b8a89b
b8a89b
b8a99b
b9a99a
bbaa9a
bbaa9a
bbaa9a
bbaa9a
bbaa9a
bbaa9a
bbaa9a
bbaa9a
bbaa9a
bbaa9a
bbaa9a
bbaa9a
bbaa9a
baa999
bbaa9a
bcaa9c
bcaa9c
bcaa9c
bcaa9c
bcaa9c
bcaa9c
bcaa9c
bcab9c
bdac9c
bdac9b
bdac9c
bcab9b
bcaa9c
bcaa9c
bcaa9c
bcaa9b
bcaa9c
bcaa9b
bcaa9b
bcaa9b
bcaa9b
bcaa9b
bcaa9c
bdab9d
bdab9d
bdab9d
bdab9d
bdab9d
bdab9d
bdab9d
bdab9d
bdab9d
bdab9d
beab9d
beab9d
beab9d
c0aa9d
bfab9d
beaca1
beaca1
beaca1
beaca1
beaca1
beaca1
beaca1
beaca1
beaca0
beaca0
beaca0
beaca0
beaca0
beaca0
beaca0
bcac9d
bcac9d
bcac9d
bbab9c
bbab9c
bbab9c
bbab9c
b9ab9b
b8ac9b
bcaf9f
b9ac9c
b8ab9b
b9ac9c
b9ac9c
b9ac9c
baaa9b
bcac9d
beae9f
bbaa9b
bbab9c
b9a99a
bbab9c
beae9f
bcac9d
bcac9d
bdad9e
bbab9c
bbab9c
baa99b
bbab9c
bdab9d
bcaa9c
bcaa9c
bcaa9c
bdab9d
bdab9d
bdab9d
bdab9d
bcac9d
bcac9d
bcac9d
bcac9d
bcac9d
bcac9d
bcac9d
bcac9e
bbab9e
bbab9e
bbab9e
bbab9e
bbab9e
bbac9f
bcac9e
bcab9a
bcab9a
bbab9b
bbab9c
b9a99b
b7aa9a
b7a99c
b8a89b
bca196
b99f94
bdaa9e
a86c68
871b0f
d6673d
ef763d
ee6b2b
f06b2b
f36a2c
f36d2c
ed6f29
ec7230
f77747
b03111
d48c71
f0e3da
ede4ed
f0e3e3
e3e8e3
e4e5ea
e5e5e6
e2e8e5
e5e8e7
e6e9e3
e4eae4
e5e7e7
e9e2df
fce2d4
bd856f
9c4125
e67851
ee753e
ef702f
f1722f
f06f2e
ef6929
ee6421
fc7431
f16d2d
e36926
f2733a
f16140
b64331
dfb3a6
ede8e4
e3e3e6
e3e4e6
e2e4e6
e1e2e4
e2e2e4
e4e1e4
e3e3e5
e1e4e3
e7e1e0
e1dfde
ece6e1
c8948f
9a2d1b
ed6b40
f27035
f26d31
f06c2f
f06c30
f06b2f
f16d31
f16d32
ed6a2d
e86528
e67341
c85a42
7e2e28
cfbcb4
e6e1df
e7dcdd
e1e0dc
e2e2dc
e4e1db
e3e1dc
e1e0e1
e4dcdf
f7dfdf
ba9189
883729
e07358
ec7247
ec6932
f06b31
ee6b33
ee672f
f0652c
ee632a
e7672a
f66e3a
c63818
ac4536
f0c3b7
eadbd2
e2dad6
e2dddb
e2dddb
e1dddc
e1dddc
dfdddd
e0ddde
e1dfe0
e7e2e4
96605c
a23e27
e26e43
e56431
eb5a2a
f05f2c
ec5f2b
ea5d29
e85d25
e65b27
ec633c
b6361e
a83e28
c97c5c
bd8661
b08565
ad8d77
a88e7d
a58e7a
a38f79
a3957e
978e7b
a29a8f
88827c
241c17
4f3b29
b18c66
c8975f
cf9957
cf934d
d4904a
d38f4a
d6924b
d18c43
d1893d
e09548
e49748
eb9f4c
eb9e4b
ee9d4b
ef9b49
ef9a47
ee9a44
ef9b45
ed9a43
e9993d
eb993e
ed963d
ee953d
ed953c
ec943b
ed973e
f09738
e99135
e6943c
e19a3e
eaad48
e7b250
e0ab59
e2b373
e1cc99
e5d4ae
e1d1b8
d4c3b0
d6c5ad
e1cfb5
e2d0b6
e3cdb3
e3cab1
e6cfb9
e5d3c2
4e4339
1f1a15
827a72
9f8f7e
8d8469
b9a79a
b9a79a
b9a79a
b9a79a
b9a79a
b9a79a
b9a79a
baa899
bbaa9a
bbaa9a
bbaa9a
bbaa9a
bbaa9a
bbaa9a
bbaa9a
bbaa9a
bbaa9a
bbaa9a
bbaa9a
bbaa9a
bbaa9a
baa999
bbaa9a
bcaa9c
bcaa9c
bcaa9c
bcaa9c
bcaa9c
bcaa9c
bcaa9c
bcaa9b
bcaa9b
bcaa9b
bcaa9b
bcaa9c
bcaa9c
bcaa9c
bcaa9c
bcab9b
bcab9b
bcab9b
bcab9b
bcab9b
bcab9b
bcab9b
bcab9c
bdab9d
bdab9d
bdab9d
bdab9d
bdab9d
bdab9d
bdab9d
bcac9d
bcac9d
bdab9d
bdab9d
beab9d
beab9d
bfaa9d
c0aa9d
bfaba0
beaca0
beaca0
beaca0
beaca0
beaca0
beaca0
beaca0
beaca0
beaca0
beaca0
beaca0
beaca0
beaca0
beaca0
bcac9d
bcac9d
bcac9d
bbab9c
bbab9c
bbab9c
bbab9c
baac9c
b9ac9c
bbae9e
b9ac9c
b8ab9b
b9ac9c
b9ac9c
b9ac9c
bbab9c
bcab9d
bdad9e
bbab9c
bbab9c
baaa9b
bcac9d
bcad9e
bcad9e
bcac9d
bcac9d
bcac9d
bcac9d
bbab9c
bcac9d
bcab9c
bbab9c
bbab9c
bbab9c
bcac9d
bcac9d
bcac9d
bcac9d
bcac9d
bcac9d
bcac9d
bcac9d
bcac9d
bbab9d
bbab9c
bcac9d
bbab9d
bbab9d
bbab9d
bbab9d
bbab9d
bbac9d
bcac9d
bcab9b
bcab99
bbab9b
bbab9b
b9aa9b
b8ab9c
b8aa9d
baa99d
b9a094
b9a097
baaa9e
a96f68
871a0f
d6653e
f0763c
ee6c2a
f16b2c
f5692c
f46d2b
ef712a
ea712f
fa794b
b53414
cd8467
f2e3dd
ebe4ed
eee3e2
e3e8e1
e4e5eb
e5e4e7
e3e8e4
e5e8e6
e6e8e4
e5eae6
e1e6e5
e8e0dc
fde1d5
c5917d
994025
e1744c
eb723a
f27432
f2732f
f0702f
f46c2f
ed6222
f9702d
ef6b2a
de6623
f1753a
f46542
ab3827
d1a498
efe8e4
e4e2e5
e4e4e6
e1e4e6
e0e3e4
e1e2e4
e4e1e4
e4e2e6
e1e4e3
e8e0e0
e2dfdb
ece8e2
ca9c95
922b19
e16137
ee6c33
f26d33
ed682e
ef6a2f
ef6a2f
ef6a2f
f06b31
ed672b
e86125
e97342
c85740
7a2a24
c9b6b1
e3deda
e6dad9
e1e0db
e1e2dd
e4e1db
e4e0dc
e3e1e1
e6dde1
f5dfde
c09993
88382b
d96d54
ed734a
ec6933
ed682f
ed6931
ed652d
f0632b
eb6027
e86729
f56b37
c33416
af493b
f1c6bb
eadbd1
e4dbd6
e2ddda
e2ddda
e2dddb
e0dddc
dfddde
e0dedf
dedfe0
dcd8da
88514e
a6412a
e06e43
df612f
e85829
ef5c2c
ee632e
ea602b
e65f26
e95e2a
ec603d
b02e18
b24b36
cb7e61
b88362
ad866b
aa8c79
a88e7f
af9480
a98e75
a69177
9f917c
a59e90
8e8880
2c241c
68513e
d9ac84
e5ab6c
df9f54
e3994b
e6954a
e99a4c
e7974a
eb9b4d
e99a4b
ee9f4e
ed9f4d
eda14e
eda14d
ec9e4b
efa04b
ee9c49
ef9c46
f19c46
f29a45
f19940
ed9a40
ea9b3f
ec9c41
f09e44
f59d44
ef8f3a
d9882b
e1993a
f0a94e
e8a84a
e6b051
daad58
ddb378
e4c29a
e3d5b4
e0d1b5
d6c6ac
d8c7af
e2d0b9
e3d1b8
e1cdb3
e2cdb4
e1cab0
e6ceb5
dac9b8
443c33
211d17
8d8378
a08e7d
98896f
b9a799
b9a799
b9a799
b9a799
b9a799
b9a799
b9a799
baa899
bbaa9a
bbaa9a
bbaa9a
bbaa9a
bbaa9a
bbaa9a
bbaa9a
bbaa9a
bbaa9a
bbaa9a
bbaa9a
bbaa9a
bbaa9a
baa999
bbaa9a
bcaa9c
bcaa9c
bcaa9c
bcaa9c
bcaa9c
bcaa9c
bcaa9c
bba99d
bba99d
bba99d
bba99c
bcaa9d
bcaa9c
bcab9b
bcab9b
bcab9b
bcab9b
bcab9b
bcab9b
bcab9b
bcab9b
bcab9b
bcab9c
bdab9d
bdab9d
bdab9d
bdab9d
bdab9d
bdab9d
bdab9d
bcac9d
bcac9d
bcac9d
bdab9d
bdab9d
beab9d
beab9d
bfab9d
beac9f
beac9f
beaca0
beac9f
beac9f
beac9f
beac9f
beaca0
beaca0
beaca0
beaca0
beaca0
beaca0
beaca0
beaca0
bcac9d
bcac9d
bcac9d
bbab9c
bbab9c
bbab9c
bbab9c
baac9c
b9ac9c
baad9d
baad9d
b9ac9c
b9ac9c
b9ac9c
b9ac9c
bbac9c
bbab9c
bdad9e
bcac9d
baaa9b
bbab9c
bdad9e
bbac9c
bcae9e
bbad9d
baac9c
baad9d
baad9d
bbad9e
baad9d
baac9c
bbab9c
bbab9c
bbab9c
bcac9d
bcac9d
bcac9d
bcac9d
bcac9d
bcac9d
bcac9d
bcac9d
bcac9d
bbab9c
bbab9c
bbab9c
bbab9c
bbab9c
bbab9c
bbab9c
bbab9c
bbac9c
bcac9d
bcab9b
bcab99
bbab9a
bbab9b
baaa9b
b9ac9c
b9ab9e
b8aa9d
b5a294
b9a298
baa99d
ab6f68
871a0f
d7663e
ef763c
ee6b2b
f16b2b
f5692c
f46d2c
ef7129
e8712f
f97c4c
b93817
bc6f55
f2e2dc
ece4ed
ede4e3
e1e9e1
e2e6eb
e5e5e7
e3e7e5
e5e8e7
e7e8e4
e7e9e6
e3e5e4
e7e0de
fbe1d9
cd9b8b
9a4228
e2754c
ee763d
f27431
f1732f
ee6e2e
f36b2d
f26a29
f26a27
f16829
e16523
ef7235
f87047
a33520
c79687
f4e8e6
e4e0e5
e5e4e6
e3e4e7
dfe3e4
e1e3e4
e3e2e4
e3e4e6
e1e5e5
e6e1e0
e1dfdb
eceae3
cda199
902b1b
d65a34
ef6e37
f0692f
ee682d
ef682e
ed662c
ef682e
ef692e
ec652b
e65d22
ec7241
c9563f
7c2a25
cab6b0
e2deda
e5d9d8
dededa
e0e2de
e3e1db
e5e0db
e3dfdf
e5dce0
f3e0e1
cca8a7
8b3e32
d1664c
ef764a
eb6830
ec662d
eb652e
ed642d
f1632b
ea5e26
e76628
f06734
be3213
b14c3d
f5c9bf
eadad1
e5dad6
e1ddda
e1ddda
e0dedb
dfdddc
deddde
dfdfdf
dfe0e0
dbd5d6
854c47
ae472f
df6b3f
e46532
ea5929
ef5c2b
ee652f
ea612b
e86026
ea602d
e95e3c
ab2b16
b34f3c
c67e62
b78568
af8a72
a38775
a78f7d
b29680
ac8e74
ab9176
a08e76
a29a89
9d998e
382f25
573f2a
d2a57c
e1a568
e6a25a
e69b4f
ef9c50
ef9d50
ee9c4f
ef9d4f
ed9b4b
ed9b4a
ed9b4a
eb9d4b
e69b47
ed9e4b
ea9c47
ed9d48
ee9c46
ef9d47
ef9e46
ea9d40
ec9c40
f19d42
ef983f
e89239
dd8b31
de8f33
e1a843
e4b349
e6b048
e9b24e
e0af57
deb977
e5cca1
e6d5bb
dfcdbc
d4c2ac
cfc0a1
dccca9
e0cfad
e0cdb0
e1ccb4
dfccb5
e1cdb3
e4ceb6
d1bdad
372a22
362c27
998c81
a08d79
988068
baa798
baa798
baa798
baa798
baa798
baa798
baa798
baa899
bbaa9a
bbaa9a
bbaa9a
bbaa9a
bbaa9a
bbaa9a
bbaa9a
bbaa9a
bbaa9a
bbaa9a
bbaa9a
bbaa9a
bbaa9a
bbaa9a
bcaa9b
bdab9d
bdaa9d
bdab9d
bcaa9c
bba99b
bba99b
bba99b
bba99e
bcaaa1
bcaaa1
bcaa9f
bba99c
bbaa9b
bcab9a
bcab9b
bcab9b
bcab9b
bcab9b
bcab9b
bcab9b
bcab9b
bcab9b
bcab9c
bdab9d
bdab9d
bdab9d
bcaa9c
bcaa9c
bcaa9c
bca99c
bbac9d
baad9d
bbac9d
bcac9d
bdac9d
bdab9d
bdab9d
bdab9d
bcaa9c
bcaa9c
bdab9d
bcaa9c
bcaa9c
bcaa9c
bcaa9c
bdab9e
beaca0
beaca0
beaca0
beaca0
beaca0
beaca0
beaca0
bcac9d
bcac9d
bbab9c
baaa9b
baaa9b
baaa9b
baaa9b
b9ab9b
b9ac9c
b9ac9c
b9ac9c
b9ac9c
b9ac9c
b9ac9c
b9ac9c
bbab9c
bbab9c
bbab9c
bbab9c
bbab9c
bbab9c
bbab9c
bbab9c
b9ac9c
b9ac9c
b8ac9c
b8ac9c
b8ac9c
b8ac9c
b8ac9c
baab9c
baab9c
baab9c
baab9c
baab9c
baab9c
baab9c
baab9c
bbab9c
bbab9c
bbab9c
bbab9c
bbab9c
bbab9c
bbab9c
bbab9c
bbab9b
bbab9b
bbab9b
bbab9b
bbab9b
bcac9c
bcac9c
bcab9a
bcab99
bbab9b
bcac9c
baaa9a
b8ab9b
b9aa9f
b6aa9c
b3a596
b6a398
bba89e
ad7069
881b0f
d7653f
ee763c
f06a2a
f26a2b
f7692d
f56c2c
eb6e27
ea7431
f77b4b
be3f1e
b16248
f2e1dd
ece3ed
eae4e2
e1ebe3
e2e7eb
e5e4e7
e2e7e5
e4e6e6
e6e7e2
e8e9e3
e6e7e4
e7e0df
fbe2dd
daaca0
9a4229
da6d44
ee773e
f37532
f2722e
ee6e2d
f0682a
f06626
f26b29
f3662a
ec6b2a
e86e30
f47446
a2371e
c58e7e
f1e1e0
e5dfe5
e6e4e7
e4e4e6
e1e5e6
e1e5e6
e4e4e6
e2e4e6
e0e4e7
e6e1e1
e2e1dc
e7e8de
dab1a8
9a382a
cf5634
f2723d
f1692f
ee672c
ee672d
ef672d
ed662c
ec652b
eb6329
ea5f25
ea6f3f
cc5640
7b2823
cab6b0
e9e2e0
e6dad8
dededa
dfe0de
e4e1db
e5dfda
e3dfde
e6dee4
eddce0
cbacad
8e453a
c96144
ea7246
ea672f
ef6730
ec652e
ee632c
f0612a
ec5e26
e46326
ec6632
bd3214
af4b3c
f5cabf
ebd7cf
e4d9d5
dfddda
e1deda
dfdedb
dededc
dededd
dedfde
e0e2e1
d3cbcc
824641
b34a31
e16c3f
e1632d
ef5e2b
ef5e2a
eb622b
e9612a
e95f27
f06432
e25535
a42413
b75645
c68469
b38268
b18b75
ab8e7a
a9907b
ac8f77
ae8f74
a68a73
a18d78
9b9580
9e9b8d
3c3427
4c341d
c7986f
e0a065
e39d55
e6984c
ec994c
ef9c4d
f09c4e
ef9c4c
ee9b4a
ef9c4a
f19e4c
ec9f4c
ea9e4a
eb9d4a
ea9c47
e99b46
eb9c45
ee9e47
e9a146
e3a644
ed9e42
eb8d36
e88731
e08830
df9d3d
e9b953
e9c054
dfb545
ddb142
ddb050
dfb86e
e5c894
e3d2ad
dfd3b6
d6c3b4
d2bfab
dccbad
e0cdac
dfcdab
e1cdaf
e2ccb4
dfceb6
ddceb4
ead6bd
b8a493
2e1e15
4f423b
a49286
9e8771
9b7f68
bca797
bca797
bca797
bca797
bca797
bca797
bca797
bba898
bbaa9a
bbaa9a
bbaa9a
bbaa9a
bbaa9a
bbaa9a
bbaa9a
bbaa9a
bbaa9a
bbaa9a
bbaa9a
bbaa9a
bbaa9a
bbaa9a
bbaa9a
bcaa9c
bcaa9c
bcaa9c
bba99b
bba99b
bba99b
bba99b
bba99f
bca9a3
bca9a3
bca9a1
bba99d
bbaa9c
bcab9b
bcab9b
bcab9b
bcab9b
bcab9b
bcab9b
bcab9b
bcab9b
bcab9b
bcab9c
bdab9d
bdab9d
bdab9d
bcaa9c
bcaa9c
bcaa9c
bbaa9b
baac9c
baad9d
baad9d
bbad9d
bbab9c
bbab9c
bcaa9c
bcaa9c
bcab9b
bcab9b
bdac9c
bcab9b
bcab9b
bcab9b
bcab9b
bdab9d
beaca0
beaca0
beaca0
beaca0
beaca0
beaca0
beaca0
bcac9d
bcac9d
bbab9c
bbaa9b
baaa9b
baaa9b
baaa9b
b9ab9b
b9ac9c
b9ac9c
b9ac9c
b9ac9c
b9ac9c
b9ac9c
b9ac9c
bbab9c
bbab9c
bbab9c
bbab9c
bbab9c
bbab9c
bbab9c
baab9c
b8ac9c
b8ac9c
b8ac9c
b8ac9c
b8ac9c
b8ac9c
b8ac9c
b8ac9c
b9ac9c
b9ac9c
b9ac9c
b9ac9c
b9ac9c
b9ac9c
b9ac9c
bbab9c
bbab9c
bbab9c
bbab9c
bbab9c
bbab9c
bbab9c
bbab9b
bbac9a
bbac9a
bbac9a
bbac9a
bbac9a
bcad9b
bdad9c
bcab9a
bcab99
bbab9b
bcac9c
baaa9a
b8ab9b
b9aa9e
b6ac9c
b0a796
b4a498
b9a99d
ae7069
891a0f
d6663f
ee763c
ef6a29
f36a2b
f7682d
f56c2d
ed7129
e6712e
f67b4a
bd3f1e
ab5940
f1dfdb
eae2eb
e9e4e1
dfece2
e1e8ec
e5e4e7
e2e7e7
e4e6e9
e7e7e2
e9e9e2
e9eae6
e9e1e0
f7dfdc
e6bab1
984229
cd6036
f17940
f0712f
f3732f
ef6f2e
f2692c
ef6728
f06a28
f46428
ec6727
eb7332
f17948
a13b1d
bf8372
f1dddc
e5dfe4
e6e2e5
e3e3e5
e0e4e6
e0e4e5
e1e3e6
e0e4e6
dfe4e8
e6e1e1
e2e2dc
e5e8db
e6c0b6
a7483b
c54f31
f0723f
f36a30
ef672d
ef672d
ef672e
ef662d
ec642a
ed632a
ec5d23
eb6e3f
d05845
7c2824
c4aea9
e9e3e1
e3d8d7
dddedb
dcdfdf
e3e0d9
e5ded7
e3dfdc
e5dde2
ecdce4
cab0b3
813c30
c66043
eb7549
ea662f
eb642d
ea622c
ef632c
f2612a
ee5d26
e66326
ec6632
ba3313
ad4c3b
f3c9bf
ecd6cf
e4d8d5
deddda
e0dfda
dfdedb
dededc
dddfde
dee0df
dfe1e1
d2c8c9
81423d
b84d35
e16b3c
e0622c
ed5c28
ee5f29
e76027
e55e26
e75e26
ee602e
e05131
a72516
bb5b4a
c08269
b58568
b68c73
ac8d77
aa907b
ad9076
af9177
a88c7b
a49081
9d9981
a1a08e
453d2f
3d230d
be8d64
e5a268
e59c56
ea9d50
ee9d4e
ed9c4d
f09f4e
ed9c4b
ed9c4b
ee9c4b
ee9e4b
eea04e
efa14f
eea04d
eea24c
eb9f49
eea24a
eb9f47
e4973e
e39539
d98b2f
d78c2f
e49e3f
edaf4d
ebb752
e9bb55
e9b855
daab47
d5a94a
dfb96e
ebc89c
eacfb2
e2ceb2
d5c4a4
d3c2a9
dbc8af
e0cdb3
e1cdb2
e0ccb1
e2ccb2
e4ccb3
deceb4
d8ccb1
edd9c0
a99383
231007
6e5e57
a99586
9b806a
9b8168
bba798
bba798
bba798
bba798
bba798
bba798
bba798
bba898
bbaa9a
bbaa9a
bbaa9a
bbaa9a
bbaa9a
bbaa9a
bbaa9a
bbaa9a
bbaa9a
bbaa9a
bbaa9a
bbaa9a
bbaa9a
bbaa9a
bbaa9a
bba99b
bba99b
bba99b
bba99b
bba99b
bba99b
bba99b
bba99e
bca9a2
bca9a1
bcaa9f
bba99d
bba99d
bcaa9c
bcaa9b
bcab9b
bcab9b
bcab9b
bcab9b
bcab9b
bcab9b
bcab9a
bcab9c
bdab9d
bdab9d
bdab9d
bcab9c
bcaa9c
bcaa9c
bcaa9c
baac9d
baac9e
bbac9f
bbaca0
bcac9f
bcac9f
bcaba0
bdab9f
bdac9c
bcac9b
bdac9c
bdac9c
bdac9c
bdac9c
bdac9c
bdac9e
beaca0
bdab9f
bdab9f
bdab9f
bdab9f
bdab9f
bdab9f
bbac9d
bbac9d
bbab9c
baab9c
baab9c
baab9c
baab9c
b9ac9c
b9ac9c
b9ac9c
b9ac9c
b9ac9c
b9ac9c
b9ac9c
b9ac9c
bbab9c
bbab9c
bbab9c
bbab9c
bbab9c
bbab9c
bbab9c
baab9c
b8ac9c
b8ac9c
b8ac9c
b8ac9c
b8ac9c
b9ac9c
b8ac9c
b9ac9c
b9ac9c
b9ac9c
b9ac9c
b9ac9c
b9ac9c
b9ac9c
b9ac9c
bbab9c
bbab9c
bbab9c
bbab9d
bbab9c
bbab9c
bbab9c
bbab9b
bbac99
bbac99
baab98
baab98
baab98
bbac98
bbac99
bcab99
bcab99
bbab9b
bbac9b
b9ab9b
b8ab9b
b8aa9e
b7aa9b
b0a797
b2a59b
bba69d
ae6f6b
861b10
d76440
ec773e
ed6b2c
f4692b
f7682c
f56b29
ef7228
e76f2c
f87a4a
c34225
ab5341
f2ded6
eae0e6
ebe1e5
e2e9e3
e4e7e7
e3e5e4
e1e7e7
e4e6e7
e6e6e1
e7e7e1
e5e7e4
e6e0e0
f4e0db
e4bdb3
974229
ce5c34
f1773f
f17231
f77331
f16f30
ef6c2d
ee6829
f06a2c
f5652b
ed662a
e66c2d
f57c49
aa4626
b57d67
efdbd4
e6dee0
e5e2e5
e2e3e7
e1e2e7
e2e2e4
e0e3e3
dfe3e3
dfe3e6
e1e2e1
dfe3dd
e6e5dd
eac5bf
a54f41
bb482c
ee6f3e
f26a2e
f0672d
ef672c
ef672c
ef672c
f1692e
ee662b
e75e21
eb6839
d45d47
812823
c5a7a3
f0e4e3
e0d9d6
deddd9
dddfdc
e3ddd9
e4ddd9
e3dedd
e4dee0
eedee4
d1b6bb
833c31
be5639
eb7246
ea632d
ed642c
ea5f2a
ef632d
f2612c
ef5d24
e66327
ec6634
ba3215
ae4c3c
f6cabf
ebd7ce
e4d9d5
dedddb
dfdedc
dededc
dededd
dddfde
dddfde
dfe0e0
cabcbc
763b34
ba5338
e06638
e4622e
e85c28
ed5d29
e85d26
e65e25
e55e25
ed6230
dd4f30
a62517
be5e50
be836a
b6886b
b2896f
af8d74
ad8f76
ae8f75
ae8f77
ab8f7f
a59283
96947f
a6a696
585044
371b0a
b98663
e6a36b
eaa158
f0a254
f2a252
f0a14e
efa04e
f2a351
f2a350
f1a24d
f1a34d
f09f49
f19d48
ee9a45
ec9844
ea9843
e2933c
d68b32
d48a2d
dd9434
e5a547
e5b04f
e3b64f
e1ba4e
e2ba53
e2b558
d6ad58
d5af60
e0be7b
e7ca9d
eccfba
e5ccbe
d5bfa9
dac5a7
decdb0
e1cdb2
dfccb3
dfccb4
e0ccb4
e1ccb2
e3cdb2
ddceb2
d9ceb2
ead7bf
a48f7e
241005
806f63
a69382
9b836c
9b8169
b9a898
b9a898
b9a898
b9a898
b9a898
b9a898
b9a898
b9a898
baa999
baa999
baa999
baa999
baa999
baa999
baa999
bbaa9a
bbaa9a
bbaa9a
bbaa9a
bbaa9a
bbaa9a
bbaa9a
bbaa9a
bbaa9a
bbaa9a
bbaa9a
bbaa9a
bbaa9a
bbaa9a
bbaa9a
bba99c
bba99d
bba99d
bba99d
bcaa9e
bcaa9e
bcaa9e
bcaa9d
bcaa9d
bcaa9c
bdab9d
bdab9c
bcab9b
bcab9b
bcab99
bcab9a
bcab9b
bcab9b
bcab9b
bcab9b
bcab9b
bdab9c
bdac9c
bcac9e
bcaba0
bdaca0
bdaca1
beada2
beada2
beada2
beada1
bead9e
bead9e
bead9e
bead9e
bead9e
bead9e
bead9e
bdac9d
bdab9d
bdab9d
bdab9d
bdab9d
bcab9f
bcaa9e
bbab9e
b9ac9c
b9ac9c
b9ac9c
b9ac9c
baac9c
b9ac9c
b9ac9c
b9ac9c
b9ac9c
b9ac9c
b9ac9c
b9ac9c
b9ac9c
b9ac9c
b9ac9c
b9ac9c
b9ac9c
b9ac9c
b9ac9c
b9ac9c
b9ac9c
b9ac9c
b9ac9c
b9ac9c
b9ac9c
b9ac9c
b9ac9c
b9ac9c
b9ac9c
b9ac9c
b9ac9c
b9ac9c
b9ac9c
b9ac9c
b9ac9c
b9ac9c
b9ac9c
b9ac9c
b9ac9c
b9ac9c
b9ac9c
b9ab9e
b9ab9e
b9ab9e
b9ab9e
b9ab9b
baaa99
baab98
baab98
baab98
baab97
baab96
baab96
bbac98
bbac99
bbab9b
b9ac9b
b8ab9b
b7ab9b
b7ab9d
b7a99c
b1a598
b0a59c
bea39f
ab6e6a
811c10
d76240
ec7940
eb6b2e
f3672d
f7692c
f46c25
f07225
e96f29
f97a48
cc472c
ae5148
f3ddd1
ebdfde
eedde6
e6e3e2
e7e3df
e3e6df
dee7e3
e3e5e4
e5e4e0
e4e4e1
e2e5e5
e2e0df
f0e0d7
d9b7a8
913e24
d25833
f1763f
f07533
fa7033
ef7030
e96f2e
ee692b
ef6b33
f46631
ea662d
ea6f30
f67947
b54e29
ab775c
ecd8ce
e7dfdd
e2e3e3
e0e3e8
e3e0e8
e4e0e6
e1e3e1
dfe4e1
dfe3e4
dee4e2
dde3de
e7e1df
f2cecd
ac6052
ba4c31
f2703f
f26a2b
ef692a
ec6628
f06a2b
ef692c
f16a2d
e66124
e15f1f
ec6434
d55e44
84251f
c19894
f0dddc
dcdbd8
e2ddda
dfe0da
e2dedb
e2ddde
e2dfe0
e3dfde
ebdcdd
dec0c4
884035
b84e30
e86d42
eb622e
f0632d
eb5f2a
ef632e
f1612a
ee5f22
e66028
ee6539
ba2f16
ae4b3b
f8ccbc
ecd7cc
e3d9d6
ddddde
dedede
dedede
dedddd
dddddd
dddddc
dfdedf
cbbabd
723e34
bc5a3e
e16337
e8622f
e65e2a
e95b26
ed5a26
ea5d24
e46023
ed6735
da4e31
a62518
c16052
bf856c
b3896e
b18a70
b08c6f
af8d70
ae8f73
ad917a
a88c78
a79280
959180
a5a497
5d544a
35190b
a77355
e8a46c
e59d4c
db8931
e08731
e0882f
e0882f
df872e
de862c
e18a2f
e08a2f
d4852a
d3852b
d6842c
d8852e
d7862f
d48c32
df9e41
eab34e
e8bc54
eaba59
e7b554
e5b64b
e1ba4b
d7b753
cbb05e
cdb97b
ddca9b
e6d2ad
e8d4bc
e4cebd
d7c3af
d5c3a8
dfcfae
dfcfb2
dfceb2
dfceb2
dfcdb2
decdb1
decdb1
dfcdb1
deceb2
dacbb1
ebdbc6
867566
2b170b
927e71
a5927f
9c8770
a18871
b9a898
b9a898
b9a898
b9a898
b9a898
b9a898
b9a898
b9a898
baa999
baa999
baa999
baa999
baa999
baa999
baa999
bbaa9a
bbaa9a
bbaa9a
bbaa9a
bbaa9a
bbaa9a
bbaa9a
bbaa9a
bbaa9a
bbaa9a
bbaa9a
bbaa9a
bbaa9a
bbaa9a
bbaa9a
bba99c
bba99d
bba99d
bba99d
bcaa9e
bcaa9e
bcaa9d
bcaa9e
bcaa9e
bcaa9e
bdab9e
bdab9d
bdab9d
bdac9c
bdac9c
bcab9b
bcab9b
bcab9b
bcab9b
bcab9b
bcab9b
bdab9c
bdac9c
bcac9e
bcac9f
bdad9f
bdada0
bdada0
bdad9f
bdad9f
bdac9f
beac9f
beac9e
beac9e
beac9e
beac9e
beac9e
beac9e
bdac9e
bdab9f
bdab9f
bdab9f
bdab9d
bdab9e
bcaa9d
bcaa9d
baab9c
baab9c
baab9c
baab9c
bbab9c
baab9c
baab9c
baab9c
b9ac9c
b9ac9c
b9ac9c
b9ac9c
b9ac9c
b9ac9c
b9ac9c
b9ac9c
b9ac9c
b9ac9c
b9ac9c
b9ac9c
b9ac9c
b9ac9c
b9ac9c
b9ac9c
b9ac9c
b9ac9c
b9ac9c
b9ac9c
b9ac9c
b9ac9c
b9ac9c
b9ac9c
b9ac9c
b9ac9c
b9ac9c
b9ac9c
b9ac9c
b9ac9c
b9ab9e
b9ac9c
b9ac9c
b9ac9c
b9ac9c
b9ac9c
b9ac9c
b9ab9a
baab98
baab98
baab98
bbab9a
bcac9b
bcac9a
bcac9a
bbac99
bbac99
bbab9b
b9ac9b
b8ab9b
b7ab9b
b7ab9d
b8aa9c
b4a497
afa499
c0a6a0
ab6c68
811b0f
d9623f
ed773f
eb6b2d
f3682d
f7682d
f46c28
ef7026
e56b27
fb7d4b
cc482c
ab483e
f2d8ca
e9dddc
ebdbe3
e3e1e2
e5e3de
e4e5e0
dfe7e3
e2e3e3
e4e4df
e3e3e0
e2e5e5
e0dfdc
f1e1d8
d9b8a8
944229
d15836
f17841
ed7331
f86e30
ec6f2f
e8702e
f0682b
ee6a30
f3662f
ec682c
e76b2b
f57943
c05431
ad7358
ebd5ca
e7dfdd
e1e2e2
dfe2e7
e2e0e7
e3dfe5
e1e2e1
dde4e0
dee4e4
dfe3e2
dfe1df
e4e0dd
f4d8d4
ae6a5d
b04329
f27243
ee6b2d
ef692d
ed662b
ef692c
ef692c
ee692c
e86525
df5c1b
eb6233
de674b
87271f
af867f
efdbda
dfdcd9
e3deda
dee1db
e2dfdd
e3dedf
e1e0e1
e2dfdf
e9dadc
e2c4c9
954f45
b24b2f
ea7248
e7602b
ec602a
f0642f
ed612b
f05f27
ef5f23
e8622a
f0663b
b72d13
ae4c3a
f8ccbb
ecd6cc
e3d8d6
ddddde
dedede
dedede
dedddd
dddddd
dddddd
dfdedf
ccbbbe
743f36
bf5e41
e46539
e6602f
e45c28
e95b26
ee5b27
e95c24
e56026
ea6638
d1482e
a8291c
c76759
be8267
b58b6e
b18a6e
b08b6f
af8d6f
ac8d70
ad9179
a98d78
a48c7a
9b9283
ada599
6e6257
341608
a06d4c
e6a468
e49c48
e29739
e6963d
e5953b
e4933b
e3923b
e3933b
e2913b
e4963f
e1a347
e3a748
e9aa4c
efb051
efb552
ebb753
e6b953
e5b954
e5b452
e6b44f
e1b349
dcb145
d6b04c
d4b563
dcc286
e4ccb0
e5cebe
e4cdbb
dec9b4
dac5ae
d9c4ac
ddcbb1
ddccaf
dfceb2
dfceb2
dfceb2
decdb1
decdb1
decdb1
decdb1
ddceb0
dcccb1
eeddc8
725f51
352215
9f8a7d
a5907c
947f67
a28a70
b9a898
b9a898
b9a898
b9a898
b9a898
b9a898
b9a898
b9a898
baa999
baa999
baa999
baa999
baa999
baa999
baa999
bbaa9a
bbaa9a
bbaa9a
bbaa9a
bbaa9a
bbaa9a
bbaa9a
bbaa9a
bbaa9a
bbaa9a
bbaa9a
bbaa9a
bbaa9a
bbaa9a
bbaa9a
baa99b
baa89c
baa89c
baa89c
bba99d
bba99d
bba99d
bba99d
bcaaa0
bcaa9f
bcaa9e
bcaa9e
bdab9e
bdab9d
bdac9d
bcac9b
bcab9b
bcab9b
bcab9b
bcab9b
bcab9b
bcab9b
bcab9b
bbab9d
bbab9e
bcac9e
bcac9e
bbab9e
bcac9e
bbab9e
bcab9e
beaba0
beaca0
bfada0
beaca0
beaca0
beaca0
beaca0
bdaba0
bca9a1
bdab9f
bdab9f
bdab9d
bdab9c
bcaa9c
bcaa9c
bcac9d
bcac9d
bcac9d
bcac9d
bcac9d
bcac9d
bcac9d
baac9c
b9ac9c
b9ac9c
b9ac9c
b9ac9c
b9ac9c
b9ac9c
b9ac9c
b9ac9c
b9ac9c
b9ac9c
b9ac9c
b9ac9c
b9ac9c
b9ac9c
b9ac9c
b9ac9c
b9ac9c
b9ac9c
b9ac9c
b9ac9c
b9ac9c
b9ac9c
b9ac9c
b9ac9c
b9ac9c
b9ac9c
b9ac9c
b9ac9c
b9ac9c
b9ac9c
b9ab9e
b9ab9d
baad9d
baad9d
b9ac9b
b9ac9b
b9ac9b
b9ab99
baab98
baab98
bbab9a
bbaa9b
bbab9c
bbab9c
bbab9c
bbac99
bbac9a
bbab9b
b9ac9b
b7ab9b
b7aa9b
b6aa9c
b7a89a
b6a395
b0a297
c1a89f
ab6d68
852012
d9603c
ef753e
ee6c2c
f1662a
f6672d
f46b2b
ed6f28
e56b2a
fa7c4a
d34d2f
ad4439
f2d1c1
e9dedb
e9dbe1
e1e1e0
e4e2de
e4e4e0
dfe5e2
e1e3e3
e4e4df
e4e4e0
e2e5e6
e2e1df
f3e3da
dab7a9
93432c
d25b3b
ef7642
ed7332
f66e30
ec6f2f
e76e2d
ed6728
ee692c
f4662c
ec6b2a
e86d2b
f57640
c65432
a9684b
e6ccc1
e6dedc
e0e2e1
dee1e6
e1dee5
e1dde3
e0e0e0
dde3df
dbe4e2
e0e2e0
e3dfdf
e5dfdf
f5e1dd
b07769
a63c24
ee7043
ed6e33
ea682e
ec652c
ef672c
f0692d
ef6a2c
e86726
e05d1e
ec6232
e86f52
933225
a67b72
ecd7d6
e1dcd9
e5dfdd
e0e2dc
e2e0dd
e2dfdf
e1e0e1
e2e0e0
e7d9db
e7cace
9a564e
ad492f
ea724a
e6602d
ec622b
f0652f
f0642e
f05f27
f06025
e76027
f1663b
b72c13
ad4b3a
f7cbba
edd6cc
e3d8d6
dddddd
dedede
dddddd
dddddd
dcdcdc
dcdcdc
e0dfe0
c7b8ba
754137
bd5b3d
e5663b
e8612f
e55d29
ea5c27
ee5b27
e95b25
e6612a
eb693c
ca442c
a2241b
c8685a
c08467
b68b6c
b58d71
af8a6a
ad8a6c
b08f72
b19479
a98b76
a88d7b
a28f7f
b3a396
806f61
35150a
9c6a4c
e5a76d
e5a752
f6c061
f1c263
efbe60
edbc5f
edbc5f
ecbb5e
ebbb5f
ecbc5f
efbc58
f1bc56
ecb84f
eab74d
eabb4f
e5bb4f
dfb94f
e0b851
e5b650
dbae43
d7af43
ddb757
ddbc71
e4c498
e9cdb4
e4cab8
e2ccb6
ddc8ad
d7c3a5
dbc8a8
dfcbb0
dfcdb5
dfcdb6
dfceb3
dfceb2
dfceb2
dfceb2
ddccb0
decdb1
deccb0
ddccae
e1d0b3
e2d1b9
594637
341f12
9b8575
a7917b
9a846c
a2896f
b9a898
b9a898
b9a898
b9a898
b9a898
b9a898
b9a898
b9a898
baa999
baa999
baa999
baa999
baa999
baa999
baa999
bbaa9a
bbaa9a
bbaa9a
bbaa9a
bbaa9a
bbaa9a
bbaa9a
bbaa9a
bbaa9a
bbaa9a
bbaa9a
bbaa9a
bbaa9a
bbaa9a
bbaa9a
baa99b
baa89c
baa89c
baa89c
bba99d
bba99d
bba99c
bba99c
bca9a1
bcaaa0
bcaaa0
bcaa9e
bdab9e
bdab9d
bdab9c
bcaa9b
bcab9b
bcab9b
bcab9b
bcab9b
bcab9b
bcab9b
bcab9b
bbab9c
bbab9c
bbab9c
bbab9c
bbab9c
bbab9c
bbab9c
bcab9c
bdab9f
bdac9f
beaca0
beaca0
beaca0
beaca0
beaca0
bdaaa1
bca9a2
bcaaa1
bdab9f
beac9e
bcab9a
bcab9a
bcab9a
bdac9d
bdac9d
bdac9d
bdac9d
bdac9d
bdac9d
bdac9d
bbac9c
b9ac9c
b9ac9c
b9ac9c
b9ac9c
b9ac9c
b9ac9c
b9ac9c
b9ac9c
b9ac9c
b9ac9c
b9ac9c
b9ac9c
b9ac9c
b9ac9c
b9ac9c
b9ac9c
b9ac9c
b9ac9c
b9ac9c
b9ac9c
b9ac9c
b9ac9c
b9ac9c
b9ac9c
b9ac9c
b9ac9c
b9ac9c
b9ac9c
b9ac9c
b9ac9c
b9ab9e
b9ab9e
baad9e
baad9c
b9ac9a
b9ad97
b9ad98
b9ac96
baab96
bbac98
bbac9a
baaa9b
baaa9c
baa99e
baa99f
bbab9b
bbac99
bbab9b
b9ac9b
b7aa9a
b8ac9c
b6ab9d
b7a799
b8a295
b3a397
c4aba1
aa6f68
852214
d85f3a
ed723a
ee6b2b
f06629
f5662f
f46a2d
ed6f2c
e66b2c
f97a48
d65131
ab3e2f
eec9b8
ede1db
ebdee2
e1e3e0
e3e2de
e4e3e0
dee4e3
e0e2e2
e3e3de
e4e4e0
e1e3e4
e0dfdd
f4e3da
dab7a9
92422f
d35e40
f07847
ed7536
f66e31
eb6f2f
e6702d
ed6a29
ee692a
f3672a
eb6c28
e86d28
f8753d
ca532e
a75d40
e2c4b9
e5dedc
dee0df
dee0e5
e0dde5
e0dce2
dfdede
dae3dc
d8e4e0
e1e0de
e7dddf
e4e0e0
efe5e0
af7d6e
a13b25
eb6f44
ea7035
e8682f
ed652e
f1662e
f1692e
ef6a2a
e66624
e15d1f
ef6233
e76d4e
953425
a1776b
edd7d3
e1dbda
e4dddc
dee1da
e0e0dc
e1e0df
e0e0e0
e2e2e1
eadedf
e4c9cc
8d4b44
ae4e35
e46f49
e4602f
ec622d
ee652f
f2652f
f05e27
f05f23
e66027
f1673b
b72c14
ad4b3a
f7cab9
edd6cc
e3d8d6
dddddd
dedede
dddddd
dcdcdc
dcdbdb
dbdbdb
dedfdf
c3b3b5
764238
bd5b3d
e26539
e6612d
e55c28
eb5d28
ef5b28
ea5b26
e15d28
ea6b41
c3412b
a1251f
c8685a
c58969
b58969
b48a6c
b18a69
ac8867
b39173
b29378
a88a73
ac8d79
a88a77
b9a193
8b776c
35170d
93694e
e2b17b
dcad60
deb353
deb44a
e2b74e
e4ba4f
e5bb4f
e4bb4e
e4ba4c
e5bb4d
ecb853
ecb754
e7b54e
e5b64e
e2b750
e0b657
deb65c
deb661
dab25d
d5b155
dfbd66
e4c481
e6c79e
e7c9b4
e4caba
d8c3a7
d8c4a2
ddc7a7
dcc9a8
decbab
e0ccb0
dfcdb5
decdb4
dfceb2
dfceb2
dfceb2
dfceb2
ddccb0
dfceb2
decdb1
d9c9a9
e5d4b5
d3c1a8
4a3422
462f21
a08978
a48e78
a18a71
a2886f
b9a898
b9a898
b9a898
b9a898
b9a898
b9a898
b9a898
b9a898
baa999
baa999
baa999
baa999
baa999
baa999
baa999
bbaa9a
bbaa9a
bbaa9a
bbaa9a
bbaa9a
bbaa9a
bbaa9a
bbaa9a
bbaa9a
bbaa9a
bbaa9a
bbaa9a
bbaa9a
bbaa9a
bbaa9a
baa99b
baa89d
baa89c
baa89c
bba99d
bba99d
bba99d
bba99d
bca9a2
bcaaa2
bcaaa0
bcaa9f
bcaa9e
bcaa9e
bcaa9d
bcaa9c
bcab9b
bcab9a
bcab9b
bcab9b
bcab9b
bcab9b
bcab9b
bbab9b
bbab9b
bbab9b
bbab9b
bbab9b
bbab9b
bbab9b
bcab9d
bcaa9f
bdaba0
bdaba1
beaca1
beaca2
beaca2
beaca2
bdaba1
bca9a1
bdaaa1
bdab9e
beac9d
bcab9b
bcab9a
bcab99
bdab9d
bdab9d
bdab9d
bdab9d
bdab9d
bdab9d
bdab9d
bcab9c
b9ac9c
b9ac9c
b9ac9c
b9ac9c
b9ac9c
b9ac9c
b9ac9c
b9ac9c
b9ac9c
b9ac9c
b9ac9c
b9ac9c
b9ac9c
b9ac9c
b9ac9c
b9ac9c
b9ac9c
b9ac9c
b9ac9c
b9ac9c
b9ac9c
b9ac9c
b9ac9c
b9ac9c
b9ac9c
b9ac9c
b9ac9c
b9ac9c
b9ac9c
b9ac9c
b9ab9e
b9ac9d
baad9d
baad9b
b9ac99
b9ad97
b9ad96
b9ac96
baab96
bbac98
bbac9a
baaa9b
baa99d
baa99f
baa9a0
baab9a
bbac99
bbab9b
b9ac9b
b8ab9a
bbae9e
b9ac9f
b9a79a
baa496
b5a698
c7afa4
ac7268
7e1c0f
d85e38
ec6e35
ea6726
f0662a
f46431
f56a30
eb6c2a
e56a2d
f87a48
da5333
a33424
e9c0ae
eee0d9
e9dee0
e1e3e0
e3e2de
e6e3e0
e0e3e2
e0e1e1
e3e2de
e2e2df
e2e4e5
dfdddb
f5e5dd
d3b2a4
813221
d15b42
f27a4b
ef7638
f67033
eb7130
e8712e
f06b2a
f06b2a
f26729
eb6a25
e56a24
f7753d
ce532f
a55338
e1c0b7
e6dedc
dbdedc
dcdfe4
e0dde5
e0dce1
dddddc
d8e0db
d8e4e1
e2e0df
e8dde1
e3dee0
efe9e3
b38979
993621
e56a42
e76e35
e96931
ee662f
f2662f
f1682d
f06b2d
e66524
e25c1f
ec6230
e66b49
932f1d
a07568
efdad5
e1d8d9
e2dbdc
dbdfd9
dedfdb
e1e0df
dfe1e1
e0e0df
eae0e0
dcc4c7
81403a
b1523c
e16e48
e76331
ec632d
ed642e
f2652f
ef5e25
ef5d22
e86229
f2683c
b72c13
ae4b3b
f7cbbb
ecd6cc
e3d8d6
dddddd
dedede
dddddd
dbdbdb
dbdbdb
dadada
dedede
bdadad
6e392e
ca674a
e4663a
e7612e
e75f2b
ea5c27
f5622f
eb5b27
df5c28
e86a43
c64632
9f261e
c46656
c68a69
b58867
b38767
b18867
ae8968
af8d6f
af8f74
aa8c75
ad8c78
ad8773
b79a8c
917c70
31170f
95725a
e0bc8b
e1c37d
e3c06f
e1b766
deb661
d9b15a
dab257
d9b254
d8b151
d7b050
dcac58
d9ab57
daae58
d6af57
d2ad5d
d5af69
ddb778
deb985
e2c08f
e0c187
e1c48d
ddc29a
dabfa6
d9c0a6
d9c3a2
d9c5a7
dec7b0
e1cab6
e0ccb7
dfcbb5
e0ccb2
decdad
ddcdac
dfceb3
dfceb3
dfceb2
decdb1
ddcdb0
e0cfb4
deccb1
dacaaa
e6d4b6
bea993
311d0b
695344
a8917e
a38a73
a1896f
a48971
bba69a
bba69a
bca69a
bba79a
bba79a
bca69b
bca69a
bba799
b9a898
b9a898
b9a898
b9a898
b9a898
b9a898
b9a898
baa999
bbaa9a
bbaa9a
bbaa9a
bbaa9a
bbaa9a
bbaa9a
bbaa9a
bbaa9a
bcab9a
bcab9b
bcab9b
bcab9c
bcaa9c
bcaa9d
bbaa9b
bba99a
bba99a
bba99a
bba99a
bba99a
bba99a
bba99a
bba99e
bba9a0
bba99f
bba99f
bcaa9f
bcaa9f
bcaa9f
bcaa9d
bcaa9c
bcaa9c
bcaa9c
bcaa9c
bcaa9c
bcaa9c
bcaa9c
bcab9b
bcab9a
bcab9b
bcaa9c
bcaa9c
bcaa9c
bcaa9d
baa99d
bba99e
bba99f
bcaaa0
bcaaa0
bdaba1
beaca1
beaca1
bdaca0
bdad9f
bdad9f
bdad9e
beac9e
bdac9e
bdac9d
bdac9d
bdab9d
bdab9d
bdab9d
bdab9d
bdab9d
bdab9d
bdab9d
bcab9d
bcac9d
bcac9d
bcac9d
bcac9d
bcac9d
bcac9d
bcac9d
bbac9c
b9ac9c
b9ac9c
b9ac9c
b9ac9c
b9ac9c
b9ac9c
b9ac9c
b9ac9c
b9ac9c
b9ac9c
b9ac9c
b9ac9c
b9ac9c
b9ac9c
b9ac9c
b9ac9c
b9ac9c
b9ac9c
b9ac9c
b9ac9c
b9ac9c
b9ac9c
b9ab9d
b9ac9c
b9ac9c
b9ac9c
b9ac9c
baad9c
baad9d
baac9b
bbab9a
bbab9b
bbab9b
bbab9b
bbab9c
bbab9c
bbab9c
bbac9a
bbac99
bbab9b
baab9b
baaa9b
bcad9d
bbac9d
bba89b
bca79c
b6a99e
c8b2a8
ab756b
7c1c0d
d45933
ef6f36
eb6526
f0682c
f46731
f2692f
ee6b29
e96a2c
f77945
db5d38
9d3621
ebb2a3
f3ddd7
e7dede
e4e0dd
e5e1dd
e3e3df
e3e2e4
e4e0e3
e3e1e0
e2e2e1
e1e3e4
e2dddd
f6ebe1
c0ab98
702816
c8533c
f37648
f17334
f66e31
e9702d
e8712c
f1692a
f16c2b
f1672a
f06728
ea6827
f2793f
d85432
ab4e34
e0bdb1
ecdddb
dfdfdb
dae1df
dcdee0
dedddf
dedede
dddfdc
dee2de
dee2de
e4dfe0
e8dee3
f0e6e4
b69183
9d3726
e15e3e
e86d37
ea6b30
ec6629
f1682d
ef662f
f16a2e
e86322
e45b1d
e1662a
e86c44
9d2c1c
a6716a
eddcda
e4d8da
e2dbda
dddfd9
e0dedc
e2dee1
dedfe1
dddddf
e8dde0
ddc4c9
84453d
af523b
db6943
e5632f
ed652e
ec632d
f2652b
ef5e23
ec5d22
e66328
f4693b
bb2d16
ae483c
f5c8bc
ecd7ce
e2d8d4
dcdddd
dcdcdc
dcdcdc
dbdbdb
dadada
d9d9d9
dedede
aaa29e
6c3427
d66e50
e26738
e46029
ee5d2a
f0602b
eb5e28
ed622c
e05b2a
ed6c4a
c4442e
9d2a1a
c26a54
c68969
b88866
b08261
b58867
af8667
b18c70
b28e76
ac8c76
ad8a77
a98371
b79d8e
89786a
2a1106
9c7a64
e8c69a
dfc988
ddc686
e3c48d
e4c68d
e2c289
dfbd84
e1bc82
e4bc82
eac289
e6c18d
e6c38f
e7c593
e7c796
e7c89b
e2c39b
e1c09c
dcbd9d
debfa1
dec0a1
dfc3a3
e0c5a9
e0c7ae
e2c9af
e3ccb0
e4cdb3
e4ccb5
e4ccb6
e2cdb6
e2ccb4
e1cdb2
e1ceaf
e0cdaf
dfccb4
dfceb4
e0cfb5
dfceb4
ddcdb0
dfceb2
deceb1
dcc7ac
f0d9c8
928478
1a0c03
7d6b5e
ab947f
9f856b
9f876c
a3886f
bba79a
bba79a
bba79a
bba79a
bba79a
bba79a
bba799
baa798
b9a898
b9a898
b9a898
b9a898
b9a898
b9a898
b9a898
baa999
bbaa9a
bbaa9a
bbaa9a
bbaa9a
bbaa9a
bbaa9a
bbaa9a
bcab9a
bcab9b
bcab9b
bcaa9c
bcaa9c
bcaa9d
bcaa9e
bbaa9b
bbaa99
bbaa99
bbaa99
bbaa99
bbaa99
bbaa99
bbaa99
bba99c
bba99d
bba99d
bba99d
bcaa9e
bcaa9e
bcaa9e
bcaa9d
bcaa9c
bcaa9c
bcaa9c
bcaa9c
bcaa9c
bdab9c
bdab9d
bcab9b
bcab9a
bcab9b
bcab9b
bcaa9c
bcaa9d
bcaa9d
bba99d
bba99d
bba99d
bcaa9e
bcaa9e
bdab9e
beaca0
beaca0
bdac9f
bdad9d
bdad9e
bdad9e
bdad9e
bdad9e
bdad9e
bdad9e
bcac9d
bcac9d
bcac9d
bcac9d
bcac9d
bcac9d
bcac9d
bcac9d
bcac9d
bcac9d
bcac9d
bcac9d
bcac9d
bcac9d
bcac9d
b9ac9c
b9ac9c
b9ac9c
b9ac9c
b9ac9c
b9ac9c
b9ac9c
b9ac9c
b9ac9c
b9ac9c
b9ac9c
b9ac9c
b9ac9c
b9ac9c
b9ac9c
b9ac9c
b9ac9c
b9ac9c
b9ac9c
b9ac9c
b9ac9c
b9ac9c
b9ac9c
b9ac9c
b9ac9c
b9ac9c
b9ac9c
baad9d
baad9d
b9ad9d
baab9c
bbab9b
bbab9b
bbab9b
bbab9b
bbab9b
bbab9b
bbab9b
bbac99
bbab9a
bbab9b
bbab9b
baaa9b
bcac9d
bbac9d
bca99d
bda89d
b7aaa0
c7b2a9
a8736b
791c0c
d25932
f06f35
ef6728
f0682b
f46a31
ee6529
ec6825
ea6b2b
f97a45
de643c
a03b21
e9a597
f6dbd4
e5dfdb
e5dedb
e5e0dc
e2e2e0
e3e2e4
e4e0e4
e2e2e0
e1e3e0
e1e3e3
e4dfe1
f6ebe3
c9b7a4
72301b
c7533c
f37648
ef7131
f56e2e
e8702c
e76f2b
f2692b
f16b2a
ef6527
f2672a
ed6829
f17c40
de5534
aa462d
dfbaad
eedddc
dfded9
dbe1dd
dadfdd
dedede
dedfde
dedfdd
e0e1de
dce4dc
e2e1e0
e8dbe3
ede3e1
caa699
a33e2e
dc573a
eb6d39
e9692c
eb6727
ef672c
ee652e
ef682c
e86221
e6591b
dd6829
e96d42
a12b1c
a8716b
eadddb
e3d8db
e1dcdb
dde0d9
e1dedc
e3dee1
dedee0
dedddf
e9dde0
d8bec3
82433b
b2533c
dc6842
e4612d
eb642c
eb632a
ef6328
ee5e22
ed5e26
e66426
f26837
bb2d15
b04940
f6c7be
ecd6ce
e2d9d5
dcdcdc
dcdcdc
dcdcdc
dbdbdb
dadada
d9d8d9
dfe0df
8f8881
6c3022
d76b4d
e26737
e6622a
ed5926
f05f2b
f06730
ed632c
e45d2f
f06d4c
c4432e
9c2a17
c06b52
c68768
b98864
b18462
b48766
af8668
b28d72
b38e77
ae8c76
ab8874
ab8673
b59b8b
9f8b7e
31180d
6c4a39
ddbb99
e3cc99
e0cb9a
e5c9a3
e5c8a1
e8c8a3
e8c6a2
ebc6a2
e8bd9b
e3b797
dab993
dabb96
dcbd9a
dcbd9d
dbbe9f
e0c3a6
dcc1a4
e0c4a8
e4c6aa
e4c9ad
e6ccb0
e7ccb2
e6cdb4
e6cdb5
e5cdb6
e5cdb4
e5cdb3
e5cdb3
e3ceb3
e2cdb2
e1cdb2
e1cdb2
e1cdb3
dfcdb5
dfcdb4
dfceb5
dfceb5
ddcdb1
dfcdb0
deceaf
e0c9b0
efd7c9
71645c
1a1108
817163
ac927e
9d836a
a0876e
a2876e
baa799
baa799
baa799
baa799
baa799
baa799
baa799
b9a798
b9a898
b9a898
b9a898
b9a898
b9a898
b9a898
b9a898
bbaa9a
bbaa9a
bbaa9a
bbaa9a
bbaa9a
bbaa9a
bbaa9a
bbaa9a
bcab9b
bcab9b
bcab9c
bba99b
bba99c
bba99d
bba99d
bba99b
bbaa9a
bbaa9a
bbaa9a
bbaa9a
bbaa9a
bbaa9a
bba99b
bba99d
bba99d
bba99d
bba99d
bcaa9e
bcaa9e
bcaa9d
bcaa9d
bcaa9c
bcaa9c
bcaa9c
bcaa9c
bcaa9c
bdab9c
bdab9d
bcab9c
bcab9b
bcab9b
bcab9b
bcaa9c
bcaa9b
bcaa9b
bba99b
bba99c
bba99d
bcaa9d
bcaa9e
bdab9f
beaca0
beaca0
bdac9f
bdad9e
bdad9e
bdad9e
bdad9e
bdad9e
bdad9e
bdad9e
bcac9d
bcac9d
bcac9d
bcac9d
bcac9d
bcac9d
bcac9d
bcac9d
bcac9d
bcac9d
bcac9d
bcac9d
bcac9d
bcac9d
bcac9d
b9ac9c
b9ac9c
b9ac9c
b9ac9c
b9ac9c
b9ac9c
b9ac9c
b9ac9c
b9ac9c
b9ac9c
b9ac9c
b9ac9c
b9ac9c
b9ac9c
b9ac9c
b9ac9c
b9ac9c
b9ac9c
b9ac9c
b9ac9c
b9ac9c
b9ac9c
b9ac9c
b9ac9c
b9ac9c
b9ac9c
b9ac9c
b9ac9c
b9ac9c
b9ac9c
baab9b
bbab9b
bbab9b
bbab9b
bbab9b
bbab9b
bbab9b
bbab9b
bbab9b
bbab9b
bbab9b
bbab9b
baaa9b
bcac9f
bcaca0
bda99e
bda89e
b8aca1
c7b3a9
a77268
7b1c0d
d25832
f06f36
ea6424
ef672a
f2672e
f0682a
f06c28
eb6b2a
f1733c
e66a41
a2351d
dc9486
f5d9cf
e4dcd8
e3ddda
e4dedb
e1e2de
e2e2e3
e4e0e3
e2e3df
e0e3e0
e0e1e5
e4e1e4
f3eae2
d3c3b1
773824
c05037
f37a4b
ed7131
f46f2e
e76e2b
e86e2b
f26629
f16a29
f06628
f1682a
e86525
ee773d
e4593a
a53d27
d9b1a6
efdedc
deddd8
dbe2de
dbe0de
deddde
dddedd
dddfdb
dfe0de
dde4dd
e4e1e1
e5d8df
ebe1df
ceae9e
a34431
d75436
ec6c39
ea672b
ec6526
ee6329
f0642e
ee672c
e96122
e6581f
dd682d
e86c42
a02b1a
a77269
e9dfdb
e2d9da
e0dddb
dedfda
e1dede
e3dee0
dedede
dddcdc
ebdfe0
d4bbbd
803f37
ba563f
e06944
e86330
ec612a
e95f29
ec6027
ee5d23
ef612b
e56428
eb6333
b82a14
b44d46
f8c9c3
e8d3cc
e1d9d4
dcdcdc
dcdcdc
dcdcdc
dadbdb
dadada
d9d8d9
e0e0e0
837571
712f23
d9684c
e46836
e46129
ee5a27
f5622e
ef652f
ed642d
e35b2d
f06d4d
c3422d
992614
c16c54
c48869
b78866
b18563
b18665
af8869
b18d71
b18d74
aa8970
ae8d76
af8b77
ac8e7c
b49a8e
4a2e26
44261b
d0b29c
e7cbab
e6cdae
e7cab2
e7c9af
e7c8ae
e9c6ad
ecc8b1
eec7b0
eec8b0
eac9aa
e8caaa
e9caab
eacbad
e7caad
e5caad
e9cdb1
e9ceb2
e8cfb1
e7ceb1
e6ccb1
e7cdb3
e6cdb4
e5cdb4
e5cdb5
e5cdb3
e5cdb2
e5cdb3
e3ceb3
e2cdb2
e1cdb2
e1cdb2
e1cdb3
e0cfb5
dfcfb5
decdb4
decdb2
dccbb0
dfcdb1
ddcbb0
e5cdb5
e1cab7
63574b
20170d
847263
aa8f7b
9b7f68
a38971
a38770
b9a898
b9a898
b9a898
b9a898
b9a898
b9a898
b9a898
b9a898
b9a898
b9a898
b9a898
b9a898
b9a898
b9a898
b9a898
bbaa9a
bbaa9a
bbaa9a
baa999
baa999
baa999
baa999
baa999
bba99b
bba99b
bba99b
bba99c
bba99d
bba99e
bba99e
baa89c
baa89a
baa89a
baa89a
baa89a
baa89a
bba89a
bba99b
bba99b
bba99b
bba99b
bba99b
bcaa9c
bcaa9c
bba99b
bba99b
bcaa9c
bcaa9c
bcaa9c
bcaa9c
bcaa9c
bcaa9c
bcaa9c
bba99c
bba99b
bcaa9c
bcaa9c
bcab9a
bcab9a
bcab9b
bcab9b
bba99b
bba99b
bba99b
bcaa9c
bdab9d
bdab9d
bdab9d
bcab9e
bcac9d
bcac9d
bcac9d
bdad9e
bdad9e
bdad9e
bdad9e
bcac9d
bcac9d
bcac9d
bcac9d
bcac9d
bcac9d
bcac9d
bcac9d
bcac9d
bcac9d
bcac9d
bcac9d
bcac9d
bcac9d
bcac9d
b9ac9c
b9ac9c
b9ac9c
b9ac9c
b9ac9c
b9ac9c
b9ac9c
b9ac9c
b9ac9c
b9ac9c
b9ac9c
b9ac9c
b9ac9c
b9ac9c
b9ac9c
b9ac9c
b9ac9c
b9ac9c
b9ac9c
b9ac9c
b9ac9c
b9ac9c
b9ac9c
b9ac9c
b9ac9c
b9ac9c
b9ac9c
b9ac9c
b9ac9c
b9ac9c
baab9b
bbab9b
bbab9b
bbab9b
bbab9b
bbab9b
bbab9b
bbab9b
bbab9b
bbab9c
baaa9b
b9a99b
baaa9d
bdada1
bdaca2
bca99e
bca99e
b9aca2
c7b3aa
a67168
7b1c0c
d25932
f06f36
ea6525
f1692a
ef652a
f1692b
f36d2a
e96927
f1743c
ec6e44
aa351c
d68977
f8d9d1
e4ddd8
e2deda
e4dedb
e1e1df
e2e2e1
e3e2e0
e1e3de
dee4de
e1e3e6
e2dfe2
ede5df
d9c9ba
71351f
b94d32
f27c4b
ed7331
f26d2c
e76d2a
eb712e
f66d2f
f06828
ef6528
f2692b
e66425
f17a41
e35637
a43721
d6aca1
eedddb
deddd8
d9e1dc
dadfdd
dddddd
dddddd
dcddda
dcdfdc
dce2db
e4dfe0
e8d9e2
eadfdd
ccb09e
963b26
d15131
e76633
ed6a2e
ec6425
ea5f26
f0632e
ef662b
eb6223
e75823
df6830
e66b42
a02d1a
a57468
e8dfd9
e0dcda
dddeda
dedfdb
e2dede
e3dfe0
e0e0de
e0e0dd
eae0de
c4acab
823e35
ca634c
df673f
e75f2c
ed622b
ed622b
ec612a
f06028
ea5d27
e56529
ec6435
b92c17
b54f49
f6cac5
e5d3cc
dfd7d3
dbdbdb
dcdcdc
dcdcdc
dbdbdb
dbdbdb
d8d8d8
e1e0e0
836c6c
772d24
db674c
e46838
e46129
ec5a27
ef5c29
ef6530
e96029
df592a
ef6a4b
bd3b26
a32f1d
c77059
c48a6a
b58b67
ab8462
b08a69
af8a6b
b08d71
ae8b6f
ad8b71
b29077
ae8e77
ab8976
bd9b92
563933
361d16
cfb6a8
eaccbb
e8cbb4
e6cdb2
e5cbaf
e3c9ad
e6c8ad
eacbb1
edcdb2
edccb3
ebccb3
e9cbb1
e9cbb0
e9cbb1
e7ccb2
e7ccb2
e7cbb2
e6cdb2
e5d0b1
e5cfb1
e5ceb2
e6ceb3
e6ceb4
e6ceb5
e5cdb5
e5cdb4
e5cdb3
e5cdb3
e2cdb2
e2cdb2
e1cdb2
e1cdb2
e1cdb2
decdb0
decdb2
ddccb2
ddccb0
dccbb1
dccbb1
dccbb2
e0c9af
e0c8b3
645648
21160b
8b7868
aa8f79
a2856d
a1856e
a2866f
b8a997
b8a997
b8a997
b8a997
b8a997
b8a996
b8a997
b8a897
b9a898
b9a898
b9a898
b9a898
b9a898
b9a898
b9a898
bbaa9a
bbaa9a
bbaa9a
baa999
baa999
baa999
baa999
baa89a
bba99c
bba99b
bba99c
bba99e
bba99f
bba99f
bba9a0
baa89e
baa89c
baa89b
baa89b
baa89b
baa89b
baa99c
bba99c
bba99a
bbaa9a
bbaa9a
bbaa9a
bcab9b
bcab9b
bbaa9a
bbaa9b
bcaa9c
bcaa9c
bcaa9c
bcaa9c
bcaa9c
bcaa9c
bcaa9c
bba99e
bba99d
bcaa9d
bcaa9c
bcab9b
bcab9b
bcab9a
bcab9b
bbaa9b
baa999
bbaa9a
bcab9b
bcaa9b
bcaa9b
bcaa9b
bcab9c
bcac9d
bcac9d
bdad9e
bdad9e
bdad9e
bdad9e
bdad9e
bcac9d
bcac9d
bcac9d
bcac9d
bcac9d
bcac9d
bcac9d
bcac9d
bcac9d
bcac9d
bcac9d
bcac9d
bcac9d
bcac9d
bcac9d
b9ac9c
b9ac9c
b9ac9c
b9ac9c
b9ac9c
b9ac9c
b9ac9c
b9ac9c
b9ac9c
b9ac9c
b9ac9c
b9ac9c
b9ac9c
b9ac9c
b9ac9c
b9ac9c
b9ac9c
b9ac9c
b9ac9c
b9ac9c
b9ac9c
b9ac9c
b9ac9c
b9ac9c
b9ac9c
b9ac9c
b9ac9c
b9ac9c
b9ac9c
b9ac9c
baab9b
bbab9b
bbab9b
bbab9b
bbab9b
bbab9b
bbab9b
bbab9b
baaa9c
baaa9c
b9a99c
b9a99c
baa99e
bbaaa0
bbaaa2
bca9a0
bda89c
b8aca1
c7b3a9
a46f66
7b1c0d
d45b33
f07036
ec6725
ee6827
f06528
f1692a
f46e29
ea6a27
ef733a
ee6e43
b2361c
d17e6d
f8d6cd
e4dcd5
e2dfda
e4dfdb
e1e1e0
e2e1e2
e2e3df
e0e4dd
dee5df
e0e2e5
e1dfe2
ebe3de
dacabc
703620
b74e32
f07c4a
ec7431
f36e2d
e86e2b
ec722f
f86c2e
ef6525
f2662a
ef692a
e46323
ed753b
e15032
9b2b15
d8ada3
efdedc
dddcd7
d9e0dc
dadfdd
dddddd
dddddd
dcdedb
dbe1dc
dae2db
e4dede
e7d7e0
ece1e0
caad9c
913b25
ce4f2f
e96635
e76226
ed6526
ed6128
ed602b
f0652a
eb5f21
e95926
dd6530
e86c42
a02e17
a37464
e6e1d7
dddcda
dcdeda
dedfda
e0dedd
e2ddde
e0dfdd
dfdfda
eae1da
b69f9b
874136
d66c55
dc6238
e75e2b
eb5f29
ec612c
ea5f29
ee602a
ec602a
e4652a
ea6336
b22712
b44f4a
f5cbc6
e3d2cb
dfd7d5
dbdbdc
dcdcdc
dcdcdc
dbdbdb
dad9d9
d6d6d6
e3e1e1
836567
85332c
df674d
e46737
e4612a
eb5825
f05b29
ef672f
e56027
e76132
ea6143
bb3523
ad3726
c9725c
c08868
b28a67
af8a69
af8b6b
ae8b6c
b39072
b08d70
af8c71
b08e75
ab8c71
ad8876
c49c93
593b33
2a170c
cab5a8
f9d9ce
e7cab5
e4cdb1
e6cdb1
e3cbb0
e3caaf
e4cab0
e5cbb1
e8ccb3
eacbb5
e8c9b3
e6cab3
e8ccb6
e8cdb6
e7cdb5
e7cdb4
e4cfb3
e2d0b1
e3d0b1
e3cfb2
e4cfb3
e5cfb4
e6ceb5
e6cdb5
e6cdb4
e5cdb3
e5cdb3
e2cdb2
e2cdb2
e1cdb2
e1cdb2
e0cdb0
decdaf
decdb0
ddccaf
dccbb1
dccbb2
dac9af
d9c7af
e4ccb2
e9d2b8
625444
24170b
8d7a69
aa8f78
a3856d
a0846f
a28670
b8a996
b8a996
b8a996
b8a996
b8a996
b8a997
b8a996
b8a897
b9a898
b9a898
b9a898
b9a898
b9a898
b9a898
b9a898
bbaa99
bbaa99
bbaa99
baa999
baa999
baa998
baa999
baa99a
bbaa9c
bbaa9c
bbaa9d
bba99d
bba99e
bba99f
bba9a0
baa89d
baa89c
baa89c
baa89c
baa89c
baa89c
baa99c
bba99c
bba99a
baaa9a
bbaa9a
bbaa9a
bcab9b
bcab9b
bbaa9a
bbaa9b
bcab9b
bcaa9c
bcaa9c
bcaa9c
bcaa9c
bcaa9d
bcaa9d
bbaa9d
bbaa9e
bcaa9e
bcaa9c
bbaa9a
bbab99
bbab98
bbab99
bba99b
baa999
bbaa9a
bbaa9a
baaa9a
baaa9a
baaa9a
bcab9c
bcac9d
bcac9d
bcac9d
bbab9c
bbab9c
bbab9c
bbab9c
bcac9c
bcac9c
bcac9c
bcac9c
bcac9d
bcac9d
bcac9d
bcac9e
bcac9e
bcac9e
bcac9d
bcac9d
bcac9d
bcac9c
bcac9d
b9ab9d
baac9c
baac9c
baac9c
baac9c
baac9c
baac9c
baac9c
baac9c
baac9c
baac9c
baac9c
baac9c
baac9c
baac9c
baac9c
baac9c
baac9c
baac9c
baac9c
baac9c
baac9c
baac9c
baac9c
baac9c
baac9c
baac9c
baac9c
baac9c
baac9b
baac9a
bbab9a
bbab9a
bbab9a
bbab9a
bbab9b
bbab9b
bbab9b
baaa9c
b9a99b
b9a99c
b9a99c
baa99e
b8a79e
baa9a1
bda8a1
bea69c
b9aca2
c7b3a9
a16d64
7a1c0c
d45b35
f26f37
ec6624
ee6727
ef672a
ee6729
f16a28
ee6b2a
ec6e36
f6784d
b4341b
bd6757
f5d2c9
e5d9d5
e4dedb
e4dfdb
e1e1df
e1e2e2
e0e2e1
dee4df
dfe3e1
e0e1e4
e3dfe1
ebe2dd
dacbbe
6d3422
bc4e33
f47b49
ed7431
f36d2e
eb6c2d
ef7230
f4682a
ef6728
f0672a
f16b2d
e66223
ec6f38
dc5232
a2321e
d8aaa1
eddfdb
dcdad5
d9e0dc
dcdfde
dddddd
ddddde
dcdddd
dce1df
dde0dd
e4dcdd
e3d8dc
e9e1df
c8ab9c
933f2a
d15536
e76433
e76227
ee6527
eb5f25
ed5f2b
ed612a
ea5f23
e75827
e06631
e76c41
9f2f18
a67263
e5e0d6
dbdcd9
dddddb
dedfdc
e2dcdc
e0dcdb
dcdddb
dddfdb
ebe0d8
b49790
863c2f
d76c54
dc6138
e85f2c
ed612a
e95e28
ec602b
ef622c
e85e29
e7652c
e96234
b72815
c16159
f9d2cd
e3d1cb
ded8d4
dcdada
dedbdb
dedbdb
dbdada
d9d8d8
d9d5d7
e8e0e3
826063
83312a
dc654a
e56435
e35f28
ec5d2a
f1612d
eb602a
e9622d
e66032
e65e3c
b9311e
b0382a
c46d59
bd8a6a
b28e6d
b08e6e
ae8c6d
ad8b6e
b08e72
ae8d71
ad8c72
ac8d73
ac8e76
ae8976
b68f84
96786b
342112
584436
e2c4b6
f5d8c6
f0d8c4
e8cdba
e6cdb8
e6cbb6
e4c9b4
e4c9b2
e6cbb4
e9cbb7
e7cab6
e6cab6
e8ccb8
e8cdb7
e7cdb7
e7cdb7
e5cfb6
e1d1b3
e1d0b2
e2d0b4
e2cfb5
e3cfb6
e3ceb6
e3cdb5
e5cdb5
e5ceb4
e4cdb4
e2cdb2
e2cdb2
e3ceb3
e3cdb2
e1cdb0
dfccad
ddcbac
dbcaac
dac8ae
dcc9b1
dccab2
e5d3bc
f5dec5
aa907a
2c190a
382618
917a69
a78b75
a3856d
a18670
a28671
b9a898
b9a898
b9a898
b9a898
b9a898
b9a898
b9a898
b9a897
b9a896
b9a896
b9a896
b9a896
b9a896
b9a896
b9a896
baa997
baa997
baa997
baa997
baa997
baa997
baa997
baaa98
bbab9c
bbab9c
bbab9c
baaa9a
b9a99b
baaa9c
baab9c
baa99a
baa89a
baa89a
baa89a
baa89a
baa89a
baa89a
baa89a
b9a99a
b8a99a
b9a99a
b9aa9b
bbab9c
bbab9c
bbab9c
bbab9b
bbac98
bbab9a
bbab9b
bbab9b
bbab9c
bbab9d
bbab9e
bbab9c
bbab9c
bbab9b
bbab9b
b9aa97
b9aa97
b9aa96
b9aa97
b9a99a
b9a99a
b9a99a
b9a99a
b9a99a
b9a99a
b9a99a
baaa9b
bbab9c
bbab9c
bbab9c
bbab9c
bbab9c
bbab9c
bbab9c
bbac98
bbac97
bbac99
bbab99
bbab9b
bbab9c
bbab9d
bbab9e
bbaa9f
bbab9f
bbab9d
bbab9b
bbab9b
bbab9a
bbac9a
baab9b
bbab9c
bbab9c
bbab9c
bbab9c
bbab9c
bbab9c
bbab9c
bbab9c
bbab9c
bbab9c
bbab9c
bbab9c
bbab9c
bbab9c
bbab9b
bbab9b
bbab9b
bbab9b
bbab9b
bbab9b
bbab9b
bbab9b
bbab9c
bbab9c
bbab9b
bbab9b
bbab9a
bbab9a
bbac99
baab96
b9aa95
b9aa98
b9aa97
b9aa97
b9a99a
b9a99a
b9a99a
b9a998
b9a999
b9a999
b9a999
b8a89c
b7a69b
baa9a0
bca69f
bfa59f
b5a79f
c2afa6
a16f66
7b1d0c
d45933
f16934
eb6524
f06b2b
ee6a30
f16930
f3672b
ef652b
ef703b
f4794e
af2f14
b25848
fad2cc
e4d7d5
e5dddb
e6dfdd
e2e0dc
e0e0e1
dee0e5
dde1e4
dfe2e6
e1e0e1
e4dddb
eee2dd
dac9c2
6c3225
c34b34
f77240
e76d27
f26b2d
f26831
f06c30
f06729
f16b2e
ef692f
ed6429
ed6226
f16b36
d25a33
9c351d
deaba2
ecdcd6
dddad3
dadfdb
dcdddf
dedcdf
dedcdf
dcdedd
dbdee0
e3dadc
e4dadb
dddadb
e6e1dc
d1aca0
96402e
c95032
e96536
ed682e
ef6527
ec6024
ed5f2b
ea5e27
ea6228
e75c29
e46431
ea7145
9f341b
a76b60
e4ddd4
d9dbd8
e0dbdd
dcdedd
e2dbd9
dfdbd7
d9dedd
d8dfdb
eae0d8
ad887f
89392b
dd7056
df643a
ec6530
eb632b
e9622b
ed622b
ef6129
e95f2d
ec6430
ea6433
bf2c1a
ca7262
f5d4ce
e5cfc8
dcd7d2
dcd9d5
e0d8d5
e1d8d7
dcd9d7
d9d9d7
dfd7da
f0dae2
7c5055
82342a
d86345
e86033
e85f2a
e9632c
eb622e
ed5e2e
ec5e31
eb6436
de5a34
b32e18
b94437
c77563
b78c6e
ad8f70
af9074
ae8f73
ae8f74
b19178
b0927a
ae9078
ad8e79
ad8c7b
ac8c7b
ac8e7c
b99d8a
9d8573
3f2916
3f2817
83695e
ceb1a6
f0d4c8
fcdfd0
f8dbc9
f0d4bf
e9cdb6
e5cab2
e2c8b1
e2c9b2
e3c9b3
e5cbb5
e4cab4
e4cbb4
e5cbb4
e4ccb3
e2cfb3
e1d0b2
e2cfb3
e3d0b3
e2d0b3
e1ceb1
e0cdaf
e1ceb3
e1ceb5
e0cdb4
e0cab3
e0cab1
e2cbb3
e4cbb4
e4ccb3
e7d0b5
e9d5ba
eedac0
efdbc4
e5cfbd
d5c1ae
b39f90
654d40
3b1e10
412618
684d3b
9a7f6b
a68c76
a0856d
a1886e
a28670
b9a898
b9a898
b9a898
b9a898
b9a898
b9a898
b9a898
b9a897
b9a896
b9a896
b9a896
b9a896
b9a896
b9a897
b9a896
baa997
baa997
baa997
baa997
baa997
baa997
baa997
b9a998
b9a99a
b9a99a
b9a99a
b8a899
b9a99a
b9a99a
b9aa9a
b9a89a
b9a799
b9a799
b9a799
b9a799
b9a799
b9a799
b9a799
b8a899
b8a899
b8a899
b9a99a
baaa9b
baaa9b
baaa9b
baaa9a
baab98
baab99
baaa9a
baaa9a
baaa9b
baaa9c
baaa9d
baaa9b
baaa9b
baaa9a
baaa9a
b8a996
b8a997
b8a995
b8a996
b8a899
b8a899
b8a899
b8a899
b8a899
b8a899
b8a899
b9a99a
b9a99a
b9a99a
b9a99a
b9a99a
b9a99a
b9a99a
b9a99a
baaa98
baab97
baab98
baaa99
baaa9a
baaa9b
baaa9b
baaa9b
baaa9b
baaa9c
baaa9b
baaa9a
baaa9a
baab99
baab98
baaa9a
baaa9b
baaa9b
baaa9b
baaa9b
baaa9b
baaa9b
baaa9b
baaa9b
baaa9b
baaa9b
baaa9b
baaa9b
baaa9b
baaa9b
baaa9a
baaa9a
baaa9a
baaa9a
baaa9a
baaa9a
baaa9a
baaa9a
baaa9b
baaa9b
baaa9a
baaa9a
baab98
baab98
baab97
b9aa95
b8a995
b8a996
b8a996
b8a997
b8a898
b8a899
b8a899
b8a897
b8a897
b8a899
b7a798
b7a79a
b8a89b
b9a99d
b8a499
bba399
b7a89e
bfa9a0
9e6860
811f0f
d75b35
ed6832
ef6929
ec6728
e9652b
f0672e
f26529
f1662b
eb6c35
f47b4e
ad2f13
a85140
f9d3cd
e4d7d7
e4dddc
e7dfdd
e2e0de
dfe0e0
dde0e2
dbe0e2
dee1e4
e2e1e2
e3dcdb
ece1de
d9c8c2
683024
bf4934
f36d3c
e36823
ee6428
f16530
eb682d
eb6325
eb6528
e9632a
f0662c
ed6026
f26b36
d15a33
973019
deaaa2
ecdcd6
dddad2
dadfdb
dcdddf
dedcdf
dedcdf
dcdedd
dadedf
e2dadc
e3dadc
dbdbdc
e5e2dd
d1aea2
984333
d1583b
eb673a
e9642b
ef6627
ea5f22
ec5f2a
ec612a
ea6128
e55b26
e46430
eb7348
a33922
a46a60
e2ddd5
d8dad6
dfdadb
dadcdb
dfd9d7
ddd9d6
d7dcdb
d6dcd9
eaddd6
9f786e
8e3c2d
e1735a
e06539
ea642e
eb632b
ea642d
ed632d
ee632c
eb602e
ed6431
e96434
bd2c1a
ca7363
f6d5ce
e5d2c9
dcd8d3
dcdad5
e0d8d5
e2d8d7
dcd9d6
d8d6d3
e1d7d9
ead1d7
7c4245
973c30
de6143
ea5e30
e75d28
e55f28
e85e29
f0602e
eb5b2d
e75c31
d7502f
a5270e
b9543f
be7b66
b19075
a98e76
a88b76
aa8e79
aa8e78
ac8e7a
aa8d7a
aa8d79
a98c7a
ab8c7b
aa8c7a
ac8e7c
aa8e7b
af9883
a8937d
87715e
4d3427
3d2113
55392c
856b5c
b49d8d
d7c1af
ecd6c4
edd8c5
f1dbc0
f4ddc1
f3dbc1
efd8bb
ecd4b9
ead2b7
e9d2b6
ead1b5
ead0b3
e9d0b3
e8cfb2
e8cfb1
e7ceb0
e4caad
e4cbae
e3ceb3
e5d1b7
e8d4bb
ecd7bf
f1dbc6
f2d8c7
f0d5c7
e6cdbe
ccb7a4
b29d8d
998374
806a5b
574036
432a23
472b26
5f4339
8b705e
9e8371
a58a76
9e846f
a18670
a28870
a1866e
a28670
b9a898
b9a898
b9a898
b9a898
b9a898
b9a898
b9a898
b9a897
b9a896
b9a896
b9a896
b9a896
b9a896
b9a896
b9a896
b9a896
baa997
b9a896
b9a896
b9a896
b9a896
b9a896
b9a897
b8a899
b8a899
b8a899
b9a99a
b8a899
b8a899
b9aa9b
b9a899
b9a799
b9a799
b9a799
b9a799
b9a799
b9a799
b9a799
b8a899
b8a899
b8a899
b8a899
b9a99a
b9a99a
b9a99a
b8a899
b8a996
b9aa98
b9a99a
b9a999
b9a99a
b9a99b
baaa9d
b8a899
b9a99a
baaa9a
b8a898
b8a996
b8a996
b8a995
b8a996
b8a89a
b8a899
b8a899
b8a899
b8a899
b8a899
b8a899
b8a899
b8a899
b8a899
b8a899
b8a899
b8a899
b8a899
b8a899
b9a999
b9aa98
b9a998
b9a999
b9a999
b9a999
b9a999
b9a999
b9a999
b9a999
b9a998
b9a999
b9a999
b9a999
b9a999
b9a99a
b9a99a
b9a99a
b9a99a
b9a99a
b9a99a
b9a99a
b9a99a
b9a99a
b9a99a
b9a99a
b9a99a
b9a99a
b9a99a
b9a99a
b9a999
b9a999
b9a999
b9a999
b9a999
b9a999
b9a999
b9a999
b9a99a
b9a99a
b9a999
b9a999
b9aa97
b9aa97
b9aa95
b8a996
b8a998
b8a997
b9a998
b8a898
b8a898
b8a897
b7a797
b7a797
b7a798
b7a798
b7a798
b7a797
b7a898
b8a899
b8a596
bba599
baaa9c
bfa59b
9e6159
8b2716
db5e3a
ed6b34
f26b2c
ec6428
ec652d
ed632a
f46528
ef6327
ed6c34
f57b4d
aa2e14
a75244
f9d7d2
e5d9d9
e4dcdd
e5dedc
e2dfdd
dfdfde
dcdfdf
dadfdf
dde0e2
e1e0e2
e1dbdc
ecdfde
d7c7c1
632f24
be4935
f26d3d
e36522
f06229
f26431
ec662e
ea6225
e96124
e76127
ee642b
e95d23
ee6833
d05a32
9a331c
deaaa2
edddd7
dfdbd5
d9dfdb
dcdddf
dedcdf
dedcdf
dcdedd
dbdddf
e2d9dd
e1d8dc
dbdbdd
e4e3e0
ceada3
924032
d15a3f
eb673a
e8632c
ed6325
ee6128
eb5d28
eb5f2b
eb602a
e75d26
e1652f
e97549
a33d26
9f6a5f
e0dcd5
d6d9d3
ded9d8
dadbdb
ded8d6
ddd8d5
d8dbda
d8dbd9
ecdcd7
9f746b
943f30
e07356
e1673a
e9652d
eb642c
e9642d
ea652e
ec642d
ec6131
eb6530
ea6835
ba2d19
c87563
f6d8cf
e7d3ca
ddd8d3
dbdad5
dfd9d4
e1d7d5
dcd8d4
d9d5d1
e0d3d3
e5c9cc
853e3e
ae4437
e46042
e95a2b
e35824
e55e2b
ec602a
f05e29
ec5b2a
eb5a36
d1462d
a22e13
bb6849
b8876a
a89077
a68f7f
ac9083
a98e80
ac9181
ac9181
aa8f80
a98e7e
a88d7d
a98d7b
aa8f7b
aa8e7c
aa8f7c
a8907c
a7927d
af9984
b59c88
9f8373
856b59
4e3828
362316
372516
524233
6d5e4f
806b5a
8e7863
a38c78
bba591
c5af9a
d3bda8
d3bda9
d6c0ac
dac5b0
dec9b4
e1ccb6
e3ceb9
e6d0bc
e8d3be
dcc7b2
d2bda5
c9b59e
bba792
ad9686
947d6f
795f54
62453d
4a3026
3b2714
3e2a18
4d3827
5d4635
7d6355
93786b
9f8275
ad9182
a68b78
a18673
a18672
9e836e
9f846f
a1866f
a0856f
a28670
b9a898
b9a898
b9a898
b9a898
b9a898
b9a898
b9a898
b9a897
b9a896
b9a896
b9a896
b9a896
b9a895
b9a896
b9a896
b9a896
b9a896
b9a896
b9a896
b9a896
b9a896
b9a896
b9a897
b8a899
b8a899
b8a899
b9a99a
b8a899
b9a99a
baaa9b
baa899
baa89a
baa89a
baa89a
baa89a
baa89a
baa89a
baa89a
b9a99a
b9a99a
b9a99a
baaa9b
baaa9b
baaa9b
baaa9b
b9aa9a
b9aa97
baab99
bbab9b
bbab9b
baaa9b
baaa9c
b9a99c
b8a899
b9a99a
bbab9b
b8a898
b8a995
b8a995
b8a994
b8a896
b8a89a
b8a899
b8a899
b8a899
b8a899
b8a899
b8a899
b8a899
b9a99a
b9a99a
b9a99a
b9a99a
b9a99a
b9a99a
b9a99a
b9a99a
b9a999
b9a99a
b9a998
b9a997
b9aa97
b9aa97
b9aa96
b9aa96
b9aa96
b9aa97
b9aa97
b9a998
b9a999
b9a999
b9a99a
b9a99a
b9a99a
b9a99a
b9a99a
b9a99a
b9a99a
b9a99a
b9a99a
b9a99a
b9a99a
b9a99a
b9a99a
b9a99a
b9a99a
b9a999
b9a999
b9a999
b9a999
b9a999
b9a999
b9a999
b9a999
b9a99a
b9a99a
b9a999
b9a999
b9aa97
b9aa97
b9aa96
b8a996
b8a899
b8a899
b8a898
b8a898
b8a997
b7a895
b6a794
b7a797
b6a697
b6a696
b6a696
b9a998
b8a896
b8a997
b9a896
bba897
b9a99a
c0a196
935048
8e2416
dd5d3a
f07039
ee6729
ed632a
ed6630
ec622a
f26125
f16327
ee6d34
f67b4c
ab3118
a85646
fad8d2
e5dcdd
e4dddf
e4dcdd
e1ddde
dededd
dbdedc
d9ddde
dcdfe1
dedee0
e0dada
ecdfdf
d4c4c1
5d2c21
b84834
f16b3c
e46423
f1622a
f36331
ec662e
e96225
e76124
e66127
ea6126
e85d21
f06a35
cf5932
99331d
dca8a0
edddd7
dfdcd5
d9dfdb
dcdddf
dedcdf
dedcdf
dcdddd
dbdcdd
e2d9dc
e0d7db
d9dbde
e4e5e3
ccada5
8e3f33
cb563d
ec673c
e9642f
ec6226
ef632a
e95b29
e95c29
e95f29
e75d26
e2662f
e9784c
a03f28
9b6860
dedcd6
d7d8d3
ded9d5
d8dada
dfd8d6
ddd8d5
d9dada
dbdbda
ead7d3
a1726b
95412f
da6d4f
e3693c
e8652d
e8652b
e6642e
e7652f
ea642e
ea5f31
e9642d
e76934
b52e18
c67763
f3d6ce
e7d3c9
ddd8d4
dadad5
dfd7d4
dfd5d3
ddd6d2
ddd7d2
e3d4d3
debebf
863833
af412f
e4603d
e75b2b
de5622
e55e29
f1602d
ef5b24
ef5f28
f25b3d
ce3f2e
a93a1e
bc734e
b08867
a38b78
a78d82
aa8f84
a98e82
ac9285
ab9184
aa9081
a98f80
a98f7f
a8907d
a8917c
a8917c
a8917c
a7917c
a7917c
a5907a
a88f7b
ad9380
b39986
b6a18e
ad9988
937f70
746254
625042
574237
4b3629
463224
3f2a1f
392419
382315
3b2719
3d2a1c
3e2c1e
402f20
453326
49372a
4a3829
4d3c2d
433325
43301e
432e19
473220
483124
4d3628
62483c
7b5e54
886f61
927e65
9d886f
a58f77
a48d74
9e836c
a28771
a48671
a08570
a08571
a18672
a48974
a28772
a18671
a28670
a18670
a1856f
b9a898
b9a898
b9a898
b9a898
b9a898
b9a898
b9a798
b9a797
b9a897
b9a897
b9a897
b9a897
b9a896
b9a897
b9a896
b9a896
b9a896
b9a896
b9a896
b9a896
b9a896
b9a896
b8a897
b7a798
b7a798
b7a798
b7a798
b7a798
baaa9b
b8a999
b8a597
b9a799
b9a698
b9a698
b8a698
b9a799
b9a799
b9a799
b8a899
b8a899
b8a899
b8a899
b8a899
b8a899
b8a899
b8a899
b8a896
b8a898
b9a999
b8a899
b7a798
b8a89a
b7a79a
b8a899
b7a798
b8a899
b8a898
b6a795
b6a795
b6a794
b7a795
b7a798
b7a798
b7a798
b7a798
b7a798
b7a798
b7a798
b7a798
b8a899
b8a899
b8a899
b8a899
b8a899
b8a899
b8a899
b8a89a
b8a89a
b8a899
b8a898
b8a997
b8a996
b8a995
b8a993
b8a992
b8a993
b8a995
b8a995
b8a897
b8a898
b8a898
b8a899
b8a899
b8a899
b8a899
b8a899
b8a899
b8a899
b8a899
b8a899
b8a899
b8a899
b8a899
b8a899
b8a899
b8a899
b8a898
b8a898
b8a898
b8a898
b8a898
b8a898
b8a898
b8a898
b8a899
b8a899
b8a898
b8a898
b8a996
b8a996
b8a995
b7a897
b7a799
b7a798
b7a798
b7a896
b7a895
b6a793
b6a793
b6a697
b6a697
b6a697
b6a696
b7a795
b7a894
b7a792
b7a792
b6a691
bdad9d
b9998e
853d35
9b2c1f
e1603e
e2642c
ee682c
f2662d
ee6531
f36731
f36227
ef6225
ed6c31
f67b4c
ab3319
a35244
f6d5d0
e4ddde
e5dee2
e5dddf
e0dce0
dddcdc
daddd9
d9dcdc
dbdde0
e0dde1
e1dadd
ece0df
d3c3c1
5f3226
ba4b37
f26c3e
e66526
f05f2a
f46231
eb652e
e96125
e86225
e86228
eb6327
e95d22
f06a35
d05932
99341b
dda9a0
eddcd7
dddad3
dbe1dd
dcdee0
dedce0
dedcdf
dcdddd
dcdcdb
e3dada
e0d7da
dadbdf
e3e5e5
cfb2ac
95493e
ce5940
ec673d
e9642e
ec6227
ef622b
e95b2a
e95d2a
ea5f28
e75c24
e3672f
ea784e
983824
9c6c63
deddd6
d9dbd3
dfd9d6
d7d9d9
ddd8d5
dcd6d4
d9d9d9
dddada
e5d1cd
8e5e57
994232
db6e4f
e16739
e9642c
e7652a
e66530
e76531
e9652f
e85d2e
eb642f
e46632
b32f17
c37562
f2d6ce
e5d0c7
dbd4d1
d7d8d3
ded7d4
dfd5d3
ddd8d2
ded6cf
e7d6d3
d7b6b5
813328
b64b32
df603a
e7602f
e4612b
e55f2a
ee5927
f15b22
e85820
ee5439
c53426
a93c20
c5835a
b28d69
ac8d81
aa8e86
a88f83
ab9386
aa9385
a79081
a89180
a8917f
a8917e
a7917c
a7917c
a7917c
a7917c
a8917c
a8917c
a8917b
a8927c
a7907c
a58e7a
a7927c
aa937e
b09883
b69f8c
b59c8b
b19e8e
aa9989
ab9a88
a69583
a08e7d
9c8b7a
978674
968372
927b6b
887162
8b7465
87705f
836c5c
856d5e
877061
8f7867
9c8571
a6907b
a18b76
a9917d
ac937f
ac917f
a9907d
9e8b74
9c8670
9b846d
9d846e
9e836d
a58671
aa8a76
a68973
ab907a
a48a74
a78c77
a48974
a38874
a18573
a08571
a1856f
b9a897
b9a897
b9a898
b9a898
b9a799
b9a799
b9a79b
b9a79a
b9a898
b9a899
b9a899
b9a898
b9a899
b9a899
b9a898
b9a896
b9a896
b9a896
b9a896
b9a896
b9a896
b8a895
b7a796
b7a798
b7a798
b7a798
b7a798
b7a798
b8a99a
b7a798
b5a495
b5a395
b5a495
b5a495
b5a395
b5a495
b5a495
b5a495
b4a595
b4a594
b4a495
b4a495
b4a495
b4a495
b4a497
b3a395
b3a394
b4a496
b4a495
b5a596
b6a696
b6a698
b7a799
b8a899
b8a899
b9a999
b9a99a
b6a697
b6a696
b6a696
b5a696
b6a797
b6a797
b6a797
b6a797
b6a797
b6a797
b6a797
b6a797
b7a898
b7a898
b7a898
b7a898
b7a898
b7a898
b7a898
b7a899
b7a899
b7a899
b7a897
b7a899
b7a898
b7a997
b7a996
b8a995
b8a996
b8a996
b8a996
b8a996
b8a897
b8a897
b8a899
b8a899
b8a899
b8a899
b8a899
b8a899
b8a899
b8a899
b8a899
b8a899
b8a899
b8a899
b8a899
b8a899
b8a899
b8a999
b8a99a
b8a99a
b8a99a
b8a99a
b8a99a
b8a99a
b8a99a
b8a99a
b8a99a
b8a999
b9aa99
b9aa97
b8aa97
b8aa96
b8a997
b8a898
b8a898
b8a898
b8a897
b7a797
b6a795
b6a795
b5a695
b5a695
b5a595
b5a594
b4a391
b5a492
b8a694
b7a691
b8a993
b9ab9a
b59589
863f36
96281a
d75736
eb6a34
f46c34
ef672d
ed672e
ef642c
f26228
ee6127
ec6b31
f37a47
ab3618
a35343
f4d2ce
e3dcdf
e3dee3
e3ddde
dfdddd
dedcdc
dedcda
dcdddc
dcddde
dddde0
dedbdc
ece1e0
d3c3c1
613429
bb4b38
f16b3e
e66526
f16029
f36030
ea632c
eb6025
eb6026
e9612a
ea6329
e85e24
f06a36
d35934
9a321c
d9a79f
ebdbd8
dfd8d6
dbdedf
dbdee3
dcdde1
dedcdf
dfdbdc
dcdadb
dddbd7
e1dbd7
ded9dc
e1e1e3
cdb7af
95493d
d15a40
ec673c
ea642f
ec6128
f0622c
ed5c2c
ea5c28
ec5e26
e85d26
e36730
e57246
96341c
9f6c62
e3e2da
d9dad3
e1d8d6
d9dad9
d9dad5
ddd7d5
ddd6d9
dbdbda
ddd0c9
8c5b54
9d4132
df7152
dc6636
e36329
e8652b
ea622f
e96331
ea642f
ea5f2e
ec6731
e56634
b93118
c57665
efd2c8
e4d0c9
dcd6d0
dad8d3
ded6d3
dfd5d3
dcd8d2
dfd7d1
e9d5d4
cda8aa
82332d
c45944
e1663f
e55f2b
e6602a
e75d28
f05b29
ee5924
eb5c28
e44c2f
b72a17
ac4328
c3845e
af8a69
ad8b7c
a98d82
a99182
a89082
aa9383
a89182
a79281
a89381
a8937f
a8927d
a8927d
a8927d
aa917d
aa907d
ab907d
ab907d
a9907c
a9907d
aa927c
a99279
aa9179
aa917a
a78e78
a68d79
a48f7c
a4907e
a69280
a69381
ab9785
ac9886
aa9784
ac9784
ac947f
af9582
ae9581
ab907d
ae927f
ae907e
a78977
9f8370
9f8470
9c826e
9c826e
997e6a
9b806a
9c816b
9c816c
9e8671
9e8571
a38974
a38874
a38774
a38873
a38772
a38671
a58773
a38571
a38571
a38671
a28472
a28471
a28470
a3836f
